{"type":"FeatureCollection","features":[{"type":"Feature","geometry":{"type":"Polygon","coordinates":[[[-83.6664,34.5036],[-83.66642,34.5036],[-83.66667,34.5036],[-83.66677,34.5036],[-83.66983,34.50363],[-83.67047,34.50364],[-83.67146,34.50365],[-83.67234,34.50365],[-83.6726,34.50365],[-83.67275,34.50365],[-83.6757,34.50368],[-83.67578,34.50368],[-83.67585,34.50368],[-83.67632,34.50368],[-83.67675,34.50369],[-83.67681,34.50369],[-83.67688,34.50369],[-83.67696,34.50369],[-83.67703,34.50369],[-83.67705,34.50369],[-83.67763,34.5037],[-83.67795,34.5037],[-83.67864,34.50371],[-83.67897,34.50371],[-83.67899,34.5037],[-83.679,34.50371],[-83.67979,34.50372],[-83.68081,34.50373],[-83.68087,34.50373],[-83.68324,34.50375],[-83.684,34.50375],[-83.68496,34.50376],[-83.68561,34.50377],[-83.68619,34.50378],[-83.70101,34.50391],[-83.70134,34.50391],[-83.71673,34.50401],[-83.73125,34.50418],[-83.73233,34.50419],[-83.73247,34.50419],[-83.73261,34.50419],[-83.74052,34.50426],[-83.74082,34.50427],[-83.74691,34.50432],[-83.7533,34.5044],[-83.75362,34.50441],[-83.7537,34.50441],[-83.75526,34.50443],[-83.75677,34.50446],[-83.75682,34.50446],[-83.75781,34.50447],[-83.75837,34.50448],[-83.75855,34.50449],[-83.75856,34.50449],[-83.75928,34.5045],[-83.76086,34.50452],[-83.76106,34.50453],[-83.76183,34.50454],[-83.76323,34.50456],[-83.76365,34.50457],[-83.76638,34.50461],[-83.77011,34.50467],[-83.77019,34.50467],[-83.77564,34.50476],[-83.7767,34.50478],[-83.7777,34.5048],[-83.77767,34.50795],[-83.77766,34.50909],[-83.77765,34.51012],[-83.77761,34.5137],[-83.77796,34.51371],[-83.77806,34.51371],[-83.78066,34.51381],[-83.78079,34.51381],[-83.78081,34.51381],[-83.78388,34.51392],[-83.78401,34.51393],[-83.78684,34.51403],[-83.78691,34.51403],[-83.78844,34.51409],[-83.7886,34.5141],[-83.7886,34.51353],[-83.78861,34.51336],[-83.78861,34.51331],[-83.78861,34.51328],[-83.7886,34.51305],[-83.7886,34.51245],[-83.7886,34.51223],[-83.7886,34.51205],[-83.7886,34.51122],[-83.7886,34.51109],[-83.7886,34.51107],[-83.7886,34.51105],[-83.7886,34.51072],[-83.78861,34.50855],[-83.7886,34.50761],[-83.78857,34.50666],[-83.7886,34.50645],[-83.78862,34.50604],[-83.78861,34.50594],[-83.78861,34.50566],[-83.7886,34.50551],[-83.78858,34.50525],[-83.78853,34.50501],[-83.78849,34.50481],[-83.78848,34.50475],[-83.7902,34.50482],[-83.79052,34.50482],[-83.79064,34.50482],[-83.79088,34.50482],[-83.79094,34.50482],[-83.7913,34.50482],[-83.79137,34.50482],[-83.79467,34.50479],[-83.79537,34.5048],[-83.79585,34.5048],[-83.79612,34.50481],[-83.80065,34.50487],[-83.8008,34.50487],[-83.80098,34.50487],[-83.81335,34.50505],[-83.8141,34.50507],[-83.81685,34.50511],[-83.8169,34.50511],[-83.82143,34.50517],[-83.82328,34.5052],[-83.82406,34.50521],[-83.82422,34.50521],[-83.8271,34.50526],[-83.82715,34.50526],[-83.82721,34.50526],[-83.82747,34.50526],[-83.82751,34.50526],[-83.82855,34.50528],[-83.82976,34.50529],[-83.8298,34.5053],[-83.83092,34.50531],[-83.83138,34.50532],[-83.83195,34.50533],[-83.83242,34.50533],[-83.83275,34.50534],[-83.83376,34.50535],[-83.8367,34.5054],[-83.84096,34.50546],[-83.84175,34.50547],[-83.84212,34.50548],[-83.84341,34.50549],[-83.84341,34.50478],[-83.84342,34.50409],[-83.84342,34.50386],[-83.84343,34.50244],[-83.84343,34.5024],[-83.84345,34.50118],[-83.84345,34.50009],[-83.84331,34.49702],[-83.84774,34.49424],[-83.84944,34.49314],[-83.85516,34.48943],[-83.86099,34.48566],[-83.86186,34.4851],[-83.86271,34.48455],[-83.86272,34.48453],[-83.86719,34.48165],[-83.86721,34.48164],[-83.86722,34.48163],[-83.86739,34.48152],[-83.86779,34.48127],[-83.86914,34.4804],[-83.87094,34.47923],[-83.87107,34.47914],[-83.8711,34.47913],[-83.87121,34.47906],[-83.87364,34.47748],[-83.8739,34.47732],[-83.87469,34.47725],[-83.87491,34.47724],[-83.87768,34.47564],[-83.8779,34.47552],[-83.8789,34.47481],[-83.88038,34.47376],[-83.88051,34.47367],[-83.88575,34.47007],[-83.88655,34.46952],[-83.88671,34.46941],[-83.88676,34.46937],[-83.88752,34.46885],[-83.8876,34.46879],[-83.88763,34.45994],[-83.88921,34.45996],[-83.88933,34.45997],[-83.8989,34.45986],[-83.89933,34.45986],[-83.90595,34.45983],[-83.90995,34.4598],[-83.90998,34.46053],[-83.91005,34.46109],[-83.91007,34.46128],[-83.91007,34.46145],[-83.91005,34.46192],[-83.90989,34.46828],[-83.90989,34.46832],[-83.90986,34.46886],[-83.90984,34.46919],[-83.91027,34.46919],[-83.91032,34.46919],[-83.9198,34.46926],[-83.92266,34.46928],[-83.92277,34.46928],[-83.9236,34.46929],[-83.92943,34.46933],[-83.93189,34.46934],[-83.93189,34.46879],[-83.93189,34.46873],[-83.93189,34.46433],[-83.93189,34.46426],[-83.9319,34.46053],[-83.93153,34.46052],[-83.92967,34.46045],[-83.92882,34.46042],[-83.92486,34.46027],[-83.92286,34.4602],[-83.92066,34.46011],[-83.92068,34.45113],[-83.92909,34.45119],[-83.93131,34.45121],[-83.93509,34.449],[-83.9428,34.4449],[-83.94314,34.44471],[-83.94362,34.44446],[-83.94378,34.44437],[-83.94392,34.44429],[-83.94439,34.44402],[-83.94477,34.44381],[-83.94494,34.44371],[-83.94618,34.44301],[-83.95394,34.43862],[-83.95586,34.43759],[-83.95645,34.43729],[-83.95702,34.43791],[-83.95815,34.43749],[-83.95977,34.43683],[-83.96048,34.43654],[-83.96108,34.43629],[-83.96149,34.43612],[-83.96199,34.43601],[-83.96207,34.43601],[-83.96213,34.43602],[-83.96252,34.43607],[-83.96347,34.43617],[-83.96406,34.43587],[-83.96416,34.4358],[-83.96448,34.43555],[-83.9649,34.43521],[-83.96512,34.4351],[-83.96541,34.43477],[-83.96599,34.43411],[-83.96632,34.43388],[-83.96765,34.43351],[-83.96833,34.43333],[-83.96861,34.43331],[-83.96949,34.43325],[-83.96973,34.43324],[-83.97028,34.43298],[-83.97037,34.4329],[-83.97242,34.43274],[-83.97409,34.43273],[-83.9744,34.43271],[-83.97475,34.4327],[-83.97515,34.43272],[-83.97491,34.43258],[-83.97459,34.43219],[-83.9741,34.43163],[-83.97373,34.43109],[-83.97351,34.43042],[-83.97352,34.43034],[-83.97332,34.42979],[-83.9733,34.42974],[-83.97319,34.42943],[-83.973,34.42893],[-83.97298,34.42888],[-83.97297,34.42887],[-83.97296,34.42885],[-83.97294,34.42882],[-83.97255,34.4282],[-83.97194,34.42723],[-83.97143,34.42618],[-83.97137,34.42593],[-83.97119,34.4251],[-83.97091,34.4245],[-83.97077,34.4242],[-83.97068,34.42402],[-83.9707,34.42391],[-83.97089,34.42281],[-83.97121,34.42252],[-83.97176,34.42204],[-83.97316,34.42083],[-83.9738,34.42041],[-83.97401,34.42023],[-83.97436,34.41994],[-83.97544,34.41904],[-83.97556,34.41896],[-83.97593,34.41874],[-83.97613,34.41867],[-83.9769,34.41868],[-83.97743,34.41882],[-83.97795,34.41902],[-83.97852,34.41906],[-83.97911,34.41888],[-83.97925,34.41883],[-83.97955,34.41871],[-83.97959,34.4187],[-83.98015,34.41849],[-83.98065,34.41839],[-83.98108,34.4183],[-83.98152,34.41821],[-83.98202,34.41811],[-83.98237,34.41789],[-83.98241,34.41786],[-83.98251,34.41781],[-83.98317,34.41715],[-83.98328,34.41704],[-83.98336,34.41675],[-83.98367,34.41553],[-83.98392,34.41432],[-83.98399,34.41414],[-83.98429,34.41385],[-83.98471,34.41282],[-83.98482,34.4116],[-83.98462,34.41119],[-83.98437,34.41075],[-83.9836,34.41068],[-83.98193,34.41127],[-83.9818,34.41131],[-83.98079,34.41152],[-83.98026,34.41164],[-83.97925,34.41153],[-83.97864,34.41129],[-83.9784,34.41122],[-83.97783,34.41078],[-83.97777,34.41071],[-83.97719,34.41013],[-83.97704,34.40975],[-83.977,34.40963],[-83.97684,34.40953],[-83.97672,34.40946],[-83.97657,34.40937],[-83.97629,34.4092],[-83.97612,34.409],[-83.97565,34.40865],[-83.9756,34.40859],[-83.97548,34.40831],[-83.97535,34.40802],[-83.97527,34.40783],[-83.97522,34.40766],[-83.97517,34.40748],[-83.97512,34.40729],[-83.975,34.40682],[-83.97491,34.40673],[-83.97476,34.40655],[-83.9739,34.40634],[-83.97294,34.4061],[-83.9726,34.40604],[-83.972,34.4055],[-83.97184,34.40511],[-83.9717,34.4038],[-83.97155,34.40252],[-83.97155,34.40246],[-83.97152,34.40178],[-83.97207,34.40031],[-83.97231,34.39967],[-83.97277,34.399],[-83.97432,34.39871],[-83.97521,34.39855],[-83.97583,34.39825],[-83.97647,34.39795],[-83.97734,34.39657],[-83.97796,34.39504],[-83.97817,34.39453],[-83.97823,34.39275],[-83.97807,34.3919],[-83.9782,34.39136],[-83.97853,34.39076],[-83.97903,34.39045],[-83.98106,34.38917],[-83.9812,34.38902],[-83.98127,34.38895],[-83.98134,34.38888],[-83.98234,34.38786],[-83.98361,34.38612],[-83.98361,34.38609],[-83.98435,34.38365],[-83.98437,34.38363],[-83.98435,34.38326],[-83.98433,34.38296],[-83.98401,34.38258],[-83.98317,34.38197],[-83.98212,34.38146],[-83.97937,34.38067],[-83.97932,34.38065],[-83.97894,34.38047],[-83.97743,34.37978],[-83.97723,34.37948],[-83.97722,34.37924],[-83.97751,34.37899],[-83.97771,34.37883],[-83.97791,34.37867],[-83.97843,34.37824],[-83.97961,34.37713],[-83.9802,34.37587],[-83.98038,34.37509],[-83.98037,34.37411],[-83.97971,34.37363],[-83.97918,34.37298],[-83.97942,34.37164],[-83.98001,34.37062],[-83.98086,34.3696],[-83.98098,34.3692],[-83.98086,34.36874],[-83.98052,34.3686],[-83.9798,34.36832],[-83.97934,34.36814],[-83.9788,34.36752],[-83.97671,34.36512],[-83.97632,34.36466],[-83.97623,34.36446],[-83.97619,34.36438],[-83.97598,34.36391],[-83.97613,34.36306],[-83.97618,34.36284],[-83.97706,34.36189],[-83.97861,34.36116],[-83.98102,34.35979],[-83.98146,34.35954],[-83.98162,34.35876],[-83.98143,34.35783],[-83.98056,34.35737],[-83.9796,34.35715],[-83.97762,34.35715],[-83.97689,34.35702],[-83.97624,34.35658],[-83.97624,34.35603],[-83.97594,34.35491],[-83.97527,34.35327],[-83.97365,34.35091],[-83.97299,34.35011],[-83.97294,34.34995],[-83.97264,34.34897],[-83.97255,34.34882],[-83.97247,34.34867],[-83.9724,34.34853],[-83.97232,34.3484],[-83.97191,34.34766],[-83.97124,34.3469],[-83.97025,34.34582],[-83.96958,34.34512],[-83.96853,34.34412],[-83.96825,34.34369],[-83.96788,34.34254],[-83.96757,34.34075],[-83.96717,34.34031],[-83.96685,34.33963],[-83.96627,34.33949],[-83.96544,34.33994],[-83.96473,34.34083],[-83.96258,34.34267],[-83.96252,34.34269],[-83.96128,34.34324],[-83.96071,34.34312],[-83.96017,34.34271],[-83.96006,34.34168],[-83.96003,34.34025],[-83.95981,34.33943],[-83.95905,34.33792],[-83.95887,34.33718],[-83.9583,34.3365],[-83.95711,34.33407],[-83.95708,34.33401],[-83.957,34.33385],[-83.95693,34.3337],[-83.95692,34.33369],[-83.95681,34.33344],[-83.95666,34.33319],[-83.95651,34.33301],[-83.95644,34.33293],[-83.95619,34.33272],[-83.95569,34.33242],[-83.95477,34.33208],[-83.95408,34.33177],[-83.9532,34.33123],[-83.95302,34.33111],[-83.95281,34.33101],[-83.95251,34.33094],[-83.95232,34.33089],[-83.95161,34.33083],[-83.95083,34.33079],[-83.95043,34.33077],[-83.94951,34.33062],[-83.94916,34.33056],[-83.94755,34.33033],[-83.94728,34.33027],[-83.94724,34.33026],[-83.94691,34.33018],[-83.94631,34.32992],[-83.94623,34.32988],[-83.9462,34.32986],[-83.94618,34.32983],[-83.94595,34.3297],[-83.94557,34.3294],[-83.94547,34.32924],[-83.94543,34.329],[-83.94545,34.32884],[-83.94547,34.32873],[-83.94564,34.32839],[-83.94571,34.32828],[-83.9458,34.32818],[-83.94603,34.3279],[-83.94625,34.32756],[-83.94644,34.32726],[-83.94655,34.32696],[-83.94659,34.32668],[-83.94656,34.3263],[-83.9465,34.32597],[-83.94639,34.32575],[-83.94626,34.32558],[-83.94594,34.32527],[-83.94578,34.32502],[-83.94563,34.32479],[-83.94561,34.32467],[-83.94562,34.32456],[-83.94571,34.32434],[-83.94576,34.32422],[-83.94586,34.32414],[-83.94614,34.32393],[-83.9463,34.32385],[-83.94647,34.32379],[-83.94678,34.32376],[-83.947,34.32373],[-83.94705,34.32372],[-83.9471,34.32371],[-83.94734,34.32366],[-83.9486,34.3236],[-83.94932,34.32352],[-83.95007,34.32332],[-83.95045,34.32318],[-83.95066,34.32305],[-83.95086,34.32288],[-83.95096,34.32278],[-83.9512,34.32252],[-83.95142,34.32219],[-83.95175,34.32142],[-83.95179,34.32134],[-83.95191,34.32106],[-83.95206,34.3207],[-83.95209,34.32065],[-83.95251,34.31991],[-83.95268,34.31952],[-83.95324,34.31817],[-83.95331,34.31796],[-83.95335,34.31763],[-83.95335,34.31724],[-83.95329,34.31682],[-83.9532,34.31659],[-83.95322,34.31645],[-83.95319,34.31634],[-83.95303,34.31597],[-83.95263,34.31538],[-83.95239,34.31508],[-83.95186,34.31441],[-83.95147,34.31402],[-83.95112,34.31358],[-83.95065,34.31322],[-83.95039,34.31297],[-83.95032,34.31281],[-83.95023,34.31274],[-83.95003,34.31248],[-83.94988,34.31235],[-83.94986,34.31233],[-83.94984,34.3123],[-83.94973,34.31219],[-83.94944,34.31172],[-83.94905,34.31132],[-83.94868,34.31087],[-83.9479,34.31006],[-83.94688,34.30902],[-83.9462,34.30818],[-83.94585,34.30779],[-83.94555,34.30739],[-83.94543,34.30721],[-83.94508,34.3068],[-83.9449,34.3065],[-83.94462,34.30612],[-83.94443,34.3058],[-83.94419,34.30522],[-83.9436,34.30396],[-83.94353,34.30374],[-83.94303,34.30275],[-83.94291,34.30257],[-83.94284,34.30247],[-83.94268,34.30216],[-83.94262,34.30202],[-83.94261,34.30184],[-83.94262,34.30156],[-83.94268,34.30138],[-83.9428,34.30119],[-83.94299,34.30103],[-83.9433,34.30082],[-83.94366,34.30061],[-83.94382,34.30054],[-83.94448,34.30025],[-83.94499,34.3],[-83.94547,34.29968],[-83.94604,34.29922],[-83.94664,34.2986],[-83.94675,34.29845],[-83.94684,34.29826],[-83.94689,34.29797],[-83.94686,34.29779],[-83.94675,34.29755],[-83.94655,34.29729],[-83.94611,34.29694],[-83.94593,34.29672],[-83.94494,34.29595],[-83.94396,34.29518],[-83.94348,34.29472],[-83.94308,34.29425],[-83.94254,34.29334],[-83.94226,34.29281],[-83.94207,34.29255],[-83.94186,34.29233],[-83.9418,34.2922],[-83.9417,34.29208],[-83.94149,34.29193],[-83.94115,34.2918],[-83.941,34.29179],[-83.9408,34.29183],[-83.9407,34.29185],[-83.94067,34.29185],[-83.9405,34.29188],[-83.94025,34.29196],[-83.93996,34.29214],[-83.93982,34.29229],[-83.93973,34.29246],[-83.93966,34.29274],[-83.93952,34.29366],[-83.93956,34.29423],[-83.93961,34.2945],[-83.94004,34.29578],[-83.94022,34.29657],[-83.9403,34.29747],[-83.94028,34.29772],[-83.94019,34.29806],[-83.94012,34.29823],[-83.94003,34.29837],[-83.93981,34.29858],[-83.93957,34.29877],[-83.93882,34.29913],[-83.93847,34.29925],[-83.93805,34.29934],[-83.93804,34.29935],[-83.93802,34.29935],[-83.938,34.29935],[-83.93743,34.29942],[-83.93702,34.29944],[-83.93645,34.29942],[-83.93525,34.29925],[-83.93459,34.29914],[-83.93394,34.29899],[-83.93356,34.29888],[-83.93326,34.2988],[-83.93246,34.29852],[-83.93241,34.29851],[-83.93222,34.29847],[-83.93202,34.2984],[-83.93178,34.29826],[-83.93151,34.29805],[-83.93141,34.29794],[-83.93136,34.2978],[-83.9313,34.29721],[-83.93131,34.297],[-83.93136,34.29683],[-83.93145,34.29667],[-83.93156,34.29652],[-83.9317,34.29641],[-83.93195,34.29637],[-83.93311,34.29638],[-83.93329,34.29636],[-83.93427,34.29605],[-83.93457,34.296],[-83.93484,34.29586],[-83.93516,34.29576],[-83.93545,34.2956],[-83.93575,34.29537],[-83.93599,34.29514],[-83.93621,34.29486],[-83.93629,34.2947],[-83.93632,34.29443],[-83.93629,34.29418],[-83.93622,34.29393],[-83.93525,34.29236],[-83.93524,34.29235],[-83.93509,34.29205],[-83.93498,34.29182],[-83.9349,34.29161],[-83.93489,34.29151],[-83.93478,34.29102],[-83.93475,34.29063],[-83.93476,34.28943],[-83.93474,34.28925],[-83.9348,34.28854],[-83.93475,34.28775],[-83.93466,34.2874],[-83.93466,34.28738],[-83.93465,34.28717],[-83.93459,34.28696],[-83.93415,34.28605],[-83.93367,34.28549],[-83.93342,34.28527],[-83.93306,34.28507],[-83.93282,34.28499],[-83.93262,34.28493],[-83.93244,34.28492],[-83.93223,34.28499],[-83.93191,34.28516],[-83.93162,34.28536],[-83.93137,34.28562],[-83.9312,34.28599],[-83.93112,34.28633],[-83.93114,34.28681],[-83.93122,34.28747],[-83.93145,34.28836],[-83.93155,34.28862],[-83.93166,34.28888],[-83.932,34.28944],[-83.93215,34.28982],[-83.93215,34.29008],[-83.93202,34.29042],[-83.93181,34.29073],[-83.93153,34.29102],[-83.93138,34.2911],[-83.93117,34.29111],[-83.93089,34.29105],[-83.9306,34.29091],[-83.93037,34.29085],[-83.92975,34.29049],[-83.9292,34.29022],[-83.92873,34.29001],[-83.92859,34.28995],[-83.92851,34.28992],[-83.92831,34.28979],[-83.92816,34.28965],[-83.92809,34.28957],[-83.92804,34.28946],[-83.92801,34.28936],[-83.92784,34.28888],[-83.92772,34.2887],[-83.92765,34.28858],[-83.92757,34.28848],[-83.92751,34.28844],[-83.92703,34.28807],[-83.9269,34.28797],[-83.92679,34.2879],[-83.92638,34.28751],[-83.92597,34.28704],[-83.92567,34.28658],[-83.92559,34.28642],[-83.92557,34.28637],[-83.92554,34.28611],[-83.92553,34.28604],[-83.92553,34.28571],[-83.92557,34.28527],[-83.92577,34.28441],[-83.92603,34.28279],[-83.92624,34.28177],[-83.92638,34.28131],[-83.92667,34.28038],[-83.92682,34.28006],[-83.92701,34.27974],[-83.92728,34.2794],[-83.92743,34.27929],[-83.92745,34.27928],[-83.92757,34.27922],[-83.92805,34.27907],[-83.92852,34.27896],[-83.92898,34.27888],[-83.92956,34.27882],[-83.93026,34.27879],[-83.93053,34.27872],[-83.93081,34.27874],[-83.9318,34.27858],[-83.93217,34.27849],[-83.93237,34.27841],[-83.93361,34.27788],[-83.93381,34.2777],[-83.93394,34.27764],[-83.9341,34.2776],[-83.93444,34.27741],[-83.93579,34.27655],[-83.93629,34.27629],[-83.93669,34.2761],[-83.93722,34.27591],[-83.93784,34.27573],[-83.93829,34.27564],[-83.9391,34.27552],[-83.9395,34.27549],[-83.94015,34.27537],[-83.94044,34.27534],[-83.94073,34.27531],[-83.94116,34.27524],[-83.94165,34.27511],[-83.9426,34.27476],[-83.9428,34.27467],[-83.9432,34.27449],[-83.94405,34.27406],[-83.94495,34.27354],[-83.94556,34.27314],[-83.94626,34.27276],[-83.94669,34.27253],[-83.94835,34.27174],[-83.94865,34.27159],[-83.94908,34.27144],[-83.94922,34.27139],[-83.94932,34.27134],[-83.94972,34.27115],[-83.95003,34.27105],[-83.9509,34.27066],[-83.95149,34.27038],[-83.95198,34.27009],[-83.95207,34.27004],[-83.95227,34.26991],[-83.95244,34.26979],[-83.95267,34.26963],[-83.95282,34.2695],[-83.95315,34.26921],[-83.95332,34.26904],[-83.95334,34.26901],[-83.95382,34.26829],[-83.95399,34.26792],[-83.95412,34.26751],[-83.9541,34.26724],[-83.9541,34.26717],[-83.95402,34.26686],[-83.95386,34.2665],[-83.95365,34.26616],[-83.95316,34.26559],[-83.95273,34.26517],[-83.9516,34.26403],[-83.95086,34.26312],[-83.95084,34.26309],[-83.95064,34.26273],[-83.95054,34.26246],[-83.95049,34.26218],[-83.95048,34.26188],[-83.95052,34.26159],[-83.95052,34.26156],[-83.95053,34.26154],[-83.95064,34.26121],[-83.95082,34.26084],[-83.95114,34.26036],[-83.95226,34.25842],[-83.9528,34.2573],[-83.95308,34.25648],[-83.95324,34.25603],[-83.95325,34.25599],[-83.95336,34.2556],[-83.9536,34.25408],[-83.95361,34.25379],[-83.95357,34.25349],[-83.95359,34.25323],[-83.95342,34.25236],[-83.95334,34.25215],[-83.95311,34.25175],[-83.95285,34.25141],[-83.95252,34.25115],[-83.9525,34.25114],[-83.95223,34.25086],[-83.952,34.25065],[-83.95166,34.25042],[-83.95154,34.25036],[-83.95145,34.25032],[-83.95127,34.25022],[-83.95113,34.25011],[-83.95098,34.24981],[-83.9505,34.24889],[-83.95046,34.2487],[-83.95023,34.24826],[-83.95022,34.24824],[-83.95008,34.24786],[-83.95005,34.24761],[-83.94989,34.24718],[-83.94983,34.24684],[-83.94935,34.24541],[-83.9491,34.24453],[-83.94897,34.24384],[-83.9489,34.24308],[-83.94897,34.24213],[-83.94926,34.2408],[-83.94936,34.24051],[-83.94955,34.24015],[-83.94968,34.24],[-83.94982,34.23984],[-83.94987,34.23978],[-83.95014,34.23953],[-83.95049,34.23929],[-83.95103,34.23901],[-83.9527,34.23833],[-83.95312,34.23812],[-83.95356,34.23794],[-83.95361,34.23792],[-83.95413,34.23764],[-83.95443,34.23748],[-83.9549,34.23718],[-83.95516,34.23696],[-83.95563,34.23668],[-83.95568,34.23665],[-83.95592,34.23648],[-83.95612,34.23634],[-83.95782,34.23531],[-83.95847,34.23483],[-83.95862,34.23474],[-83.95882,34.23462],[-83.9591,34.2344],[-83.95923,34.23423],[-83.95936,34.23411],[-83.96033,34.23318],[-83.96069,34.23289],[-83.96104,34.23265],[-83.96135,34.23252],[-83.96168,34.23233],[-83.96201,34.23219],[-83.96243,34.23204],[-83.96263,34.23193],[-83.9643,34.23143],[-83.96837,34.23],[-83.96912,34.22966],[-83.96981,34.2293],[-83.96988,34.2293],[-83.97054,34.22895],[-83.97119,34.22862],[-83.97161,34.22831],[-83.97181,34.22813],[-83.97195,34.22795],[-83.97199,34.22791],[-83.97214,34.22763],[-83.9723,34.2272],[-83.97232,34.22714],[-83.97234,34.22703],[-83.9724,34.22674],[-83.97242,34.22638],[-83.97235,34.22598],[-83.9722,34.22567],[-83.9722,34.22566],[-83.97162,34.22445],[-83.97147,34.22432],[-83.9713,34.22403],[-83.9712,34.22388],[-83.97102,34.22362],[-83.9707,34.22321],[-83.9703,34.22279],[-83.97025,34.22274],[-83.97013,34.22265],[-83.97003,34.22261],[-83.96999,34.22259],[-83.96997,34.22258],[-83.96968,34.22238],[-83.96941,34.22225],[-83.96908,34.22212],[-83.96876,34.22205],[-83.96843,34.22202],[-83.96756,34.22213],[-83.96709,34.22215],[-83.96669,34.22223],[-83.96581,34.22223],[-83.96579,34.22223],[-83.96576,34.22223],[-83.9656,34.22221],[-83.96516,34.22204],[-83.96484,34.22184],[-83.96457,34.22155],[-83.96451,34.22132],[-83.96446,34.22102],[-83.96446,34.22071],[-83.96451,34.22029],[-83.9646,34.21998],[-83.96476,34.21968],[-83.96532,34.21901],[-83.96562,34.21854],[-83.96578,34.21821],[-83.96601,34.21736],[-83.96612,34.21705],[-83.96633,34.21664],[-83.96653,34.21636],[-83.96662,34.21615],[-83.96668,34.21606],[-83.96679,34.21593],[-83.96698,34.21574],[-83.96755,34.21537],[-83.96793,34.2152],[-83.96858,34.21504],[-83.96927,34.21487],[-83.97086,34.21451],[-83.9722,34.21417],[-83.97267,34.21409],[-83.97396,34.21398],[-83.9751,34.21394],[-83.97606,34.21403],[-83.97618,34.21405],[-83.97667,34.21404],[-83.97725,34.21401],[-83.97741,34.21398],[-83.97782,34.21392],[-83.97798,34.21389],[-83.97802,34.21387],[-83.97835,34.2136],[-83.97878,34.21318],[-83.97915,34.21273],[-83.97942,34.21231],[-83.9797,34.21174],[-83.98002,34.21121],[-83.98009,34.21097],[-83.98051,34.21009],[-83.98124,34.20831],[-83.98138,34.20776],[-83.98147,34.20757],[-83.98173,34.20666],[-83.98184,34.20619],[-83.982,34.20577],[-83.98199,34.20563],[-83.98227,34.20484],[-83.9824,34.2044],[-83.98269,34.20385],[-83.98278,34.20372],[-83.98321,34.20313],[-83.98324,34.20311],[-83.98376,34.20253],[-83.98386,34.20238],[-83.98399,34.20219],[-83.98432,34.2015],[-83.9844,34.20137],[-83.98448,34.20101],[-83.98468,34.20053],[-83.98481,34.20028],[-83.98484,34.20022],[-83.98489,34.20014],[-83.98505,34.19991],[-83.98555,34.1993],[-83.98571,34.19915],[-83.98598,34.19889],[-83.98785,34.19692],[-83.98906,34.19573],[-83.98937,34.19549],[-83.98948,34.19542],[-83.98991,34.19513],[-83.9907,34.19477],[-83.99152,34.19442],[-83.99244,34.19411],[-83.99302,34.19394],[-83.99394,34.19377],[-83.99439,34.19373],[-83.99573,34.19375],[-83.99621,34.19385],[-83.99639,34.19391],[-83.99677,34.19404],[-83.99689,34.19412],[-83.99734,34.19425],[-83.99792,34.19448],[-83.99851,34.19467],[-83.99876,34.19482],[-83.99977,34.19532],[-83.9999,34.19541],[-84.00006,34.19553],[-84.00123,34.19587],[-84.0015,34.19591],[-84.00185,34.19592],[-84.00246,34.19588],[-84.00274,34.19582],[-84.00294,34.19576],[-84.00323,34.19571],[-84.00354,34.19561],[-84.00389,34.19544],[-84.00409,34.19525],[-84.0042,34.19507],[-84.00443,34.19468],[-84.00449,34.19451],[-84.00483,34.19412],[-84.00515,34.19369],[-84.00574,34.19308],[-84.00588,34.19297],[-84.00615,34.19275],[-84.00685,34.19233],[-84.00689,34.19231],[-84.00706,34.19223],[-84.00767,34.19202],[-84.00804,34.1919],[-84.00847,34.19171],[-84.00893,34.19155],[-84.00919,34.19147],[-84.00948,34.19143],[-84.00974,34.19136],[-84.011,34.19107],[-84.01146,34.19102],[-84.0128,34.19105],[-84.01326,34.1911],[-84.0137,34.19119],[-84.01561,34.19179],[-84.01686,34.19224],[-84.01897,34.19308],[-84.02078,34.19386],[-84.02099,34.19392],[-84.02115,34.19401],[-84.0213,34.19407],[-84.02258,34.19461],[-84.02307,34.19478],[-84.02379,34.19494],[-84.02468,34.19505],[-84.02585,34.19515],[-84.02992,34.19533],[-84.03071,34.19531],[-84.03308,34.19499],[-84.03458,34.19479],[-84.03547,34.19465],[-84.03725,34.19439],[-84.03762,34.19441],[-84.03793,34.19434],[-84.03873,34.19432],[-84.03902,34.19426],[-84.03957,34.19407],[-84.04134,34.19362],[-84.0463,34.19185],[-84.04658,34.19171],[-84.04691,34.1916],[-84.04741,34.19146],[-84.0479,34.19141],[-84.04823,34.19136],[-84.04871,34.19122],[-84.0492,34.19102],[-84.04968,34.19076],[-84.05004,34.19053],[-84.0502,34.19041],[-84.05067,34.19007],[-84.05225,34.18848],[-84.05263,34.18794],[-84.05305,34.18729],[-84.05309,34.18711],[-84.05322,34.18697],[-84.05361,34.1862],[-84.05393,34.18573],[-84.05415,34.1855],[-84.05461,34.18508],[-84.05539,34.18452],[-84.0557,34.18433],[-84.05684,34.18375],[-84.05763,34.18328],[-84.05786,34.18314],[-84.05806,34.18298],[-84.05843,34.18261],[-84.05869,34.1823],[-84.05891,34.18198],[-84.05909,34.18163],[-84.05914,34.18137],[-84.05915,34.1811],[-84.05906,34.18011],[-84.05872,34.17877],[-84.05867,34.17867],[-84.05872,34.17857],[-84.05875,34.17807],[-84.05886,34.17742],[-84.05897,34.17716],[-84.05899,34.17686],[-84.05915,34.17639],[-84.05919,34.1762],[-84.05949,34.17551],[-84.06027,34.17443],[-84.06067,34.17365],[-84.06079,34.17328],[-84.06077,34.17298],[-84.06079,34.17228],[-84.06116,34.17115],[-84.06177,34.16953],[-84.06199,34.16897],[-84.06207,34.1688],[-84.06209,34.16875],[-84.06219,34.16854],[-84.05922,34.16767],[-84.05479,34.16641],[-84.05401,34.16618],[-84.05314,34.1659],[-84.05017,34.16493],[-84.04959,34.16473],[-84.04793,34.1641],[-84.04741,34.16389],[-84.04537,34.16308],[-84.0442,34.16262],[-84.0438,34.16246],[-84.04299,34.16214],[-84.04282,34.16207],[-84.04219,34.16182],[-84.04184,34.16168],[-84.0412,34.16143],[-84.04069,34.16123],[-84.03935,34.1607],[-84.0368,34.1597],[-84.036,34.15939],[-84.03579,34.1593],[-84.03574,34.15928],[-84.03552,34.1592],[-84.03519,34.15907],[-84.03434,34.15873],[-84.034,34.1586],[-84.03315,34.15826],[-84.03047,34.15722],[-84.03022,34.15712],[-84.02968,34.15691],[-84.02925,34.15674],[-84.02873,34.15654],[-84.02717,34.15594],[-84.02669,34.15575],[-84.02607,34.15551],[-84.0258,34.15541],[-84.02546,34.15528],[-84.02529,34.15521],[-84.02473,34.155],[-84.0242,34.1548],[-84.02315,34.1544],[-84.02262,34.15421],[-84.02131,34.15377],[-84.02079,34.1536],[-84.02072,34.15358],[-84.01999,34.15333],[-84.01963,34.15321],[-84.01876,34.15292],[-84.01798,34.15266],[-84.0168,34.15227],[-84.01566,34.15188],[-84.01532,34.15176],[-84.01292,34.15095],[-84.01212,34.15067],[-84.01038,34.15006],[-84.00943,34.14972],[-84.00908,34.1496],[-84.0087,34.14946],[-84.00802,34.14922],[-84.00793,34.14919],[-84.00742,34.14901],[-84.00614,34.14855],[-84.0052,34.14822],[-84.00452,34.14796],[-84.00388,34.14772],[-84.00207,34.14709],[-84.0008,34.14664],[-84.00004,34.14637],[-83.99938,34.14613],[-83.99889,34.14596],[-83.9983,34.14575],[-83.997,34.14528],[-83.99673,34.14518],[-83.99663,34.14514],[-83.99534,34.14468],[-83.99409,34.14422],[-83.99343,34.14398],[-83.99259,34.14368],[-83.99192,34.14344],[-83.99184,34.14341],[-83.99168,34.14336],[-83.99092,34.14308],[-83.99051,34.14294],[-83.99012,34.14279],[-83.9899,34.14272],[-83.98984,34.14269],[-83.98941,34.14252],[-83.98937,34.14251],[-83.98902,34.14237],[-83.98806,34.14199],[-83.98785,34.1419],[-83.98756,34.14179],[-83.98753,34.14178],[-83.98741,34.14173],[-83.98675,34.14147],[-83.98625,34.14127],[-83.98452,34.14058],[-83.98307,34.14001],[-83.98292,34.13995],[-83.98186,34.13952],[-83.98086,34.13909],[-83.98079,34.13906],[-83.98024,34.13883],[-83.97989,34.13867],[-83.97986,34.13866],[-83.9797,34.13859],[-83.97929,34.13842],[-83.97862,34.13813],[-83.97851,34.13808],[-83.97848,34.13807],[-83.97846,34.13806],[-83.97828,34.13798],[-83.97709,34.13773],[-83.97699,34.13771],[-83.9768,34.13767],[-83.97582,34.13747],[-83.97576,34.13745],[-83.97573,34.13745],[-83.97565,34.13743],[-83.97398,34.13709],[-83.9732,34.13677],[-83.97278,34.1366],[-83.97248,34.13647],[-83.97016,34.13552],[-83.96927,34.13516],[-83.96915,34.13511],[-83.96909,34.13508],[-83.96904,34.13506],[-83.96857,34.13488],[-83.96855,34.13488],[-83.9683,34.13479],[-83.96761,34.13455],[-83.96715,34.13439],[-83.9665,34.13416],[-83.96636,34.13411],[-83.96566,34.13387],[-83.96409,34.13332],[-83.96391,34.13326],[-83.96384,34.13323],[-83.96324,34.13303],[-83.96232,34.13271],[-83.96224,34.13268],[-83.96117,34.13231],[-83.96076,34.13217],[-83.96068,34.13214],[-83.95949,34.13173],[-83.95939,34.1317],[-83.95923,34.13164],[-83.95911,34.1316],[-83.95674,34.13078],[-83.95599,34.13053],[-83.95578,34.13046],[-83.95522,34.13026],[-83.95518,34.13025],[-83.95502,34.13018],[-83.95415,34.12986],[-83.95398,34.1298],[-83.953,34.12943],[-83.95292,34.1294],[-83.95247,34.12923],[-83.95238,34.1292],[-83.95225,34.12915],[-83.95131,34.12879],[-83.95114,34.12873],[-83.95063,34.12854],[-83.95057,34.12851],[-83.95008,34.12833],[-83.94927,34.12802],[-83.94847,34.12772],[-83.94784,34.12748],[-83.94773,34.12743],[-83.94702,34.12716],[-83.94619,34.12685],[-83.9456,34.12663],[-83.94533,34.12652],[-83.94518,34.12647],[-83.94505,34.12642],[-83.94475,34.12631],[-83.94413,34.12607],[-83.94381,34.12595],[-83.94356,34.12585],[-83.94329,34.12575],[-83.94323,34.12573],[-83.94303,34.12565],[-83.94261,34.12549],[-83.94257,34.12548],[-83.94216,34.12532],[-83.94214,34.12531],[-83.94206,34.12528],[-83.9418,34.12518],[-83.94099,34.12487],[-83.94059,34.12472],[-83.94011,34.12456],[-83.93981,34.12446],[-83.93968,34.12441],[-83.93877,34.1241],[-83.9386,34.12405],[-83.93791,34.12381],[-83.93731,34.12361],[-83.93701,34.12351],[-83.93634,34.12328],[-83.93592,34.12314],[-83.9358,34.1231],[-83.93562,34.12304],[-83.93495,34.12282],[-83.93408,34.12253],[-83.93343,34.12229],[-83.93336,34.12227],[-83.93267,34.12203],[-83.93202,34.12181],[-83.93179,34.12173],[-83.93117,34.12151],[-83.93069,34.12133],[-83.92956,34.12092],[-83.92818,34.12041],[-83.92813,34.12039],[-83.92766,34.12021],[-83.92668,34.11985],[-83.92617,34.11967],[-83.92576,34.11951],[-83.92408,34.11888],[-83.9227,34.11836],[-83.92076,34.11762],[-83.91946,34.11712],[-83.91905,34.11696],[-83.91898,34.11694],[-83.91526,34.11552],[-83.91465,34.11528],[-83.91453,34.11523],[-83.91437,34.11518],[-83.91102,34.11388],[-83.90758,34.11257],[-83.90674,34.11229],[-83.90361,34.11122],[-83.90208,34.1107],[-83.90031,34.1101],[-83.8994,34.1098],[-83.89877,34.10958],[-83.89843,34.10946],[-83.89814,34.10935],[-83.89744,34.10909],[-83.8972,34.109],[-83.8971,34.10897],[-83.89707,34.10896],[-83.89702,34.10894],[-83.89629,34.10867],[-83.89576,34.10848],[-83.89512,34.10824],[-83.89487,34.10815],[-83.894,34.10782],[-83.89325,34.10755],[-83.89274,34.10736],[-83.8926,34.10731],[-83.89241,34.10723],[-83.89228,34.10719],[-83.89136,34.10685],[-83.89123,34.10681],[-83.89107,34.10669],[-83.89087,34.10658],[-83.89064,34.10648],[-83.89058,34.10657],[-83.89006,34.10639],[-83.88997,34.10636],[-83.88988,34.10632],[-83.88926,34.1061],[-83.8879,34.1056],[-83.88778,34.10554],[-83.88776,34.10554],[-83.8877,34.10552],[-83.88724,34.10535],[-83.88723,34.10535],[-83.88654,34.1051],[-83.88646,34.10507],[-83.88614,34.10495],[-83.88578,34.10482],[-83.8854,34.10468],[-83.88507,34.10456],[-83.88492,34.10448],[-83.8849,34.10448],[-83.88005,34.10271],[-83.87777,34.10189],[-83.87764,34.10183],[-83.87713,34.10165],[-83.87679,34.10152],[-83.87593,34.10121],[-83.87552,34.10106],[-83.87495,34.10085],[-83.87487,34.10082],[-83.87458,34.10072],[-83.87454,34.1007],[-83.87219,34.09998],[-83.87146,34.09975],[-83.87093,34.09958],[-83.87058,34.09947],[-83.86976,34.09922],[-83.86948,34.09914],[-83.86899,34.09899],[-83.86855,34.09885],[-83.86789,34.09867],[-83.86784,34.09865],[-83.86767,34.09875],[-83.8672,34.09902],[-83.86708,34.09909],[-83.86624,34.09958],[-83.86524,34.10017],[-83.86347,34.10114],[-83.86257,34.10165],[-83.86141,34.10231],[-83.86133,34.10237],[-83.86124,34.10239],[-83.86113,34.1024],[-83.86113,34.10247],[-83.86064,34.10275],[-83.85983,34.10321],[-83.8598,34.10323],[-83.85856,34.10393],[-83.85805,34.10422],[-83.85678,34.10494],[-83.85578,34.10551],[-83.85515,34.10587],[-83.85434,34.10633],[-83.85391,34.10657],[-83.85283,34.10719],[-83.85263,34.1073],[-83.85254,34.10736],[-83.85166,34.10787],[-83.85117,34.10815],[-83.85111,34.10819],[-83.85072,34.10841],[-83.85054,34.10852],[-83.84978,34.10896],[-83.84948,34.10913],[-83.84912,34.10935],[-83.84453,34.11196],[-83.84406,34.11223],[-83.84377,34.11241],[-83.84367,34.11246],[-83.84348,34.11257],[-83.84342,34.11261],[-83.84247,34.11316],[-83.84006,34.11464],[-83.83451,34.11803],[-83.83259,34.11918],[-83.8319,34.1196],[-83.83189,34.11961],[-83.83186,34.11963],[-83.83136,34.11993],[-83.8308,34.12027],[-83.8302,34.12063],[-83.82816,34.12185],[-83.82782,34.12205],[-83.82753,34.12223],[-83.82718,34.12244],[-83.82672,34.1227],[-83.82654,34.12278],[-83.82647,34.12282],[-83.82642,34.12285],[-83.82637,34.12288],[-83.82631,34.12292],[-83.82627,34.12295],[-83.82623,34.12299],[-83.8262,34.12303],[-83.82586,34.12321],[-83.82543,34.12347],[-83.82519,34.12362],[-83.82501,34.12371],[-83.82376,34.12446],[-83.82358,34.12457],[-83.82316,34.12482],[-83.82306,34.12491],[-83.82298,34.12496],[-83.82289,34.12498],[-83.82245,34.12525],[-83.82149,34.12582],[-83.82044,34.12644],[-83.82042,34.12645],[-83.82036,34.12649],[-83.82025,34.12655],[-83.82007,34.12654],[-83.81969,34.1265],[-83.81965,34.12649],[-83.81932,34.12649],[-83.81922,34.12651],[-83.81912,34.12654],[-83.81903,34.12659],[-83.81887,34.12671],[-83.81867,34.12691],[-83.81853,34.12706],[-83.81845,34.12713],[-83.81837,34.12718],[-83.81836,34.12719],[-83.81815,34.12735],[-83.81768,34.12749],[-83.81766,34.12749],[-83.81762,34.12751],[-83.8176,34.12752],[-83.81745,34.12756],[-83.81727,34.12756],[-83.81724,34.12758],[-83.80804,34.13545],[-83.80753,34.13587],[-83.80246,34.1402],[-83.79881,34.14333],[-83.79695,34.14491],[-83.78979,34.15103],[-83.78551,34.15468],[-83.78366,34.15626],[-83.78332,34.15656],[-83.77952,34.1598],[-83.77944,34.15986],[-83.77703,34.16193],[-83.77492,34.16373],[-83.77342,34.165],[-83.77237,34.16591],[-83.76932,34.16851],[-83.76083,34.17576],[-83.75624,34.17969],[-83.75616,34.17975],[-83.75565,34.18019],[-83.75288,34.18256],[-83.75154,34.1837],[-83.75025,34.1848],[-83.75,34.18501],[-83.74839,34.18639],[-83.74786,34.18684],[-83.7461,34.18834],[-83.73955,34.19394],[-83.73886,34.19452],[-83.73847,34.19486],[-83.73793,34.19532],[-83.73716,34.19598],[-83.7312,34.20107],[-83.72988,34.20219],[-83.72087,34.20989],[-83.71412,34.21566],[-83.70939,34.21969],[-83.70489,34.22354],[-83.69853,34.22898],[-83.69707,34.23022],[-83.69654,34.23068],[-83.69456,34.23236],[-83.69321,34.23352],[-83.6918,34.23472],[-83.69143,34.23504],[-83.69003,34.23623],[-83.68853,34.23751],[-83.68663,34.23914],[-83.68395,34.24143],[-83.6836,34.24173],[-83.67768,34.24679],[-83.67694,34.24742],[-83.67657,34.24773],[-83.6763,34.24796],[-83.67247,34.25123],[-83.6599,34.26197],[-83.65382,34.26716],[-83.64183,34.2774],[-83.63361,34.28442],[-83.63159,34.28615],[-83.63138,34.28632],[-83.63054,34.28705],[-83.62504,34.29175],[-83.62369,34.2929],[-83.62344,34.29311],[-83.62267,34.29377],[-83.62109,34.29511],[-83.62027,34.29582],[-83.62062,34.29626],[-83.62096,34.29669],[-83.62114,34.29692],[-83.62167,34.29759],[-83.62201,34.29801],[-83.62217,34.29821],[-83.62229,34.29836],[-83.62252,34.29864],[-83.6227,34.29887],[-83.62286,34.29906],[-83.62297,34.29919],[-83.62321,34.29949],[-83.6234,34.29972],[-83.62365,34.29999],[-83.624,34.30035],[-83.62421,34.30056],[-83.6245,34.30083],[-83.62503,34.30131],[-83.62488,34.30162],[-83.62479,34.30189],[-83.62484,34.30194],[-83.62483,34.30198],[-83.62483,34.30207],[-83.62482,34.30222],[-83.62481,34.30228],[-83.62481,34.30232],[-83.62478,34.30252],[-83.62472,34.30284],[-83.62452,34.30325],[-83.62419,34.30374],[-83.62416,34.30388],[-83.62413,34.30399],[-83.6241,34.30409],[-83.6241,34.30429],[-83.62409,34.30449],[-83.62411,34.30466],[-83.62414,34.30478],[-83.62418,34.30489],[-83.6242,34.30498],[-83.62431,34.30527],[-83.62448,34.30558],[-83.62472,34.30585],[-83.62498,34.30607],[-83.62506,34.30615],[-83.62508,34.30618],[-83.62516,34.30625],[-83.62522,34.30631],[-83.62532,34.30636],[-83.62542,34.3064],[-83.62557,34.30646],[-83.62574,34.3065],[-83.62587,34.30653],[-83.62603,34.30656],[-83.62625,34.30659],[-83.62642,34.30662],[-83.62656,34.30662],[-83.62675,34.30663],[-83.62702,34.30664],[-83.62714,34.30664],[-83.62745,34.30666],[-83.62768,34.30667],[-83.628,34.30669],[-83.62835,34.30672],[-83.62869,34.30676],[-83.62889,34.30676],[-83.62908,34.30677],[-83.62986,34.3068],[-83.63074,34.30685],[-83.63099,34.30687],[-83.63109,34.30688],[-83.63115,34.30689],[-83.63119,34.3069],[-83.63126,34.30692],[-83.63131,34.30693],[-83.63136,34.30694],[-83.6314,34.30695],[-83.63142,34.30696],[-83.63144,34.30696],[-83.63145,34.30696],[-83.63147,34.30696],[-83.63149,34.30696],[-83.6315,34.30696],[-83.63152,34.30696],[-83.63153,34.30696],[-83.63154,34.30696],[-83.63156,34.30696],[-83.63158,34.30695],[-83.6316,34.30695],[-83.63162,34.30694],[-83.63164,34.30694],[-83.63166,34.30694],[-83.63167,34.30693],[-83.63169,34.30693],[-83.63171,34.30692],[-83.63224,34.30697],[-83.63228,34.30698],[-83.63251,34.30708],[-83.63338,34.30752],[-83.63351,34.3076],[-83.63366,34.3077],[-83.63412,34.30799],[-83.63435,34.30813],[-83.63602,34.30918],[-83.63613,34.30925],[-83.63636,34.30939],[-83.63658,34.30953],[-83.63679,34.30966],[-83.63698,34.30978],[-83.63716,34.30989],[-83.63733,34.30999],[-83.63744,34.31006],[-83.63783,34.3103],[-83.63804,34.31042],[-83.6384,34.31064],[-83.63882,34.31089],[-83.63946,34.31128],[-83.63969,34.31142],[-83.64039,34.31184],[-83.64048,34.3119],[-83.64083,34.31211],[-83.64108,34.31226],[-83.64125,34.31236],[-83.64133,34.31241],[-83.64146,34.3125],[-83.64183,34.31276],[-83.64187,34.3128],[-83.6423,34.31315],[-83.64277,34.31364],[-83.64353,34.3144],[-83.64376,34.31463],[-83.64384,34.31471],[-83.64389,34.31477],[-83.64392,34.31479],[-83.64408,34.31495],[-83.64415,34.31503],[-83.64429,34.31518],[-83.6446,34.3155],[-83.64455,34.3156],[-83.64452,34.31569],[-83.64452,34.31577],[-83.64455,34.31585],[-83.64472,34.31602],[-83.6455,34.31683],[-83.64631,34.31765],[-83.647,34.31833],[-83.64795,34.31925],[-83.64913,34.32041],[-83.64916,34.32052],[-83.64919,34.32088],[-83.64924,34.3214],[-83.64932,34.32177],[-83.64935,34.32196],[-83.64937,34.3222],[-83.64945,34.32278],[-83.64948,34.32302],[-83.6495,34.32316],[-83.64952,34.32332],[-83.64956,34.32366],[-83.6496,34.32397],[-83.64962,34.32451],[-83.64965,34.32665],[-83.64962,34.32721],[-83.64947,34.32793],[-83.64944,34.32805],[-83.64943,34.32809],[-83.64931,34.32851],[-83.64912,34.32912],[-83.64906,34.32931],[-83.64882,34.33034],[-83.64842,34.33223],[-83.64794,34.33412],[-83.64793,34.33445],[-83.64794,34.33463],[-83.64799,34.33486],[-83.64806,34.33518],[-83.64826,34.33568],[-83.64891,34.33717],[-83.64911,34.33763],[-83.64915,34.33775],[-83.64933,34.33821],[-83.64947,34.33869],[-83.64967,34.33972],[-83.64974,34.34],[-83.64982,34.34033],[-83.64991,34.3406],[-83.65025,34.34144],[-83.65075,34.3424],[-83.65121,34.34324],[-83.65144,34.34371],[-83.65151,34.3441],[-83.65159,34.34457],[-83.65164,34.34498],[-83.65165,34.3454],[-83.65167,34.34631],[-83.65121,34.34731],[-83.65113,34.34756],[-83.65113,34.34774],[-83.65112,34.34797],[-83.65118,34.34837],[-83.65131,34.34882],[-83.65144,34.34906],[-83.65232,34.35004],[-83.65259,34.35035],[-83.6527,34.35037],[-83.65277,34.35043],[-83.65285,34.35054],[-83.65294,34.35065],[-83.65325,34.35095],[-83.65376,34.35134],[-83.65404,34.35162],[-83.65432,34.35187],[-83.65457,34.35205],[-83.65492,34.35225],[-83.65516,34.35247],[-83.65601,34.35312],[-83.6568,34.35473],[-83.65704,34.35492],[-83.6574,34.35516],[-83.65773,34.35538],[-83.65828,34.35566],[-83.65879,34.35588],[-83.6593,34.356],[-83.65971,34.35603],[-83.66016,34.35601],[-83.66061,34.3559],[-83.66083,34.35592],[-83.66086,34.35593],[-83.66087,34.35593],[-83.66322,34.35692],[-83.66341,34.35704],[-83.66359,34.3572],[-83.66534,34.35962],[-83.66651,34.36273],[-83.66661,34.3629],[-83.66679,34.3631],[-83.66846,34.36433],[-83.66875,34.36471],[-83.66924,34.36558],[-83.66939,34.36567],[-83.66942,34.36583],[-83.66943,34.36603],[-83.66942,34.3662],[-83.66915,34.36695],[-83.66911,34.36697],[-83.66909,34.36699],[-83.66907,34.367],[-83.66906,34.36701],[-83.66903,34.36703],[-83.66894,34.36708],[-83.66872,34.36719],[-83.66863,34.36724],[-83.66828,34.36735],[-83.66788,34.36749],[-83.66748,34.36764],[-83.66721,34.36775],[-83.66676,34.36795],[-83.66611,34.36842],[-83.66592,34.3686],[-83.66577,34.36879],[-83.66547,34.36933],[-83.66547,34.36942],[-83.66554,34.3698],[-83.66556,34.37004],[-83.66552,34.37033],[-83.66541,34.37062],[-83.66543,34.3707],[-83.6654,34.37078],[-83.6647,34.37151],[-83.66423,34.37202],[-83.66363,34.37265],[-83.66339,34.37296],[-83.6632,34.37334],[-83.66307,34.37371],[-83.66299,34.37405],[-83.66295,34.37439],[-83.66283,34.3755],[-83.66267,34.37614],[-83.66268,34.37616],[-83.66269,34.37617],[-83.66254,34.37644],[-83.66236,34.37667],[-83.66223,34.37684],[-83.66189,34.37719],[-83.66177,34.37731],[-83.66126,34.37787],[-83.66109,34.37805],[-83.66099,34.37815],[-83.66081,34.37833],[-83.66065,34.37851],[-83.66059,34.37858],[-83.66035,34.37897],[-83.66024,34.37922],[-83.66013,34.37947],[-83.66005,34.37976],[-83.66002,34.37994],[-83.65999,34.38028],[-83.66,34.38105],[-83.66001,34.3816],[-83.66001,34.38175],[-83.66004,34.38296],[-83.66014,34.3841],[-83.66023,34.38488],[-83.66031,34.38553],[-83.66036,34.38592],[-83.66042,34.38634],[-83.66045,34.38656],[-83.66047,34.38675],[-83.66049,34.38697],[-83.66045,34.38737],[-83.66041,34.38785],[-83.66039,34.38864],[-83.66039,34.38907],[-83.66038,34.38918],[-83.66037,34.38933],[-83.66033,34.38966],[-83.66031,34.38989],[-83.66026,34.3902],[-83.66021,34.39057],[-83.66015,34.39083],[-83.66011,34.39092],[-83.66008,34.39098],[-83.65998,34.3911],[-83.65987,34.39121],[-83.65932,34.3917],[-83.65903,34.392],[-83.65897,34.39206],[-83.65894,34.3921],[-83.65884,34.39223],[-83.65878,34.3923],[-83.65871,34.39238],[-83.65843,34.39272],[-83.65832,34.39285],[-83.65848,34.39298],[-83.65852,34.39301],[-83.65846,34.39312],[-83.6585,34.39314],[-83.65852,34.39316],[-83.65855,34.39318],[-83.65809,34.3942],[-83.65801,34.39437],[-83.65773,34.39499],[-83.65746,34.39557],[-83.6572,34.39614],[-83.65665,34.39735],[-83.65639,34.39793],[-83.65611,34.39855],[-83.65584,34.39914],[-83.65556,34.39975],[-83.65555,34.39977],[-83.65523,34.40026],[-83.65489,34.40067],[-83.65405,34.40157],[-83.65402,34.40159],[-83.6535,34.40205],[-83.65307,34.40235],[-83.65263,34.40261],[-83.65207,34.40284],[-83.65201,34.40287],[-83.65024,34.4036],[-83.64836,34.40438],[-83.64803,34.40452],[-83.64709,34.40501],[-83.64668,34.40526],[-83.64635,34.40551],[-83.64606,34.40575],[-83.64543,34.40643],[-83.64529,34.40674],[-83.64534,34.40682],[-83.64496,34.40744],[-83.64465,34.4082],[-83.64464,34.40825],[-83.6445,34.40899],[-83.64448,34.40918],[-83.64426,34.4108],[-83.64424,34.41087],[-83.64447,34.41132],[-83.64463,34.41165],[-83.64477,34.41216],[-83.64484,34.41248],[-83.64486,34.41281],[-83.64485,34.41288],[-83.64482,34.41296],[-83.64475,34.41305],[-83.64451,34.41322],[-83.64432,34.41336],[-83.64398,34.41356],[-83.64333,34.41408],[-83.64311,34.41436],[-83.64296,34.41462],[-83.64273,34.41509],[-83.64259,34.4154],[-83.64251,34.41547],[-83.64245,34.41552],[-83.64239,34.41556],[-83.64234,34.4156],[-83.64209,34.4157],[-83.64179,34.41578],[-83.64137,34.41592],[-83.64103,34.41603],[-83.64005,34.41628],[-83.63885,34.41665],[-83.63876,34.41668],[-83.63865,34.41671],[-83.63849,34.41676],[-83.63819,34.41684],[-83.63802,34.41688],[-83.63779,34.41684],[-83.63761,34.41673],[-83.63697,34.41627],[-83.63665,34.416],[-83.63639,34.41587],[-83.6361,34.41567],[-83.63514,34.4159],[-83.6342,34.41615],[-83.6333,34.41645],[-83.63273,34.41664],[-83.63249,34.41673],[-83.63236,34.41677],[-83.63057,34.41738],[-83.62983,34.41766],[-83.62971,34.4177],[-83.62882,34.41801],[-83.62776,34.41839],[-83.62789,34.41861],[-83.62783,34.41863],[-83.62787,34.41871],[-83.62713,34.41889],[-83.62687,34.41898],[-83.6265,34.41912],[-83.62625,34.41909],[-83.62618,34.41914],[-83.62609,34.41918],[-83.62602,34.41922],[-83.62594,34.41926],[-83.62587,34.4193],[-83.6258,34.41934],[-83.62574,34.41938],[-83.62568,34.41941],[-83.62564,34.41944],[-83.6256,34.41946],[-83.62556,34.41947],[-83.62553,34.41948],[-83.62549,34.4195],[-83.62545,34.41951],[-83.62542,34.41951],[-83.6254,34.4195],[-83.62539,34.41949],[-83.62535,34.41947],[-83.6253,34.41944],[-83.62524,34.41941],[-83.62518,34.41937],[-83.62516,34.41936],[-83.62512,34.41934],[-83.62506,34.41931],[-83.625,34.41928],[-83.62496,34.41927],[-83.62493,34.41926],[-83.6249,34.41925],[-83.62487,34.41925],[-83.62484,34.41924],[-83.62481,34.41924],[-83.62478,34.41924],[-83.62475,34.41924],[-83.62471,34.41924],[-83.62468,34.41924],[-83.62464,34.41924],[-83.62461,34.41925],[-83.62452,34.41925],[-83.62444,34.41926],[-83.62439,34.41926],[-83.62434,34.41926],[-83.62431,34.41926],[-83.62419,34.41927],[-83.62384,34.41927],[-83.62363,34.41928],[-83.62361,34.41928],[-83.62346,34.41929],[-83.62325,34.41931],[-83.62321,34.41932],[-83.6231,34.41934],[-83.62301,34.41937],[-83.62299,34.41939],[-83.62295,34.41941],[-83.6229,34.41944],[-83.62283,34.41949],[-83.62279,34.41953],[-83.62275,34.41957],[-83.62267,34.41967],[-83.62254,34.41984],[-83.62236,34.42009],[-83.62208,34.42047],[-83.62174,34.42097],[-83.62152,34.42135],[-83.62129,34.42175],[-83.62106,34.42217],[-83.62094,34.42243],[-83.62078,34.42283],[-83.62063,34.42319],[-83.62051,34.42348],[-83.62044,34.42362],[-83.6204,34.4237],[-83.6203,34.42388],[-83.62008,34.42428],[-83.62003,34.42437],[-83.61998,34.42447],[-83.61993,34.42456],[-83.61985,34.42473],[-83.61978,34.42489],[-83.61972,34.42506],[-83.61968,34.42523],[-83.61966,34.42534],[-83.61965,34.42541],[-83.61966,34.42549],[-83.61963,34.42568],[-83.61963,34.4257],[-83.6196,34.42607],[-83.61959,34.42613],[-83.61949,34.42655],[-83.61945,34.42674],[-83.61939,34.42687],[-83.61908,34.42725],[-83.61911,34.42726],[-83.61917,34.42733],[-83.61918,34.42735],[-83.61919,34.42737],[-83.61919,34.42739],[-83.61919,34.4274],[-83.61919,34.42742],[-83.61916,34.42748],[-83.61872,34.42809],[-83.61855,34.42832],[-83.61772,34.42944],[-83.61766,34.42952],[-83.61734,34.42997],[-83.61719,34.43017],[-83.61703,34.43036],[-83.61666,34.4307],[-83.61659,34.43075],[-83.6164,34.43085],[-83.61615,34.43096],[-83.61569,34.4312],[-83.61551,34.43132],[-83.61544,34.43139],[-83.6154,34.43143],[-83.61536,34.43148],[-83.61529,34.4316],[-83.61522,34.43171],[-83.61527,34.43178],[-83.61533,34.43186],[-83.61544,34.432],[-83.61561,34.43223],[-83.61569,34.43234],[-83.61654,34.43347],[-83.61746,34.43469],[-83.61902,34.43676],[-83.62138,34.43992],[-83.62368,34.44299],[-83.62407,34.44351],[-83.62473,34.44441],[-83.62476,34.44444],[-83.6248,34.4445],[-83.62482,34.44453],[-83.6249,34.44463],[-83.6249,34.44468],[-83.6249,34.44473],[-83.62491,34.44476],[-83.6249,34.44481],[-83.6249,34.44492],[-83.62523,34.4454],[-83.62525,34.44542],[-83.62687,34.44771],[-83.6285,34.45001],[-83.62888,34.45054],[-83.62904,34.45076],[-83.62907,34.45081],[-83.63005,34.4522],[-83.63104,34.4536],[-83.63133,34.45401],[-83.63162,34.45442],[-83.63178,34.45465],[-83.63247,34.45563],[-83.63263,34.45585],[-83.63275,34.45602],[-83.63286,34.45616],[-83.63519,34.45945],[-83.63544,34.4598],[-83.63703,34.46206],[-83.63854,34.46416],[-83.6429,34.47036],[-83.64291,34.47037],[-83.6461,34.47496],[-83.65113,34.482],[-83.65285,34.4844],[-83.65332,34.48506],[-83.65339,34.48516],[-83.65675,34.48985],[-83.65972,34.49406],[-83.65976,34.49412],[-83.66052,34.49518],[-83.66131,34.4963],[-83.66371,34.49968],[-83.66398,34.50007],[-83.66399,34.50008],[-83.66624,34.50336],[-83.6664,34.5036]]]},"properties":{"GEOID":"13139","BASENAME":"Hall"}},{"type":"Feature","geometry":{"type":"Polygon","coordinates":[[[-83.97515,34.43272],[-83.97475,34.4327],[-83.9744,34.43271],[-83.97409,34.43273],[-83.97242,34.43274],[-83.97037,34.4329],[-83.97028,34.43298],[-83.96973,34.43324],[-83.96949,34.43325],[-83.96861,34.43331],[-83.96833,34.43333],[-83.96765,34.43351],[-83.96632,34.43388],[-83.96599,34.43411],[-83.96541,34.43477],[-83.96512,34.4351],[-83.9649,34.43521],[-83.96448,34.43555],[-83.96416,34.4358],[-83.96406,34.43587],[-83.96347,34.43617],[-83.96252,34.43607],[-83.96213,34.43602],[-83.96207,34.43601],[-83.96199,34.43601],[-83.96149,34.43612],[-83.96108,34.43629],[-83.96048,34.43654],[-83.95977,34.43683],[-83.95815,34.43749],[-83.95702,34.43791],[-83.95645,34.43729],[-83.95586,34.43759],[-83.95394,34.43862],[-83.94618,34.44301],[-83.94494,34.44371],[-83.94477,34.44381],[-83.94439,34.44402],[-83.94392,34.44429],[-83.94378,34.44437],[-83.94362,34.44446],[-83.94314,34.44471],[-83.9428,34.4449],[-83.93509,34.449],[-83.93131,34.45121],[-83.92909,34.45119],[-83.92068,34.45113],[-83.92066,34.46011],[-83.92286,34.4602],[-83.92486,34.46027],[-83.92882,34.46042],[-83.92967,34.46045],[-83.93153,34.46052],[-83.9319,34.46053],[-83.93189,34.46426],[-83.93189,34.46433],[-83.93189,34.46873],[-83.93189,34.46879],[-83.93189,34.46934],[-83.92943,34.46933],[-83.9236,34.46929],[-83.92277,34.46928],[-83.92266,34.46928],[-83.9198,34.46926],[-83.91032,34.46919],[-83.91027,34.46919],[-83.90984,34.46919],[-83.90986,34.46886],[-83.90989,34.46832],[-83.90989,34.46828],[-83.91005,34.46192],[-83.91007,34.46145],[-83.91007,34.46128],[-83.91005,34.46109],[-83.90998,34.46053],[-83.90995,34.4598],[-83.90595,34.45983],[-83.89933,34.45986],[-83.8989,34.45986],[-83.88933,34.45997],[-83.88921,34.45996],[-83.88763,34.45994],[-83.8876,34.46879],[-83.88752,34.46885],[-83.88676,34.46937],[-83.88671,34.46941],[-83.88655,34.46952],[-83.88575,34.47007],[-83.88051,34.47367],[-83.88038,34.47376],[-83.8789,34.47481],[-83.8779,34.47552],[-83.87768,34.47564],[-83.87491,34.47724],[-83.87469,34.47725],[-83.8739,34.47732],[-83.87364,34.47748],[-83.87121,34.47906],[-83.8711,34.47913],[-83.87107,34.47914],[-83.87094,34.47923],[-83.86914,34.4804],[-83.86779,34.48127],[-83.86739,34.48152],[-83.86722,34.48163],[-83.86721,34.48164],[-83.86719,34.48165],[-83.86272,34.48453],[-83.86271,34.48455],[-83.86186,34.4851],[-83.86099,34.48566],[-83.85516,34.48943],[-83.84944,34.49314],[-83.84774,34.49424],[-83.84331,34.49702],[-83.84345,34.50009],[-83.84345,34.50118],[-83.84343,34.5024],[-83.84343,34.50244],[-83.84342,34.50386],[-83.84342,34.50409],[-83.84341,34.50478],[-83.84341,34.50549],[-83.8434,34.50569],[-83.84328,34.50993],[-83.84328,34.51026],[-83.84326,34.51105],[-83.84319,34.51312],[-83.84313,34.51536],[-83.841,34.51535],[-83.83781,34.51534],[-83.83757,34.51534],[-83.83803,34.51621],[-83.83928,34.5186],[-83.83892,34.5192],[-83.83835,34.51934],[-83.83754,34.51953],[-83.83781,34.5211],[-83.83785,34.52131],[-83.83721,34.52182],[-83.8369,34.52209],[-83.83666,34.52242],[-83.83656,34.52263],[-83.83656,34.52266],[-83.8365,34.52333],[-83.83642,34.52342],[-83.83629,34.52353],[-83.83581,34.52353],[-83.83411,34.52353],[-83.83286,34.52352],[-83.83285,34.5289],[-83.83285,34.52955],[-83.83285,34.53193],[-83.83283,34.53231],[-83.84274,34.53238],[-83.84379,34.5324],[-83.84379,34.53264],[-83.84376,34.5389],[-83.84376,34.53985],[-83.84375,34.54143],[-83.85325,34.54145],[-83.85371,34.54146],[-83.85371,34.542],[-83.85369,34.5484],[-83.85369,34.54934],[-83.85368,34.55069],[-83.85761,34.55066],[-83.8641,34.5506],[-83.86445,34.55059],[-83.86445,34.55072],[-83.86445,34.55088],[-83.86445,34.55103],[-83.86445,34.55128],[-83.86443,34.55239],[-83.86442,34.55371],[-83.86442,34.55456],[-83.86439,34.55754],[-83.86437,34.56052],[-83.86436,34.5606],[-83.86436,34.56062],[-83.86436,34.56067],[-83.86436,34.56078],[-83.86436,34.5608],[-83.86436,34.56091],[-83.86436,34.56094],[-83.86432,34.5646],[-83.86429,34.5703],[-83.86429,34.57062],[-83.86429,34.57064],[-83.86427,34.57145],[-83.86428,34.57298],[-83.86425,34.57647],[-83.86425,34.57652],[-83.86424,34.57792],[-83.86419,34.58329],[-83.86418,34.58363],[-83.86417,34.58401],[-83.86415,34.58431],[-83.86412,34.5847],[-83.86412,34.58515],[-83.86415,34.58617],[-83.86417,34.58701],[-83.86419,34.58756],[-83.86419,34.58763],[-83.86432,34.5924],[-83.86433,34.59247],[-83.86442,34.59622],[-83.86442,34.59628],[-83.8645,34.59929],[-83.86449,34.60041],[-83.86449,34.6005],[-83.86457,34.60058],[-83.86478,34.60078],[-83.86515,34.60116],[-83.86548,34.60144],[-83.86592,34.60185],[-83.86611,34.60202],[-83.86637,34.60235],[-83.86655,34.60254],[-83.86681,34.60275],[-83.86594,34.60338],[-83.86481,34.6042],[-83.86445,34.60446],[-83.86445,34.60491],[-83.86445,34.60501],[-83.86445,34.60525],[-83.86445,34.60529],[-83.86445,34.6063],[-83.86445,34.60638],[-83.86444,34.60991],[-83.86444,34.61093],[-83.86446,34.61558],[-83.86726,34.61559],[-83.86733,34.61559],[-83.86872,34.6156],[-83.87017,34.61561],[-83.87151,34.61562],[-83.8728,34.61563],[-83.87269,34.61896],[-83.87364,34.61898],[-83.87404,34.61901],[-83.87416,34.61901],[-83.87435,34.61909],[-83.87475,34.61918],[-83.87564,34.61977],[-83.87615,34.62052],[-83.87613,34.62084],[-83.87594,34.62111],[-83.87591,34.62119],[-83.87571,34.62139],[-83.87551,34.62159],[-83.87541,34.62179],[-83.87531,34.62199],[-83.87511,34.62229],[-83.87501,34.62259],[-83.87491,34.62279],[-83.87491,34.62234],[-83.87481,34.62219],[-83.87461,34.62239],[-83.87441,34.62239],[-83.87441,34.62259],[-83.87421,34.62279],[-83.87421,34.62289],[-83.87411,34.62309],[-83.87411,34.62329],[-83.87401,34.62349],[-83.87411,34.62369],[-83.87411,34.62389],[-83.87421,34.62419],[-83.87441,34.62439],[-83.87451,34.62459],[-83.87471,34.62479],[-83.87481,34.62489],[-83.87482,34.62509],[-83.87491,34.62509],[-83.87491,34.62523],[-83.87564,34.62532],[-83.87581,34.62537],[-83.87591,34.62559],[-83.87599,34.62589],[-83.87613,34.62622],[-83.87627,34.62644],[-83.87657,34.62672],[-83.87687,34.62713],[-83.87701,34.62729],[-83.8772,34.62781],[-83.87742,34.62866],[-83.87741,34.62921],[-83.87728,34.6296],[-83.87701,34.6298],[-83.87672,34.62991],[-83.87629,34.63],[-83.87491,34.63018],[-83.87461,34.63039],[-83.87431,34.63049],[-83.87391,34.63059],[-83.87371,34.63079],[-83.87371,34.63089],[-83.87371,34.63109],[-83.87371,34.63149],[-83.87391,34.63199],[-83.87411,34.63249],[-83.87441,34.63299],[-83.87451,34.63359],[-83.87451,34.63399],[-83.87446,34.63427],[-83.87461,34.63453],[-83.87472,34.63471],[-83.87484,34.63485],[-83.87486,34.63486],[-83.87508,34.63506],[-83.87519,34.6352],[-83.87545,34.63567],[-83.87562,34.63622],[-83.8756,34.63668],[-83.8756,34.6367],[-83.87552,34.63678],[-83.87517,34.63701],[-83.87511,34.63705],[-83.87477,34.63726],[-83.87468,34.63732],[-83.87427,34.63753],[-83.87388,34.63783],[-83.87374,34.6381],[-83.87372,34.6382],[-83.8737,34.63821],[-83.87367,34.63822],[-83.87363,34.63823],[-83.87352,34.63827],[-83.87342,34.63829],[-83.87337,34.63831],[-83.87332,34.63834],[-83.87329,34.63837],[-83.87326,34.6384],[-83.87323,34.63847],[-83.87318,34.63851],[-83.87308,34.63856],[-83.87289,34.6386],[-83.87286,34.6386],[-83.87277,34.63861],[-83.87269,34.63863],[-83.87261,34.63866],[-83.87255,34.6387],[-83.87247,34.63875],[-83.87243,34.63877],[-83.8724,34.6388],[-83.87238,34.63882],[-83.87236,34.63884],[-83.87233,34.63889],[-83.87227,34.63901],[-83.87223,34.63907],[-83.8722,34.6391],[-83.87219,34.63911],[-83.87216,34.63914],[-83.87212,34.63916],[-83.87205,34.63919],[-83.87194,34.63923],[-83.87189,34.63926],[-83.87177,34.63936],[-83.87163,34.63945],[-83.87148,34.63953],[-83.8713,34.63957],[-83.87121,34.63961],[-83.87114,34.6397],[-83.87111,34.63981],[-83.8711,34.63987],[-83.87122,34.63995],[-83.87125,34.63997],[-83.87137,34.64026],[-83.87153,34.64041],[-83.87176,34.64055],[-83.87176,34.64092],[-83.87182,34.64099],[-83.87181,34.64219],[-83.87199,34.64238],[-83.87204,34.6424],[-83.8731,34.64238],[-83.87387,34.6424],[-83.87446,34.6424],[-83.87509,34.64255],[-83.87537,34.64276],[-83.87552,34.64312],[-83.87554,34.64331],[-83.87545,34.64366],[-83.87534,34.64394],[-83.87529,34.64402],[-83.87507,34.6441],[-83.87487,34.64412],[-83.87474,34.64414],[-83.8747,34.64414],[-83.87463,34.64415],[-83.87432,34.64423],[-83.8741,34.64435],[-83.87401,34.64441],[-83.87394,34.64448],[-83.8739,34.64464],[-83.87392,34.6447],[-83.8741,34.64592],[-83.87411,34.64607],[-83.87414,34.64617],[-83.87424,34.64668],[-83.8743,34.64704],[-83.87423,34.64758],[-83.87386,34.64892],[-83.87368,34.64929],[-83.87327,34.6499],[-83.87297,34.65043],[-83.87259,34.65141],[-83.87244,34.65215],[-83.87228,34.65366],[-83.87225,34.65392],[-83.87227,34.65408],[-83.87248,34.65461],[-83.87232,34.65498],[-83.87212,34.65549],[-83.87201,34.65605],[-83.87193,34.65623],[-83.87172,34.65662],[-83.8717,34.65695],[-83.87184,34.65749],[-83.87205,34.65785],[-83.87216,34.65791],[-83.87245,34.65803],[-83.8726,34.6581],[-83.87271,34.65829],[-83.87301,34.65858],[-83.87359,34.65882],[-83.8741,34.659],[-83.87454,34.65899],[-83.87491,34.65899],[-83.87491,34.65944],[-83.87552,34.6597],[-83.87592,34.66],[-83.87619,34.66008],[-83.87632,34.66033],[-83.87641,34.6604],[-83.87641,34.6609],[-83.87641,34.66098],[-83.87639,34.66104],[-83.87632,34.6613],[-83.87622,34.66169],[-83.87601,34.66211],[-83.87581,34.6625],[-83.87541,34.6629],[-83.87526,34.66299],[-83.87501,34.6631],[-83.87488,34.66337],[-83.87481,34.6637],[-83.87458,34.66401],[-83.87403,34.66439],[-83.87334,34.66469],[-83.87261,34.6649],[-83.87209,34.66491],[-83.87159,34.6649],[-83.8712,34.6649],[-83.87098,34.66759],[-83.87101,34.6679],[-83.8709,34.66855],[-83.8709,34.66879],[-83.87103,34.66903],[-83.87123,34.66931],[-83.87141,34.66959],[-83.87171,34.66989],[-83.87221,34.67039],[-83.87261,34.67079],[-83.87311,34.67129],[-83.87351,34.67169],[-83.87381,34.67199],[-83.87401,34.67219],[-83.87441,34.67289],[-83.87451,34.67289],[-83.87461,34.67289],[-83.87471,34.67319],[-83.87471,34.67339],[-83.87471,34.67379],[-83.87461,34.67429],[-83.87461,34.67443],[-83.87461,34.67459],[-83.87441,34.67489],[-83.87391,34.67549],[-83.87371,34.67579],[-83.87351,34.67639],[-83.87351,34.67689],[-83.87351,34.67749],[-83.87361,34.67829],[-83.87361,34.67889],[-83.87364,34.67908],[-83.87341,34.6797],[-83.87318,34.68074],[-83.87316,34.68109],[-83.87311,34.68119],[-83.87291,34.68139],[-83.87281,34.68159],[-83.87261,34.68189],[-83.87251,34.68209],[-83.87251,34.68229],[-83.87241,34.68259],[-83.87241,34.68289],[-83.87251,34.68309],[-83.87221,34.68329],[-83.87161,34.68329],[-83.87121,34.68339],[-83.87081,34.68359],[-83.87061,34.68359],[-83.87061,34.68369],[-83.87041,34.68379],[-83.87001,34.68439],[-83.86941,34.68499],[-83.86901,34.68529],[-83.86871,34.68569],[-83.86831,34.68599],[-83.86771,34.68639],[-83.86701,34.68669],[-83.86611,34.68679],[-83.86551,34.68669],[-83.86511,34.68669],[-83.86461,34.68699],[-83.86421,34.68729],[-83.86371,34.68779],[-83.86361,34.68859],[-83.86391,34.68919],[-83.86421,34.68959],[-83.86441,34.68999],[-83.86461,34.69029],[-83.86471,34.69049],[-83.86481,34.69069],[-83.86471,34.69089],[-83.86441,34.69109],[-83.86411,34.69129],[-83.86381,34.69149],[-83.86341,34.69179],[-83.86311,34.69219],[-83.86291,34.69259],[-83.86291,34.69309],[-83.86281,34.69429],[-83.86281,34.69439],[-83.86271,34.69449],[-83.86251,34.69479],[-83.86201,34.69519],[-83.86161,34.69549],[-83.86101,34.69579],[-83.86071,34.69599],[-83.86051,34.69619],[-83.86041,34.69659],[-83.86041,34.69699],[-83.86061,34.69739],[-83.86071,34.69759],[-83.86101,34.69809],[-83.86121,34.69849],[-83.86161,34.69909],[-83.86201,34.69979],[-83.86231,34.70019],[-83.86241,34.70039],[-83.86241,34.70049],[-83.86241,34.70069],[-83.86201,34.70109],[-83.86121,34.70179],[-83.86051,34.70249],[-83.85991,34.70309],[-83.85931,34.70359],[-83.85891,34.70399],[-83.85841,34.70439],[-83.85821,34.70459],[-83.85811,34.70489],[-83.85821,34.70519],[-83.85821,34.70549],[-83.85831,34.70569],[-83.85841,34.70579],[-83.85851,34.70609],[-83.85861,34.70619],[-83.85871,34.70629],[-83.85891,34.70639],[-83.85921,34.70669],[-83.85941,34.70689],[-83.85971,34.70719],[-83.85991,34.70739],[-83.86001,34.70769],[-83.85981,34.70819],[-83.85971,34.70869],[-83.85951,34.70919],[-83.85941,34.70969],[-83.85941,34.70979],[-83.85941,34.70989],[-83.85921,34.71029],[-83.85921,34.71049],[-83.85921,34.71059],[-83.85921,34.71069],[-83.85921,34.71099],[-83.85921,34.71139],[-83.85931,34.71179],[-83.85951,34.71219],[-83.85961,34.71239],[-83.85961,34.71249],[-83.85951,34.71349],[-83.85951,34.71359],[-83.85931,34.71379],[-83.85921,34.71409],[-83.85911,34.71429],[-83.85911,34.71459],[-83.85911,34.71509],[-83.85921,34.71529],[-83.85921,34.71559],[-83.85911,34.71589],[-83.85901,34.71609],[-83.85891,34.71629],[-83.85871,34.71669],[-83.85841,34.71699],[-83.85811,34.71729],[-83.85791,34.71744],[-83.85776,34.7176],[-83.8573,34.71815],[-83.85655,34.71959],[-83.85644,34.7206],[-83.85654,34.7217],[-83.85651,34.72183],[-83.85647,34.72187],[-83.85638,34.72192],[-83.85641,34.72199],[-83.85651,34.72219],[-83.85681,34.72219],[-83.85704,34.72249],[-83.85722,34.72272],[-83.85749,34.72295],[-83.85792,34.72323],[-83.85841,34.72349],[-83.85861,34.72359],[-83.85881,34.72359],[-83.85911,34.72369],[-83.85931,34.72369],[-83.85961,34.72359],[-83.85981,34.72349],[-83.86011,34.72339],[-83.86041,34.72339],[-83.86091,34.72339],[-83.86135,34.72348],[-83.86181,34.72359],[-83.86219,34.72375],[-83.86231,34.72379],[-83.86242,34.72416],[-83.86251,34.72449],[-83.86261,34.72499],[-83.86266,34.72523],[-83.86271,34.72539],[-83.86291,34.72579],[-83.86301,34.72599],[-83.86321,34.72609],[-83.86361,34.72629],[-83.86471,34.72629],[-83.86491,34.72629],[-83.86516,34.72633],[-83.86542,34.72629],[-83.86561,34.72629],[-83.86607,34.72618],[-83.86641,34.72609],[-83.86671,34.72609],[-83.86701,34.72629],[-83.86741,34.72649],[-83.86761,34.72669],[-83.86781,34.72679],[-83.86801,34.72689],[-83.86831,34.72699],[-83.86871,34.72709],[-83.86931,34.72729],[-83.86979,34.72739],[-83.87021,34.72729],[-83.87041,34.72709],[-83.87061,34.72699],[-83.87091,34.72679],[-83.87111,34.72669],[-83.87151,34.72649],[-83.87201,34.72629],[-83.87231,34.72619],[-83.87261,34.72609],[-83.87291,34.72589],[-83.87331,34.72579],[-83.87361,34.72559],[-83.87401,34.72539],[-83.87441,34.72519],[-83.87468,34.72505],[-83.87481,34.72499],[-83.87491,34.72509],[-83.87491,34.72519],[-83.87501,34.72509],[-83.87511,34.72499],[-83.87541,34.72479],[-83.87611,34.72429],[-83.87631,34.72409],[-83.87692,34.72366],[-83.8773,34.72338],[-83.87743,34.7233],[-83.87931,34.72379],[-83.88091,34.72529],[-83.88174,34.72575],[-83.88251,34.72599],[-83.88369,34.72615],[-83.88401,34.72619],[-83.88461,34.72659],[-83.88581,34.72679],[-83.88632,34.72662],[-83.88701,34.72649],[-83.88823,34.72578],[-83.88854,34.72567],[-83.88936,34.7256],[-83.89021,34.72569],[-83.89051,34.72579],[-83.89081,34.72579],[-83.89121,34.72589],[-83.89171,34.72589],[-83.89211,34.72589],[-83.89261,34.72579],[-83.89311,34.72579],[-83.89341,34.72589],[-83.89381,34.72609],[-83.89411,34.72629],[-83.89471,34.72679],[-83.89511,34.72719],[-83.89541,34.72769],[-83.89571,34.72849],[-83.89601,34.72919],[-83.89641,34.72979],[-83.89661,34.73009],[-83.89711,34.73039],[-83.89751,34.73059],[-83.89805,34.73068],[-83.8985,34.73083],[-83.8988,34.73103],[-83.89908,34.73131],[-83.89921,34.73149],[-83.89971,34.73199],[-83.90011,34.73219],[-83.90114,34.73228],[-83.90211,34.73239],[-83.90241,34.73239],[-83.90271,34.73229],[-83.90331,34.73189],[-83.90371,34.73159],[-83.90431,34.73129],[-83.90521,34.73119],[-83.90583,34.73128],[-83.90631,34.73139],[-83.90666,34.73165],[-83.90677,34.73176],[-83.90721,34.73209],[-83.90761,34.73239],[-83.90786,34.73253],[-83.90821,34.73279],[-83.90881,34.73319],[-83.90901,34.73349],[-83.90921,34.73389],[-83.90941,34.73419],[-83.90981,34.73439],[-83.91011,34.73449],[-83.91051,34.73449],[-83.91081,34.73439],[-83.91121,34.73429],[-83.91181,34.73429],[-83.91206,34.73422],[-83.91251,34.73409],[-83.91311,34.73399],[-83.91391,34.73409],[-83.91434,34.73414],[-83.91551,34.73429],[-83.91611,34.73449],[-83.91742,34.73473],[-83.9177,34.73482],[-83.91824,34.73489],[-83.91871,34.73463],[-83.91891,34.73456],[-83.91919,34.73449],[-83.91942,34.73448],[-83.92001,34.73456],[-83.9202,34.73462],[-83.92129,34.73451],[-83.92123,34.73437],[-83.92119,34.73424],[-83.92109,34.73415],[-83.92096,34.73407],[-83.92084,34.73402],[-83.92075,34.73394],[-83.92073,34.7338],[-83.92071,34.73365],[-83.92066,34.73355],[-83.92052,34.73342],[-83.92039,34.73332],[-83.92022,34.73322],[-83.92012,34.73308],[-83.92003,34.73286],[-83.91998,34.73276],[-83.91988,34.73258],[-83.91957,34.73205],[-83.91938,34.73177],[-83.91903,34.73125],[-83.91895,34.73117],[-83.91874,34.73092],[-83.91855,34.73074],[-83.91847,34.7307],[-83.91843,34.73063],[-83.91845,34.7304],[-83.91847,34.72982],[-83.91833,34.72977],[-83.9182,34.72969],[-83.91794,34.72951],[-83.9179,34.72943],[-83.91792,34.72901],[-83.91775,34.7288],[-83.91757,34.72858],[-83.91734,34.7283],[-83.91725,34.72819],[-83.91718,34.72806],[-83.91716,34.72794],[-83.91709,34.72785],[-83.9169,34.72769],[-83.91677,34.72742],[-83.91663,34.72729],[-83.91662,34.72715],[-83.91657,34.72702],[-83.91734,34.72701],[-83.92613,34.72703],[-83.93491,34.72705],[-83.9437,34.72706],[-83.94584,34.72707],[-83.95249,34.72708],[-83.9576,34.72709],[-83.96127,34.72709],[-83.96181,34.72709],[-83.9643,34.7271],[-83.96436,34.72703],[-83.96463,34.72673],[-83.9648,34.72651],[-83.96492,34.72635],[-83.96495,34.72632],[-83.96497,34.72629],[-83.96516,34.72592],[-83.96543,34.72552],[-83.96571,34.72507],[-83.96621,34.72409],[-83.96661,34.72369],[-83.96691,34.72349],[-83.96781,34.72339],[-83.96813,34.72335],[-83.96871,34.72329],[-83.96961,34.72329],[-83.96992,34.72329],[-83.97041,34.72329],[-83.9707,34.72335],[-83.97111,34.72339],[-83.97161,34.72329],[-83.97191,34.723],[-83.97211,34.72279],[-83.97231,34.72219],[-83.97241,34.72159],[-83.97271,34.72079],[-83.97281,34.72019],[-83.97286,34.7199],[-83.97291,34.71959],[-83.97291,34.71919],[-83.97311,34.71909],[-83.97321,34.71909],[-83.97361,34.71889],[-83.97401,34.71882],[-83.97441,34.71869],[-83.97481,34.71867],[-83.97511,34.71859],[-83.97528,34.71853],[-83.97571,34.71839],[-83.97621,34.71799],[-83.97631,34.71786],[-83.97661,34.71749],[-83.97701,34.71679],[-83.97721,34.71649],[-83.97751,34.71639],[-83.9778,34.71639],[-83.97884,34.71639],[-83.97961,34.71649],[-83.98035,34.71633],[-83.98051,34.71629],[-83.98102,34.71616],[-83.98161,34.7161],[-83.98204,34.71599],[-83.98261,34.71589],[-83.98286,34.71552],[-83.98297,34.71545],[-83.984,34.71465],[-83.98458,34.71424],[-83.98488,34.71395],[-83.98572,34.71263],[-83.98586,34.71233],[-83.9861,34.71199],[-83.98656,34.71078],[-83.98688,34.71024],[-83.98696,34.70997],[-83.98699,34.70988],[-83.98727,34.70919],[-83.98746,34.70882],[-83.98761,34.70858],[-83.98792,34.70824],[-83.98827,34.70796],[-83.98862,34.7078],[-83.98904,34.70772],[-83.98933,34.70767],[-83.98946,34.70757],[-83.98956,34.7073],[-83.98956,34.70719],[-83.98953,34.7071],[-83.98937,34.70694],[-83.98914,34.70674],[-83.98886,34.70656],[-83.98879,34.70652],[-83.98849,34.70636],[-83.98827,34.70621],[-83.98796,34.70598],[-83.98769,34.70572],[-83.98743,34.70541],[-83.98725,34.7051],[-83.98711,34.70478],[-83.98701,34.70446],[-83.98692,34.70369],[-83.98695,34.70332],[-83.987,34.70308],[-83.9873,34.70275],[-83.9876,34.70242],[-83.98759,34.70221],[-83.98725,34.7018],[-83.98695,34.7012],[-83.98651,34.70039],[-83.98641,34.70019],[-83.98691,34.69989],[-83.98741,34.69959],[-83.98821,34.69919],[-83.98867,34.69894],[-83.98911,34.69869],[-83.99001,34.69799],[-83.99061,34.69759],[-83.99111,34.69709],[-83.99141,34.69669],[-83.99162,34.69641],[-83.99211,34.69589],[-83.99181,34.69549],[-83.99151,34.69539],[-83.99101,34.69499],[-83.99051,34.69439],[-83.99051,34.69429],[-83.99061,34.69409],[-83.99071,34.69389],[-83.9919,34.69228],[-83.99208,34.69191],[-83.99218,34.69146],[-83.99221,34.69098],[-83.99212,34.68995],[-83.99203,34.68932],[-83.99209,34.68905],[-83.99225,34.68879],[-83.9933,34.68801],[-83.99385,34.68746],[-83.99413,34.6871],[-83.9942,34.68693],[-83.99484,34.68603],[-83.99519,34.68541],[-83.99522,34.68529],[-83.99531,34.68499],[-83.99531,34.6849],[-83.99526,34.68475],[-83.99512,34.68456],[-83.9951,34.68439],[-83.99516,34.68428],[-83.99539,34.68406],[-83.99548,34.68394],[-83.99554,34.68379],[-83.99557,34.68361],[-83.99561,34.68335],[-83.99561,34.68316],[-83.99561,34.68209],[-83.9953,34.68106],[-83.99512,34.68066],[-83.99501,34.68039],[-83.99491,34.67999],[-83.99482,34.67964],[-83.99481,34.67959],[-83.99471,34.67919],[-83.99461,34.67909],[-83.99441,34.67879],[-83.99441,34.67849],[-83.99461,34.67836],[-83.99464,34.67829],[-83.9947,34.67821],[-83.99481,34.67815],[-83.99507,34.67806],[-83.99524,34.67801],[-83.9956,34.67795],[-83.99614,34.67791],[-83.99651,34.67778],[-83.99689,34.67767],[-83.99711,34.67767],[-83.99756,34.67775],[-83.9978,34.67781],[-83.99799,34.67783],[-83.99847,34.67782],[-83.99882,34.67777],[-83.99925,34.67772],[-83.99994,34.67775],[-84.00015,34.67775],[-84.00069,34.67773],[-84.00094,34.67769],[-84.0012,34.67759],[-84.00157,34.67738],[-84.00232,34.67678],[-84.00259,34.67664],[-84.00284,34.67643],[-84.00294,34.67636],[-84.00376,34.67583],[-84.00465,34.67535],[-84.005,34.67525],[-84.00504,34.67524],[-84.00562,34.67497],[-84.00606,34.67471],[-84.00609,34.67468],[-84.00656,34.67434],[-84.00723,34.67387],[-84.00734,34.67382],[-84.00829,34.67343],[-84.00882,34.67325],[-84.00904,34.67321],[-84.00951,34.67317],[-84.01011,34.67319],[-84.01038,34.67324],[-84.01122,34.67332],[-84.01128,34.67331],[-84.01263,34.6731],[-84.01308,34.67306],[-84.01356,34.67305],[-84.01449,34.67313],[-84.01495,34.67315],[-84.01562,34.6731],[-84.01581,34.67305],[-84.01588,34.67301],[-84.01598,34.67296],[-84.01622,34.67272],[-84.0164,34.67254],[-84.01657,34.67237],[-84.01688,34.67194],[-84.01707,34.67167],[-84.01743,34.67107],[-84.01764,34.67079],[-84.01801,34.67042],[-84.0182,34.67027],[-84.01829,34.67022],[-84.01845,34.67017],[-84.01851,34.67017],[-84.01862,34.67017],[-84.01912,34.67021],[-84.01932,34.67023],[-84.02017,34.67036],[-84.02077,34.67039],[-84.02133,34.67042],[-84.02216,34.67049],[-84.02284,34.67065],[-84.02325,34.67083],[-84.02386,34.67085],[-84.02398,34.67082],[-84.02411,34.67075],[-84.02439,34.67044],[-84.02461,34.6702],[-84.02515,34.66939],[-84.02549,34.66896],[-84.02575,34.66861],[-84.02641,34.66787],[-84.02645,34.66782],[-84.02692,34.66733],[-84.02704,34.66718],[-84.02714,34.66695],[-84.02718,34.66668],[-84.02716,34.66638],[-84.02715,34.66635],[-84.02708,34.66608],[-84.02692,34.66578],[-84.02675,34.66552],[-84.02646,34.66502],[-84.02637,34.6648],[-84.02632,34.66468],[-84.02624,34.66405],[-84.02618,34.66381],[-84.02619,34.66368],[-84.02626,34.66351],[-84.02629,34.66335],[-84.02638,34.66318],[-84.02653,34.66304],[-84.02697,34.66278],[-84.02776,34.66233],[-84.02823,34.66198],[-84.02874,34.66156],[-84.0289,34.66134],[-84.02919,34.66098],[-84.02916,34.66051],[-84.02913,34.65996],[-84.02902,34.65913],[-84.02869,34.65849],[-84.0284,34.65765],[-84.0283,34.65747],[-84.02831,34.65686],[-84.02929,34.65469],[-84.02993,34.65391],[-84.03028,34.65326],[-84.03044,34.65258],[-84.03082,34.65223],[-84.03123,34.65226],[-84.03164,34.6522],[-84.03202,34.65202],[-84.03259,34.65194],[-84.03279,34.65197],[-84.03311,34.65202],[-84.03325,34.65212],[-84.03362,34.65228],[-84.03384,34.65235],[-84.03434,34.65263],[-84.03538,34.65278],[-84.03634,34.65276],[-84.03675,34.65264],[-84.03718,34.65242],[-84.03802,34.65198],[-84.03852,34.65173],[-84.03861,34.65137],[-84.03821,34.65108],[-84.03747,34.65022],[-84.03719,34.64943],[-84.03713,34.64904],[-84.03703,34.64824],[-84.03709,34.6475],[-84.03717,34.64657],[-84.03724,34.6457],[-84.03708,34.64507],[-84.03689,34.6449],[-84.03645,34.64418],[-84.03629,34.64374],[-84.03627,34.64291],[-84.03628,34.64209],[-84.03651,34.64193],[-84.03713,34.64186],[-84.0385,34.64173],[-84.03957,34.64169],[-84.03986,34.64173],[-84.04037,34.6419],[-84.04149,34.64229],[-84.04193,34.64234],[-84.04238,34.64233],[-84.04299,34.64223],[-84.04321,34.64219],[-84.04362,34.64207],[-84.04394,34.64193],[-84.04425,34.64175],[-84.04475,34.64137],[-84.04526,34.64091],[-84.04545,34.64055],[-84.04629,34.64074],[-84.04706,34.64087],[-84.0477,34.64089],[-84.04823,34.64088],[-84.04905,34.64111],[-84.04942,34.6415],[-84.04941,34.64238],[-84.04934,34.64299],[-84.04943,34.6432],[-84.04999,34.6435],[-84.05143,34.64388],[-84.05203,34.6438],[-84.05238,34.64376],[-84.05364,34.64322],[-84.05496,34.64289],[-84.05516,34.64292],[-84.05549,34.64297],[-84.05651,34.64351],[-84.05711,34.64414],[-84.05784,34.64536],[-84.0589,34.64604],[-84.05894,34.64606],[-84.05986,34.64665],[-84.0608,34.6472],[-84.06196,34.64824],[-84.06263,34.64914],[-84.06324,34.64925],[-84.06367,34.64904],[-84.06446,34.64891],[-84.0651,34.64872],[-84.06634,34.64845],[-84.06719,34.64812],[-84.06765,34.648],[-84.06772,34.6482],[-84.06765,34.64846],[-84.06747,34.64889],[-84.06697,34.64949],[-84.06654,34.64992],[-84.0662,34.65055],[-84.06628,34.65105],[-84.06665,34.65147],[-84.06757,34.65163],[-84.06811,34.65172],[-84.06871,34.65198],[-84.0689,34.6524],[-84.06941,34.65294],[-84.06981,34.65324],[-84.06992,34.65373],[-84.07025,34.65419],[-84.07065,34.65498],[-84.07077,34.65636],[-84.07085,34.65654],[-84.07099,34.65671],[-84.07116,34.65685],[-84.07135,34.65695],[-84.07155,34.65701],[-84.07175,34.65703],[-84.07196,34.65702],[-84.07225,34.65696],[-84.07249,34.65688],[-84.07381,34.6566],[-84.07417,34.65656],[-84.07454,34.65656],[-84.07507,34.65663],[-84.07552,34.65676],[-84.076,34.65685],[-84.07707,34.65711],[-84.07787,34.65715],[-84.0783,34.65705],[-84.07896,34.65694],[-84.07945,34.65684],[-84.07993,34.65667],[-84.08024,34.65596],[-84.08019,34.65538],[-84.0801,34.65451],[-84.08002,34.65421],[-84.0799,34.65394],[-84.07991,34.6539],[-84.07991,34.65383],[-84.08006,34.65371],[-84.08039,34.65358],[-84.08082,34.65344],[-84.08166,34.65333],[-84.08303,34.65317],[-84.08381,34.65308],[-84.08389,34.65306],[-84.08397,34.65304],[-84.08434,34.65296],[-84.08452,34.65292],[-84.08474,34.65288],[-84.08484,34.65289],[-84.08492,34.65288],[-84.08557,34.65295],[-84.08578,34.65301],[-84.08605,34.65304],[-84.08635,34.65303],[-84.08666,34.65298],[-84.08691,34.65291],[-84.08711,34.6528],[-84.08743,34.65258],[-84.08759,34.65242],[-84.08772,34.65224],[-84.08781,34.65206],[-84.08787,34.65197],[-84.08812,34.65142],[-84.08849,34.65127],[-84.08893,34.65135],[-84.08911,34.65146],[-84.08955,34.65178],[-84.09031,34.6524],[-84.09115,34.65298],[-84.09247,34.65318],[-84.09341,34.653],[-84.09373,34.653],[-84.09409,34.65309],[-84.09435,34.65308],[-84.09451,34.6531],[-84.09571,34.65365],[-84.09585,34.65369],[-84.09624,34.65373],[-84.09647,34.65372],[-84.09742,34.65356],[-84.09806,34.65337],[-84.0987,34.65322],[-84.0989,34.65321],[-84.0991,34.65322],[-84.09939,34.65332],[-84.09984,34.65367],[-84.10024,34.65386],[-84.10102,34.65411],[-84.10229,34.65441],[-84.10289,34.65451],[-84.10379,34.65472],[-84.10471,34.655],[-84.10484,34.6551],[-84.10494,34.65529],[-84.10506,34.65545],[-84.1053,34.65565],[-84.10538,34.65572],[-84.10565,34.6559],[-84.10606,34.65611],[-84.10647,34.65626],[-84.10685,34.6563],[-84.10753,34.65628],[-84.10894,34.65612],[-84.10925,34.65608],[-84.10943,34.6561],[-84.10981,34.65622],[-84.11031,34.65641],[-84.1111,34.65677],[-84.1117,34.65696],[-84.11245,34.65726],[-84.11318,34.65751],[-84.11414,34.65791],[-84.11431,34.65794],[-84.11481,34.65799],[-84.11532,34.65811],[-84.11685,34.65827],[-84.1173,34.65838],[-84.11756,34.65851],[-84.11771,34.65863],[-84.11787,34.65886],[-84.11794,34.65919],[-84.11803,34.65945],[-84.11806,34.65975],[-84.1183,34.66024],[-84.11855,34.66057],[-84.1189,34.66092],[-84.11913,34.66102],[-84.11948,34.66124],[-84.11988,34.6614],[-84.12016,34.66155],[-84.12058,34.66166],[-84.1209,34.66182],[-84.12128,34.66193],[-84.12159,34.66206],[-84.12209,34.66232],[-84.12237,34.6625],[-84.12323,34.66297],[-84.12383,34.66323],[-84.12395,34.66329],[-84.12491,34.66442],[-84.1262,34.66437],[-84.12796,34.66418],[-84.12823,34.66393],[-84.12923,34.6638],[-84.12929,34.66379],[-84.12936,34.66378],[-84.12939,34.66377],[-84.12942,34.66377],[-84.12945,34.66374],[-84.12947,34.66371],[-84.12999,34.6634],[-84.13022,34.66326],[-84.13036,34.6632],[-84.13045,34.66314],[-84.1319,34.66225],[-84.1326,34.66188],[-84.13305,34.66173],[-84.13326,34.66163],[-84.13343,34.66157],[-84.13384,34.66149],[-84.13428,34.66137],[-84.13482,34.6613],[-84.13496,34.6613],[-84.13541,34.66137],[-84.13594,34.66138],[-84.13614,34.66137],[-84.13639,34.6613],[-84.13705,34.66098],[-84.13737,34.66077],[-84.13772,34.66046],[-84.13779,34.66035],[-84.13796,34.66004],[-84.1381,34.65985],[-84.13811,34.65983],[-84.13794,34.65962],[-84.13789,34.65949],[-84.13786,34.65881],[-84.13779,34.65842],[-84.13758,34.65765],[-84.13741,34.65736],[-84.13713,34.65705],[-84.13693,34.65682],[-84.13659,34.65633],[-84.13654,34.65621],[-84.13645,34.65558],[-84.13655,34.6553],[-84.13668,34.65502],[-84.13686,34.65481],[-84.13722,34.65449],[-84.13754,34.65401],[-84.13764,34.65379],[-84.13782,34.65332],[-84.13793,34.65299],[-84.138,34.65287],[-84.13812,34.65274],[-84.13841,34.65251],[-84.13862,34.65238],[-84.13885,34.65222],[-84.13888,34.65218],[-84.14019,34.65107],[-84.14076,34.65069],[-84.14087,34.6506],[-84.14091,34.65057],[-84.14103,34.65047],[-84.1415,34.64997],[-84.14171,34.64963],[-84.14191,34.64944],[-84.14205,34.64931],[-84.14248,34.64907],[-84.14278,34.64884],[-84.14308,34.64871],[-84.14367,34.64831],[-84.14434,34.64794],[-84.14489,34.64774],[-84.14512,34.64766],[-84.14534,34.64726],[-84.14541,34.64719],[-84.14584,34.64684],[-84.14594,34.64679],[-84.14632,34.64659],[-84.14718,34.64634],[-84.14741,34.64632],[-84.14764,34.64634],[-84.14782,34.64642],[-84.14829,34.64669],[-84.14851,34.64678],[-84.14874,34.64685],[-84.14884,34.64685],[-84.14899,34.64685],[-84.14904,34.6469],[-84.14951,34.64788],[-84.15057,34.65059],[-84.15136,34.65102],[-84.15181,34.65127],[-84.15312,34.651],[-84.15423,34.64996],[-84.15435,34.64921],[-84.15448,34.64845],[-84.15478,34.64877],[-84.15507,34.64891],[-84.15525,34.64891],[-84.15555,34.64885],[-84.15573,34.6488],[-84.15587,34.64875],[-84.15591,34.64873],[-84.15596,34.64875],[-84.15612,34.6488],[-84.15746,34.64821],[-84.15757,34.64816],[-84.15781,34.64819],[-84.15794,34.6482],[-84.15804,34.64824],[-84.16429,34.63851],[-84.16482,34.63771],[-84.1649,34.63758],[-84.1665,34.63515],[-84.16935,34.63077],[-84.17036,34.62924],[-84.17363,34.62439],[-84.17869,34.61714],[-84.18205,34.61225],[-84.18241,34.61177],[-84.18614,34.60625],[-84.18656,34.60563],[-84.18856,34.60269],[-84.18852,34.60264],[-84.18835,34.60245],[-84.18832,34.60241],[-84.18765,34.60154],[-84.1875,34.60129],[-84.18745,34.60116],[-84.18729,34.60036],[-84.18719,34.60006],[-84.18725,34.59969],[-84.18716,34.59941],[-84.18715,34.59926],[-84.18727,34.5989],[-84.18738,34.59862],[-84.18767,34.59777],[-84.1878,34.59729],[-84.18785,34.59693],[-84.18881,34.59694],[-84.1889,34.59579],[-84.18894,34.59374],[-84.18908,34.59103],[-84.18908,34.59037],[-84.1892,34.58741],[-84.18922,34.58697],[-84.18934,34.58396],[-84.18938,34.5829],[-84.1896,34.57655],[-84.18965,34.5755],[-84.1899,34.56981],[-84.18994,34.56788],[-84.18996,34.56682],[-84.18997,34.56638],[-84.19,34.5659],[-84.19004,34.56494],[-84.19016,34.56254],[-84.19025,34.55957],[-84.19031,34.5594],[-84.19034,34.55924],[-84.19032,34.55907],[-84.19028,34.55891],[-84.19056,34.5525],[-84.1907,34.5487],[-84.19083,34.5449],[-84.19092,34.54252],[-84.19104,34.53918],[-84.19022,34.53854],[-84.18387,34.5336],[-84.18347,34.53329],[-84.18246,34.53251],[-84.1786,34.5295],[-84.17645,34.52779],[-84.17488,34.52653],[-84.17346,34.5254],[-84.16774,34.52084],[-84.16358,34.51715],[-84.15802,34.51221],[-84.15327,34.50798],[-84.15303,34.50772],[-84.15094,34.50557],[-84.14397,34.49888],[-84.13402,34.48986],[-84.13348,34.48938],[-84.12384,34.48089],[-84.11926,34.47649],[-84.11722,34.47492],[-84.11666,34.47448],[-84.11536,34.47328],[-84.11386,34.47315],[-84.10888,34.47274],[-84.10604,34.47254],[-84.10606,34.47197],[-84.10516,34.47192],[-84.10342,34.47186],[-84.10316,34.4712],[-84.10113,34.47127],[-84.10111,34.46971],[-84.1011,34.46821],[-84.10191,34.46819],[-84.10391,34.46821],[-84.10396,34.46754],[-84.10258,34.46623],[-84.10547,34.46636],[-84.10556,34.46636],[-84.1057,34.46637],[-84.10581,34.46637],[-84.10584,34.46637],[-84.10593,34.46638],[-84.10597,34.46638],[-84.10607,34.46638],[-84.10611,34.46638],[-84.1062,34.46639],[-84.10627,34.46639],[-84.10632,34.46639],[-84.10636,34.46639],[-84.1064,34.4664],[-84.10644,34.4664],[-84.10647,34.4664],[-84.10649,34.4664],[-84.10651,34.4664],[-84.10654,34.4664],[-84.10657,34.4664],[-84.1066,34.46641],[-84.10667,34.46621],[-84.10667,34.46593],[-84.10667,34.46585],[-84.10547,34.46541],[-84.10238,34.46463],[-84.10218,34.46458],[-84.10204,34.46454],[-84.10166,34.4644],[-84.09693,34.4626],[-84.09051,34.46012],[-84.08836,34.45928],[-84.08516,34.45806],[-84.08264,34.45703],[-84.07593,34.45469],[-84.07262,34.45334],[-84.07203,34.45309],[-84.07052,34.45248],[-84.06178,34.4489],[-84.0583,34.44747],[-84.05602,34.44654],[-84.0509,34.44468],[-84.05083,34.44466],[-84.05075,34.44463],[-84.05071,34.44461],[-84.05064,34.44459],[-84.04376,34.4421],[-84.04259,34.44167],[-84.04192,34.44142],[-84.04125,34.44118],[-84.03699,34.43962],[-84.03273,34.43806],[-84.02866,34.43654],[-84.0258,34.43531],[-84.01949,34.4326],[-84.01637,34.43148],[-84.01155,34.42968],[-84.01089,34.42937],[-84.00212,34.42581],[-83.99309,34.42271],[-83.9918,34.42229],[-83.99138,34.42218],[-83.99129,34.42216],[-83.99123,34.42214],[-83.98941,34.42149],[-83.98653,34.42046],[-83.98598,34.42026],[-83.98564,34.42014],[-83.98545,34.42008],[-83.98469,34.41982],[-83.98378,34.41949],[-83.98345,34.41938],[-83.98188,34.41882],[-83.98169,34.41876],[-83.98065,34.41839],[-83.98015,34.41849],[-83.97959,34.4187],[-83.97955,34.41871],[-83.97925,34.41883],[-83.97911,34.41888],[-83.97852,34.41906],[-83.97795,34.41902],[-83.97743,34.41882],[-83.9769,34.41868],[-83.97613,34.41867],[-83.97593,34.41874],[-83.97556,34.41896],[-83.97544,34.41904],[-83.97436,34.41994],[-83.97401,34.42023],[-83.9738,34.42041],[-83.97316,34.42083],[-83.97176,34.42204],[-83.97121,34.42252],[-83.97089,34.42281],[-83.9707,34.42391],[-83.97068,34.42402],[-83.97077,34.4242],[-83.97091,34.4245],[-83.97119,34.4251],[-83.97137,34.42593],[-83.97143,34.42618],[-83.97194,34.42723],[-83.97255,34.4282],[-83.97294,34.42882],[-83.97296,34.42885],[-83.97297,34.42887],[-83.97298,34.42888],[-83.973,34.42893],[-83.97319,34.42943],[-83.9733,34.42974],[-83.97332,34.42979],[-83.97352,34.43034],[-83.97351,34.43042],[-83.97373,34.43109],[-83.9741,34.43163],[-83.97459,34.43219],[-83.97491,34.43258],[-83.97515,34.43272]]]},"properties":{"GEOID":"13187","BASENAME":"Lumpkin"}},{"type":"Feature","geometry":{"type":"Polygon","coordinates":[[[-84.34655,34.56604],[-84.3465,34.56571],[-84.3464,34.56535],[-84.34595,34.5645],[-84.34593,34.56428],[-84.34598,34.56413],[-84.34602,34.56401],[-84.346,34.56373],[-84.34589,34.56343],[-84.34567,34.56313],[-84.34562,34.56306],[-84.3456,34.56303],[-84.34556,34.56285],[-84.34556,34.56282],[-84.34555,34.56274],[-84.34555,34.56267],[-84.34555,34.56179],[-84.34556,34.56075],[-84.34557,34.55958],[-84.34559,34.55576],[-84.3456,34.55471],[-84.34561,34.55413],[-84.34565,34.55193],[-84.34566,34.54858],[-84.34566,34.54853],[-84.34566,34.54841],[-84.34494,34.54636],[-84.34462,34.54545],[-84.34414,34.54376],[-84.34334,34.54084],[-84.3401,34.5309],[-84.34,34.53057],[-84.33974,34.52978],[-84.33937,34.52865],[-84.33788,34.52401],[-84.33786,34.52395],[-84.33715,34.52173],[-84.33623,34.51887],[-84.33546,34.51649],[-84.33508,34.5153],[-84.33431,34.51291],[-84.3339,34.51164],[-84.33378,34.51125],[-84.33108,34.50296],[-84.32971,34.49859],[-84.32775,34.49268],[-84.32683,34.48988],[-84.3264,34.48858],[-84.32359,34.47995],[-84.3228,34.47755],[-84.32233,34.47611],[-84.3214,34.47327],[-84.32113,34.47244],[-84.32069,34.47106],[-84.32008,34.46912],[-84.31994,34.46868],[-84.31987,34.46844],[-84.31974,34.46804],[-84.31968,34.46786],[-84.31921,34.46786],[-84.31913,34.46786],[-84.31885,34.46786],[-84.31845,34.46786],[-84.31573,34.46787],[-84.31469,34.46787],[-84.31336,34.46787],[-84.31032,34.46784],[-84.30949,34.46783],[-84.30895,34.46782],[-84.30878,34.46782],[-84.30669,34.46779],[-84.3056,34.46779],[-84.30446,34.46778],[-84.30419,34.46777],[-84.30297,34.46776],[-84.30246,34.46776],[-84.30177,34.46776],[-84.29997,34.46774],[-84.29717,34.46771],[-84.29558,34.46769],[-84.29429,34.46767],[-84.29426,34.46767],[-84.29382,34.46767],[-84.29286,34.46766],[-84.29191,34.46765],[-84.29119,34.46764],[-84.28998,34.46762],[-84.28878,34.46761],[-84.2886,34.46761],[-84.28697,34.46759],[-84.28646,34.46759],[-84.28611,34.46758],[-84.28525,34.46758],[-84.28428,34.46756],[-84.28297,34.46755],[-84.28194,34.46755],[-84.28188,34.46755],[-84.28141,34.46755],[-84.28042,34.46754],[-84.28005,34.46754],[-84.27818,34.46752],[-84.27714,34.46752],[-84.27449,34.46749],[-84.27443,34.46749],[-84.27373,34.46748],[-84.27279,34.46747],[-84.27161,34.46746],[-84.27105,34.46745],[-84.27091,34.46745],[-84.27054,34.46745],[-84.26934,34.46743],[-84.26871,34.46742],[-84.26678,34.4674],[-84.26574,34.46739],[-84.26548,34.46739],[-84.26538,34.46739],[-84.26526,34.46739],[-84.26482,34.46738],[-84.26463,34.46738],[-84.26433,34.46737],[-84.26352,34.46736],[-84.26302,34.46736],[-84.26265,34.46735],[-84.25996,34.46734],[-84.25945,34.46734],[-84.25942,34.46734],[-84.2587,34.46734],[-84.25855,34.46734],[-84.25765,34.46733],[-84.25687,34.46733],[-84.25687,34.46605],[-84.25688,34.46564],[-84.25687,34.46562],[-84.25689,34.4631],[-84.25693,34.4608],[-84.25693,34.46078],[-84.25696,34.45876],[-84.25697,34.45507],[-84.25696,34.45498],[-84.25698,34.45254],[-84.25699,34.45176],[-84.25699,34.45172],[-84.25701,34.45082],[-84.25701,34.44988],[-84.25701,34.44974],[-84.25701,34.44957],[-84.25702,34.44944],[-84.25702,34.44921],[-84.25702,34.44897],[-84.25702,34.4487],[-84.25702,34.4486],[-84.25702,34.44765],[-84.25703,34.44636],[-84.25703,34.44585],[-84.25704,34.44542],[-84.25705,34.4449],[-84.25705,34.44462],[-84.25706,34.44411],[-84.25706,34.44403],[-84.25706,34.44371],[-84.25713,34.43852],[-84.25714,34.43768],[-84.25714,34.429],[-84.25715,34.42823],[-84.25719,34.42248],[-84.25721,34.42089],[-84.25721,34.4203],[-84.25723,34.41888],[-84.25724,34.41843],[-84.25724,34.41808],[-84.25725,34.41775],[-84.25727,34.41602],[-84.25727,34.4159],[-84.25729,34.41484],[-84.25732,34.41224],[-84.25733,34.41165],[-84.25733,34.40753],[-84.25735,34.40563],[-84.25737,34.40253],[-84.25737,34.40213],[-84.25737,34.40186],[-84.25738,34.40092],[-84.25739,34.40014],[-84.25739,34.39987],[-84.25739,34.3996],[-84.2574,34.39853],[-84.2574,34.39762],[-84.2574,34.39756],[-84.25741,34.39725],[-84.25741,34.39695],[-84.25745,34.39159],[-84.25745,34.39156],[-84.25745,34.39057],[-84.25757,34.38189],[-84.25757,34.38173],[-84.25758,34.38117],[-84.25759,34.38099],[-84.2576,34.38058],[-84.25761,34.3799],[-84.25761,34.37942],[-84.25759,34.37864],[-84.25761,34.37767],[-84.25762,34.37691],[-84.25765,34.37534],[-84.25765,34.37511],[-84.25785,34.37509],[-84.25784,34.37441],[-84.25784,34.37435],[-84.25783,34.37373],[-84.25782,34.37343],[-84.25781,34.37263],[-84.25782,34.37158],[-84.25783,34.36791],[-84.25783,34.36674],[-84.25782,34.36137],[-84.25782,34.36132],[-84.25782,34.35956],[-84.25782,34.3585],[-84.25785,34.35601],[-84.25785,34.35589],[-84.25789,34.35169],[-84.25791,34.34974],[-84.25793,34.34797],[-84.25795,34.34613],[-84.25796,34.34604],[-84.2581,34.33647],[-84.25806,34.33645],[-84.25807,34.33516],[-84.25592,34.33516],[-84.25463,34.33517],[-84.25117,34.33513],[-84.24838,34.33516],[-84.24771,34.33516],[-84.2467,34.33516],[-84.24661,34.33516],[-84.24652,34.33516],[-84.24636,34.33516],[-84.22865,34.33509],[-84.22549,34.33506],[-84.2223,34.33508],[-84.22226,34.33508],[-84.2197,34.33506],[-84.21556,34.33503],[-84.21102,34.335],[-84.20796,34.33498],[-84.20592,34.33497],[-84.20386,34.33496],[-84.20054,34.33495],[-84.19733,34.33493],[-84.19604,34.33493],[-84.19517,34.33493],[-84.19276,34.33494],[-84.19117,34.33493],[-84.19081,34.33492],[-84.18619,34.33489],[-84.18391,34.3349],[-84.18289,34.3349],[-84.17972,34.33489],[-84.17638,34.33487],[-84.17101,34.33485],[-84.16577,34.33482],[-84.16229,34.33481],[-84.15301,34.33477],[-84.14847,34.33476],[-84.14629,34.33475],[-84.14583,34.33475],[-84.1429,34.33477],[-84.14036,34.33475],[-84.13866,34.33474],[-84.13297,34.33471],[-84.13134,34.33471],[-84.12931,34.33471],[-84.12844,34.33471],[-84.12595,34.33471],[-84.1224,34.33468],[-84.11717,34.33463],[-84.11591,34.33461],[-84.11487,34.33461],[-84.10849,34.33459],[-84.1071,34.33459],[-84.10394,34.33458],[-84.09857,34.33456],[-84.09793,34.33456],[-84.09546,34.33455],[-84.09516,34.33455],[-84.08701,34.33452],[-84.08397,34.33451],[-84.08245,34.3345],[-84.08104,34.3345],[-84.07715,34.33448],[-84.07579,34.33447],[-84.07516,34.33447],[-84.06768,34.33443],[-84.06651,34.33442],[-84.06205,34.3344],[-84.059,34.3344],[-84.05738,34.3344],[-84.05604,34.3344],[-84.05598,34.3344],[-84.05573,34.3344],[-84.05499,34.3344],[-84.04593,34.33436],[-84.04587,34.33436],[-84.04414,34.33435],[-84.04091,34.33433],[-84.03985,34.33433],[-84.03875,34.33432],[-84.03729,34.33432],[-84.03468,34.3343],[-84.03351,34.33431],[-84.03299,34.3343],[-84.03169,34.3343],[-84.0316,34.33431],[-84.02847,34.33432],[-84.02386,34.33433],[-84.0209,34.33434],[-84.02039,34.33433],[-84.01854,34.33431],[-84.01745,34.3343],[-84.01673,34.3343],[-84.01618,34.3343],[-84.01563,34.33431],[-84.01437,34.33431],[-84.01416,34.33431],[-84.01395,34.33431],[-84.00593,34.33429],[-83.99791,34.33428],[-83.99233,34.33424],[-83.99024,34.33423],[-83.98717,34.33423],[-83.98402,34.33421],[-83.9839,34.33421],[-83.98375,34.33421],[-83.98366,34.33421],[-83.98343,34.33421],[-83.98204,34.3342],[-83.98123,34.3342],[-83.98065,34.3342],[-83.98064,34.3342],[-83.9796,34.33419],[-83.97857,34.33419],[-83.9741,34.33416],[-83.97386,34.33416],[-83.9705,34.33408],[-83.97035,34.33408],[-83.96842,34.33409],[-83.9672,34.33409],[-83.96713,34.33409],[-83.96609,34.33408],[-83.96512,34.33408],[-83.96263,34.33406],[-83.96036,34.33404],[-83.95904,34.33403],[-83.95708,34.33401],[-83.95711,34.33407],[-83.9583,34.3365],[-83.95887,34.33718],[-83.95905,34.33792],[-83.95981,34.33943],[-83.96003,34.34025],[-83.96006,34.34168],[-83.96017,34.34271],[-83.96071,34.34312],[-83.96128,34.34324],[-83.96252,34.34269],[-83.96258,34.34267],[-83.96473,34.34083],[-83.96544,34.33994],[-83.96627,34.33949],[-83.96685,34.33963],[-83.96717,34.34031],[-83.96757,34.34075],[-83.96788,34.34254],[-83.96825,34.34369],[-83.96853,34.34412],[-83.96958,34.34512],[-83.97025,34.34582],[-83.97124,34.3469],[-83.97191,34.34766],[-83.97232,34.3484],[-83.9724,34.34853],[-83.97247,34.34867],[-83.97255,34.34882],[-83.97264,34.34897],[-83.97294,34.34995],[-83.97299,34.35011],[-83.97365,34.35091],[-83.97527,34.35327],[-83.97594,34.35491],[-83.97624,34.35603],[-83.97624,34.35658],[-83.97689,34.35702],[-83.97762,34.35715],[-83.9796,34.35715],[-83.98056,34.35737],[-83.98143,34.35783],[-83.98162,34.35876],[-83.98146,34.35954],[-83.98102,34.35979],[-83.97861,34.36116],[-83.97706,34.36189],[-83.97618,34.36284],[-83.97613,34.36306],[-83.97598,34.36391],[-83.97619,34.36438],[-83.97623,34.36446],[-83.97632,34.36466],[-83.97671,34.36512],[-83.9788,34.36752],[-83.97934,34.36814],[-83.9798,34.36832],[-83.98052,34.3686],[-83.98086,34.36874],[-83.98098,34.3692],[-83.98086,34.3696],[-83.98001,34.37062],[-83.97942,34.37164],[-83.97918,34.37298],[-83.97971,34.37363],[-83.98037,34.37411],[-83.98038,34.37509],[-83.9802,34.37587],[-83.97961,34.37713],[-83.97843,34.37824],[-83.97791,34.37867],[-83.97771,34.37883],[-83.97751,34.37899],[-83.97722,34.37924],[-83.97723,34.37948],[-83.97743,34.37978],[-83.97894,34.38047],[-83.97932,34.38065],[-83.97937,34.38067],[-83.98212,34.38146],[-83.98317,34.38197],[-83.98401,34.38258],[-83.98433,34.38296],[-83.98435,34.38326],[-83.98437,34.38363],[-83.98435,34.38365],[-83.98361,34.38609],[-83.98361,34.38612],[-83.98234,34.38786],[-83.98134,34.38888],[-83.98127,34.38895],[-83.9812,34.38902],[-83.98106,34.38917],[-83.97903,34.39045],[-83.97853,34.39076],[-83.9782,34.39136],[-83.97807,34.3919],[-83.97823,34.39275],[-83.97817,34.39453],[-83.97796,34.39504],[-83.97734,34.39657],[-83.97647,34.39795],[-83.97583,34.39825],[-83.97521,34.39855],[-83.97432,34.39871],[-83.97277,34.399],[-83.97231,34.39967],[-83.97207,34.40031],[-83.97152,34.40178],[-83.97155,34.40246],[-83.97155,34.40252],[-83.9717,34.4038],[-83.97184,34.40511],[-83.972,34.4055],[-83.9726,34.40604],[-83.97294,34.4061],[-83.9739,34.40634],[-83.97476,34.40655],[-83.97491,34.40673],[-83.975,34.40682],[-83.97512,34.40729],[-83.97517,34.40748],[-83.97522,34.40766],[-83.97527,34.40783],[-83.97535,34.40802],[-83.97548,34.40831],[-83.9756,34.40859],[-83.97565,34.40865],[-83.97612,34.409],[-83.97629,34.4092],[-83.97657,34.40937],[-83.97672,34.40946],[-83.97684,34.40953],[-83.977,34.40963],[-83.97704,34.40975],[-83.97719,34.41013],[-83.97777,34.41071],[-83.97783,34.41078],[-83.9784,34.41122],[-83.97864,34.41129],[-83.97925,34.41153],[-83.98026,34.41164],[-83.98079,34.41152],[-83.9818,34.41131],[-83.98193,34.41127],[-83.9836,34.41068],[-83.98437,34.41075],[-83.98462,34.41119],[-83.98482,34.4116],[-83.98471,34.41282],[-83.98429,34.41385],[-83.98399,34.41414],[-83.98392,34.41432],[-83.98367,34.41553],[-83.98336,34.41675],[-83.98328,34.41704],[-83.98317,34.41715],[-83.98251,34.41781],[-83.98241,34.41786],[-83.98237,34.41789],[-83.98202,34.41811],[-83.98152,34.41821],[-83.98108,34.4183],[-83.98065,34.41839],[-83.98169,34.41876],[-83.98188,34.41882],[-83.98345,34.41938],[-83.98378,34.41949],[-83.98469,34.41982],[-83.98545,34.42008],[-83.98564,34.42014],[-83.98598,34.42026],[-83.98653,34.42046],[-83.98941,34.42149],[-83.99123,34.42214],[-83.99129,34.42216],[-83.99138,34.42218],[-83.9918,34.42229],[-83.99309,34.42271],[-84.00212,34.42581],[-84.01089,34.42937],[-84.01155,34.42968],[-84.01637,34.43148],[-84.01949,34.4326],[-84.0258,34.43531],[-84.02866,34.43654],[-84.03273,34.43806],[-84.03699,34.43962],[-84.04125,34.44118],[-84.04192,34.44142],[-84.04259,34.44167],[-84.04376,34.4421],[-84.05064,34.44459],[-84.05071,34.44461],[-84.05075,34.44463],[-84.05083,34.44466],[-84.0509,34.44468],[-84.05602,34.44654],[-84.0583,34.44747],[-84.06178,34.4489],[-84.07052,34.45248],[-84.07203,34.45309],[-84.07262,34.45334],[-84.07593,34.45469],[-84.08264,34.45703],[-84.08516,34.45806],[-84.08836,34.45928],[-84.09051,34.46012],[-84.09693,34.4626],[-84.10166,34.4644],[-84.10204,34.46454],[-84.10218,34.46458],[-84.10238,34.46463],[-84.10547,34.46541],[-84.10667,34.46585],[-84.10667,34.46593],[-84.10667,34.46621],[-84.1066,34.46641],[-84.10657,34.4664],[-84.10654,34.4664],[-84.10651,34.4664],[-84.10649,34.4664],[-84.10647,34.4664],[-84.10644,34.4664],[-84.1064,34.4664],[-84.10636,34.46639],[-84.10632,34.46639],[-84.10627,34.46639],[-84.1062,34.46639],[-84.10611,34.46638],[-84.10607,34.46638],[-84.10597,34.46638],[-84.10593,34.46638],[-84.10584,34.46637],[-84.10581,34.46637],[-84.1057,34.46637],[-84.10556,34.46636],[-84.10547,34.46636],[-84.10258,34.46623],[-84.10396,34.46754],[-84.10391,34.46821],[-84.10191,34.46819],[-84.1011,34.46821],[-84.10111,34.46971],[-84.10113,34.47127],[-84.10316,34.4712],[-84.10342,34.47186],[-84.10516,34.47192],[-84.10606,34.47197],[-84.10604,34.47254],[-84.10888,34.47274],[-84.11386,34.47315],[-84.11536,34.47328],[-84.11666,34.47448],[-84.11722,34.47492],[-84.11926,34.47649],[-84.12384,34.48089],[-84.13348,34.48938],[-84.13402,34.48986],[-84.14397,34.49888],[-84.15094,34.50557],[-84.15303,34.50772],[-84.15327,34.50798],[-84.15802,34.51221],[-84.16358,34.51715],[-84.16774,34.52084],[-84.17346,34.5254],[-84.17488,34.52653],[-84.17645,34.52779],[-84.1786,34.5295],[-84.18246,34.53251],[-84.18347,34.53329],[-84.18387,34.5336],[-84.19022,34.53854],[-84.19104,34.53918],[-84.19092,34.54252],[-84.19083,34.5449],[-84.1907,34.5487],[-84.19056,34.5525],[-84.19028,34.55891],[-84.19032,34.55907],[-84.19034,34.55924],[-84.19031,34.5594],[-84.19025,34.55957],[-84.19016,34.56254],[-84.19004,34.56494],[-84.19,34.5659],[-84.18997,34.56638],[-84.18996,34.56682],[-84.18994,34.56788],[-84.1899,34.56981],[-84.18965,34.5755],[-84.1896,34.57655],[-84.18938,34.5829],[-84.18934,34.58396],[-84.18922,34.58697],[-84.1892,34.58741],[-84.18908,34.59037],[-84.18908,34.59103],[-84.18894,34.59374],[-84.1889,34.59579],[-84.18881,34.59694],[-84.18785,34.59693],[-84.1878,34.59729],[-84.18767,34.59777],[-84.18738,34.59862],[-84.18727,34.5989],[-84.18715,34.59926],[-84.18716,34.59941],[-84.18725,34.59969],[-84.18719,34.60006],[-84.18729,34.60036],[-84.18745,34.60116],[-84.1875,34.60129],[-84.18765,34.60154],[-84.18832,34.60241],[-84.18835,34.60245],[-84.18852,34.60264],[-84.18856,34.60269],[-84.18904,34.60327],[-84.18944,34.60396],[-84.18988,34.60473],[-84.18999,34.60592],[-84.18995,34.60659],[-84.18962,34.60734],[-84.18915,34.608],[-84.18903,34.60811],[-84.18933,34.60886],[-84.19006,34.6093],[-84.19071,34.60983],[-84.19138,34.6105],[-84.19154,34.61077],[-84.19173,34.61152],[-84.19188,34.61181],[-84.19224,34.61222],[-84.19255,34.61243],[-84.193,34.61282],[-84.19354,34.61341],[-84.19442,34.61467],[-84.19457,34.61497],[-84.19463,34.6151],[-84.19478,34.61555],[-84.19524,34.61592],[-84.19559,34.61627],[-84.19582,34.6164],[-84.19595,34.61651],[-84.19643,34.61715],[-84.19667,34.61763],[-84.19675,34.61792],[-84.19695,34.61759],[-84.19729,34.61729],[-84.19767,34.61699],[-84.19836,34.61657],[-84.19887,34.61616],[-84.19907,34.61594],[-84.19925,34.61557],[-84.19939,34.61538],[-84.19942,34.61535],[-84.19962,34.61517],[-84.1999,34.61501],[-84.20112,34.61449],[-84.2018,34.61428],[-84.20278,34.61391],[-84.20333,34.61368],[-84.20342,34.61361],[-84.20354,34.61356],[-84.204,34.61347],[-84.20444,34.61334],[-84.20464,34.61332],[-84.20505,34.61343],[-84.20549,34.61359],[-84.20575,34.6137],[-84.20607,34.61379],[-84.20636,34.61382],[-84.20668,34.61383],[-84.20717,34.61379],[-84.2079,34.61367],[-84.20829,34.61357],[-84.2088,34.61341],[-84.20916,34.61322],[-84.2095,34.61296],[-84.20983,34.61254],[-84.21053,34.61169],[-84.21101,34.61116],[-84.21114,34.61105],[-84.21136,34.61094],[-84.21166,34.61088],[-84.21204,34.61075],[-84.21248,34.61064],[-84.21284,34.61052],[-84.21301,34.61047],[-84.21336,34.61038],[-84.2134,34.61036],[-84.21363,34.61029],[-84.2141,34.61006],[-84.21424,34.60991],[-84.21435,34.60972],[-84.21441,34.60955],[-84.21447,34.60916],[-84.21448,34.60908],[-84.2146,34.60867],[-84.21462,34.60859],[-84.21462,34.60856],[-84.21464,34.60851],[-84.21472,34.60828],[-84.21475,34.6082],[-84.21494,34.60768],[-84.21506,34.60744],[-84.21532,34.6072],[-84.21536,34.60716],[-84.21548,34.60693],[-84.21556,34.60662],[-84.21558,34.6064],[-84.21561,34.60609],[-84.21565,34.6059],[-84.21574,34.60576],[-84.21582,34.6055],[-84.21587,34.60535],[-84.21602,34.60509],[-84.21609,34.60497],[-84.21633,34.60472],[-84.21667,34.60453],[-84.21706,34.60435],[-84.21739,34.60425],[-84.21812,34.60397],[-84.2182,34.60388],[-84.21821,34.60361],[-84.21824,34.60275],[-84.21842,34.60189],[-84.2187,34.6006],[-84.21874,34.60051],[-84.2188,34.60046],[-84.22059,34.60025],[-84.22225,34.60026],[-84.22293,34.60001],[-84.22355,34.59965],[-84.22374,34.59949],[-84.22388,34.59938],[-84.22388,34.5977],[-84.2239,34.59732],[-84.2239,34.59727],[-84.2239,34.59722],[-84.2239,34.59705],[-84.22391,34.59699],[-84.22397,34.59699],[-84.22416,34.597],[-84.22423,34.597],[-84.22474,34.597],[-84.22627,34.59703],[-84.22678,34.59704],[-84.22701,34.59704],[-84.22769,34.59705],[-84.22791,34.59705],[-84.22995,34.59708],[-84.23147,34.59711],[-84.24213,34.59732],[-84.24569,34.59739],[-84.24659,34.5974],[-84.24691,34.59741],[-84.25058,34.59745],[-84.25181,34.59746],[-84.25238,34.59747],[-84.2541,34.59749],[-84.25468,34.5975],[-84.25467,34.59706],[-84.25471,34.59538],[-84.25475,34.59351],[-84.25481,34.58902],[-84.25484,34.5869],[-84.25486,34.58528],[-84.25493,34.58043],[-84.25494,34.57941],[-84.25496,34.57881],[-84.25499,34.57727],[-84.25501,34.57625],[-84.25501,34.57603],[-84.25503,34.57275],[-84.25503,34.57263],[-84.25506,34.57111],[-84.25506,34.57108],[-84.25507,34.57067],[-84.25509,34.56946],[-84.2551,34.56905],[-84.2551,34.56895],[-84.25511,34.56866],[-84.25511,34.56856],[-84.25511,34.56847],[-84.25511,34.56833],[-84.25524,34.56832],[-84.25533,34.56832],[-84.25634,34.56875],[-84.25721,34.56906],[-84.25782,34.56918],[-84.25842,34.5692],[-84.259,34.56914],[-84.25952,34.56892],[-84.26091,34.5693],[-84.26133,34.5694],[-84.2619,34.56973],[-84.2625,34.57008],[-84.26361,34.5704],[-84.26486,34.57056],[-84.26533,34.5706],[-84.26661,34.56988],[-84.2674,34.57049],[-84.26939,34.57049],[-84.27024,34.57045],[-84.27108,34.57061],[-84.27178,34.5709],[-84.27228,34.5713],[-84.27283,34.57185],[-84.2729,34.57189],[-84.27304,34.57193],[-84.27341,34.5719],[-84.27359,34.57192],[-84.27375,34.57199],[-84.27424,34.57235],[-84.27451,34.57248],[-84.27507,34.57271],[-84.2752,34.57279],[-84.27535,34.57291],[-84.27548,34.57305],[-84.27552,34.57317],[-84.27567,34.57347],[-84.27567,34.57365],[-84.27576,34.57375],[-84.2759,34.57374],[-84.27601,34.5737],[-84.27617,34.5736],[-84.27653,34.57339],[-84.27684,34.57324],[-84.2771,34.57312],[-84.27728,34.57303],[-84.27779,34.57291],[-84.27827,34.57279],[-84.2786,34.57275],[-84.27887,34.57266],[-84.27906,34.5726],[-84.27909,34.5725],[-84.27908,34.57239],[-84.27904,34.5723],[-84.27888,34.57219],[-84.27878,34.57205],[-84.27847,34.57164],[-84.27839,34.57136],[-84.27835,34.57097],[-84.27837,34.57062],[-84.27851,34.57008],[-84.27863,34.56987],[-84.27878,34.56968],[-84.27882,34.56965],[-84.27888,34.56961],[-84.27928,34.56956],[-84.27964,34.56945],[-84.28059,34.56928],[-84.28107,34.56927],[-84.28139,34.56927],[-84.28154,34.56931],[-84.2822,34.56957],[-84.28242,34.56961],[-84.28372,34.56955],[-84.28398,34.56951],[-84.28418,34.56942],[-84.28442,34.56935],[-84.28495,34.56929],[-84.28548,34.56938],[-84.28592,34.5694],[-84.28606,34.56938],[-84.28629,34.5693],[-84.28667,34.56911],[-84.28687,34.56907],[-84.28709,34.56898],[-84.28789,34.56877],[-84.28838,34.56871],[-84.28876,34.56871],[-84.28933,34.56879],[-84.28986,34.56882],[-84.29022,34.56887],[-84.29127,34.56888],[-84.29169,34.56895],[-84.29218,34.56901],[-84.29273,34.56913],[-84.29308,34.56925],[-84.29452,34.56987],[-84.29464,34.56997],[-84.29469,34.57006],[-84.29506,34.57049],[-84.29515,34.57066],[-84.2953,34.57112],[-84.29543,34.57186],[-84.29558,34.57219],[-84.29707,34.57443],[-84.29713,34.57455],[-84.29717,34.57464],[-84.29721,34.57496],[-84.29726,34.57509],[-84.29736,34.57524],[-84.29745,34.57533],[-84.29781,34.57556],[-84.29838,34.57576],[-84.29881,34.57598],[-84.29938,34.57645],[-84.29977,34.57667],[-84.30055,34.57722],[-84.30153,34.57814],[-84.30172,34.57824],[-84.30187,34.57829],[-84.30205,34.57832],[-84.30211,34.57833],[-84.30224,34.57835],[-84.30232,34.57834],[-84.30237,34.57832],[-84.30329,34.57772],[-84.30353,34.57767],[-84.30374,34.57772],[-84.30393,34.57784],[-84.30393,34.57785],[-84.30421,34.57817],[-84.30422,34.57836],[-84.30418,34.57847],[-84.30385,34.57899],[-84.3038,34.57916],[-84.30386,34.57959],[-84.30392,34.5798],[-84.30414,34.58013],[-84.30425,34.58024],[-84.30446,34.58033],[-84.30449,34.58034],[-84.30539,34.58044],[-84.30574,34.58048],[-84.30578,34.58049],[-84.30596,34.58054],[-84.30617,34.58062],[-84.30649,34.58082],[-84.30671,34.58111],[-84.30707,34.5814],[-84.30727,34.58145],[-84.30753,34.58139],[-84.30765,34.58132],[-84.30776,34.58122],[-84.30804,34.58086],[-84.3083,34.58056],[-84.30897,34.58013],[-84.30898,34.58012],[-84.30936,34.57999],[-84.30984,34.57978],[-84.31004,34.57967],[-84.31017,34.57956],[-84.3102,34.57954],[-84.31034,34.57937],[-84.31059,34.57895],[-84.31075,34.57862],[-84.31099,34.57801],[-84.31113,34.57778],[-84.31123,34.57769],[-84.31146,34.57759],[-84.31297,34.57768],[-84.31322,34.5777],[-84.31324,34.57771],[-84.3136,34.57781],[-84.31377,34.57791],[-84.31419,34.57822],[-84.31506,34.5785],[-84.31538,34.57856],[-84.31561,34.57867],[-84.31638,34.57887],[-84.31657,34.57895],[-84.31689,34.57899],[-84.3172,34.57898],[-84.31752,34.57893],[-84.3179,34.57879],[-84.31802,34.57881],[-84.31805,34.57883],[-84.31804,34.57903],[-84.31802,34.57936],[-84.31821,34.5798],[-84.31867,34.5805],[-84.31875,34.5806],[-84.31924,34.58118],[-84.31943,34.58145],[-84.32012,34.58214],[-84.32029,34.58223],[-84.32043,34.58226],[-84.32079,34.58229],[-84.3213,34.5824],[-84.32191,34.5824],[-84.32246,34.58235],[-84.32303,34.58241],[-84.32312,34.58244],[-84.32338,34.58264],[-84.32361,34.58282],[-84.32398,34.58294],[-84.32432,34.58308],[-84.32459,34.58315],[-84.32503,34.58317],[-84.32514,34.5832],[-84.32539,34.58328],[-84.32565,34.58342],[-84.3261,34.58358],[-84.32639,34.58363],[-84.32736,34.58359],[-84.3274,34.58359],[-84.3278,34.58357],[-84.32793,34.58358],[-84.32871,34.58362],[-84.32878,34.58359],[-84.32881,34.58357],[-84.32889,34.58353],[-84.32898,34.58344],[-84.3293,34.58295],[-84.3295,34.58265],[-84.32948,34.58244],[-84.32946,34.58225],[-84.32959,34.58204],[-84.32994,34.58197],[-84.32999,34.58197],[-84.33046,34.58196],[-84.33067,34.58187],[-84.33135,34.58142],[-84.33166,34.5811],[-84.33192,34.5808],[-84.33205,34.58066],[-84.3322,34.58038],[-84.33243,34.58021],[-84.33259,34.58003],[-84.33279,34.5799],[-84.33313,34.57982],[-84.33356,34.57982],[-84.33421,34.57998],[-84.33445,34.58004],[-84.33468,34.5801],[-84.33481,34.58013],[-84.33494,34.58016],[-84.33508,34.58015],[-84.33511,34.58015],[-84.3352,34.58006],[-84.33527,34.57999],[-84.3353,34.57995],[-84.33531,34.57993],[-84.33542,34.57977],[-84.33556,34.57956],[-84.33575,34.57938],[-84.3359,34.57932],[-84.33605,34.57928],[-84.33607,34.57927],[-84.33611,34.57927],[-84.33624,34.57927],[-84.33627,34.57927],[-84.33642,34.57929],[-84.33646,34.5793],[-84.33654,34.57927],[-84.33658,34.57922],[-84.33661,34.57907],[-84.33664,34.57895],[-84.33664,34.57891],[-84.33664,34.57889],[-84.33663,34.57836],[-84.33668,34.57823],[-84.3368,34.57801],[-84.33675,34.57748],[-84.33671,34.57734],[-84.33635,34.577],[-84.33626,34.5768],[-84.33624,34.57664],[-84.33615,34.57645],[-84.336,34.57623],[-84.33581,34.57604],[-84.33558,34.57589],[-84.33505,34.57565],[-84.33424,34.57519],[-84.33377,34.57484],[-84.33351,34.5745],[-84.33343,34.57434],[-84.33334,34.57401],[-84.33325,34.57387],[-84.33309,34.57376],[-84.3326,34.57359],[-84.33237,34.57346],[-84.33225,34.5734],[-84.33185,34.57307],[-84.33176,34.5729],[-84.33155,34.57272],[-84.33151,34.57262],[-84.3315,34.57253],[-84.33159,34.57256],[-84.33211,34.57265],[-84.33227,34.57262],[-84.3324,34.57255],[-84.33246,34.57244],[-84.33252,34.57205],[-84.33255,34.57192],[-84.33266,34.57177],[-84.33277,34.57164],[-84.33292,34.57149],[-84.33301,34.57145],[-84.33323,34.5714],[-84.33346,34.57138],[-84.33574,34.57173],[-84.33662,34.57187],[-84.33682,34.57188],[-84.33707,34.57184],[-84.33744,34.5717],[-84.33758,34.57152],[-84.33749,34.57005],[-84.33752,34.57],[-84.33753,34.56996],[-84.33763,34.56986],[-84.33778,34.56979],[-84.33823,34.56965],[-84.33916,34.56948],[-84.33929,34.56945],[-84.33952,34.56945],[-84.34012,34.56951],[-84.34027,34.56953],[-84.34057,34.56963],[-84.34081,34.56962],[-84.3409,34.56957],[-84.34097,34.56949],[-84.34107,34.569],[-84.34124,34.56881],[-84.34146,34.56866],[-84.34164,34.56858],[-84.34175,34.56846],[-84.34196,34.56802],[-84.342,34.5678],[-84.34208,34.56759],[-84.34216,34.56749],[-84.34232,34.56739],[-84.34252,34.56733],[-84.34278,34.56734],[-84.34298,34.56738],[-84.34307,34.56743],[-84.34316,34.56747],[-84.34371,34.56758],[-84.34389,34.56758],[-84.34441,34.56746],[-84.34478,34.56733],[-84.34486,34.5673],[-84.34521,34.56721],[-84.34575,34.56704],[-84.34583,34.567],[-84.34595,34.56694],[-84.34612,34.56682],[-84.34639,34.56654],[-84.34649,34.5663],[-84.34655,34.56604]]]},"properties":{"GEOID":"13085","BASENAME":"Dawson"}},{"type":"Feature","geometry":{"type":"Polygon","coordinates":[[[-83.83069,34.76618],[-83.83073,34.7659],[-83.83054,34.76473],[-83.83038,34.7643],[-83.82996,34.76376],[-83.82939,34.76282],[-83.82926,34.76189],[-83.82935,34.7609],[-83.82981,34.75967],[-83.82996,34.75907],[-83.82989,34.75821],[-83.82975,34.75768],[-83.82955,34.75723],[-83.82895,34.75654],[-83.82861,34.75594],[-83.82846,34.75542],[-83.82855,34.75444],[-83.82851,34.75375],[-83.82831,34.75306],[-83.82683,34.75009],[-83.82625,34.75009],[-83.8261,34.75009],[-83.826,34.74989],[-83.8259,34.74949],[-83.82571,34.74919],[-83.8256,34.74849],[-83.82551,34.74799],[-83.82531,34.74739],[-83.82531,34.74699],[-83.82531,34.74669],[-83.82541,34.74629],[-83.82561,34.74569],[-83.82561,34.74528],[-83.82551,34.74478],[-83.82531,34.74448],[-83.82501,34.74398],[-83.82501,34.74368],[-83.82511,34.74338],[-83.82551,34.74318],[-83.82621,34.74278],[-83.82691,34.74258],[-83.82741,34.74228],[-83.82781,34.74218],[-83.82831,34.74188],[-83.82861,34.74168],[-83.82891,34.74127],[-83.82971,34.74037],[-83.82971,34.74027],[-83.82962,34.73987],[-83.82962,34.73977],[-83.82962,34.73963],[-83.8296,34.73899],[-83.8297,34.73839],[-83.82981,34.73779],[-83.83,34.73709],[-83.8301,34.73689],[-83.8303,34.73659],[-83.8304,34.7363],[-83.8304,34.73589],[-83.8302,34.7352],[-83.83,34.73459],[-83.8297,34.7339],[-83.8295,34.7334],[-83.8294,34.7329],[-83.8292,34.73229],[-83.829,34.7317],[-83.8292,34.7313],[-83.8294,34.7309],[-83.8299,34.7305],[-83.8304,34.7301],[-83.8309,34.7299],[-83.8315,34.7297],[-83.8324,34.7295],[-83.833,34.7294],[-83.8336,34.7293],[-83.8344,34.7293],[-83.8345,34.7293],[-83.8354,34.7293],[-83.8361,34.7292],[-83.8371,34.7292],[-83.8377,34.7292],[-83.838,34.7291],[-83.8382,34.729],[-83.8383,34.7289],[-83.8385,34.7286],[-83.8386,34.728],[-83.8388,34.7272],[-83.839,34.7266],[-83.8391,34.7262],[-83.8393,34.7259],[-83.83942,34.72574],[-83.83955,34.72559],[-83.8397,34.7254],[-83.8402,34.7251],[-83.8407,34.72499],[-83.84103,34.72499],[-83.8411,34.72499],[-83.8417,34.72499],[-83.84201,34.72519],[-83.8423,34.72539],[-83.8427,34.72579],[-83.8429,34.72599],[-83.8431,34.72629],[-83.8433,34.72639],[-83.8437,34.72639],[-83.84401,34.72639],[-83.84421,34.72629],[-83.84421,34.72619],[-83.8443,34.72619],[-83.8447,34.72609],[-83.84521,34.72599],[-83.84544,34.72596],[-83.84591,34.72589],[-83.84641,34.72589],[-83.84695,34.72601],[-83.84713,34.72605],[-83.84731,34.72609],[-83.84741,34.72619],[-83.84781,34.72619],[-83.84831,34.72629],[-83.84891,34.72629],[-83.84961,34.72629],[-83.85011,34.72619],[-83.85051,34.72619],[-83.85061,34.72599],[-83.85071,34.72589],[-83.85071,34.72569],[-83.85091,34.72549],[-83.85111,34.72529],[-83.85151,34.72519],[-83.85191,34.72489],[-83.85221,34.72469],[-83.85241,34.72459],[-83.85251,34.72459],[-83.85311,34.72439],[-83.85361,34.72419],[-83.85391,34.72379],[-83.85411,34.72359],[-83.85441,34.72329],[-83.85471,34.72309],[-83.85511,34.72289],[-83.85551,34.72259],[-83.85591,34.72239],[-83.85637,34.72221],[-83.85641,34.72219],[-83.85651,34.72219],[-83.85641,34.72199],[-83.85638,34.72192],[-83.85647,34.72187],[-83.85651,34.72183],[-83.85654,34.7217],[-83.85644,34.7206],[-83.85655,34.71959],[-83.8573,34.71815],[-83.85776,34.7176],[-83.85791,34.71744],[-83.85811,34.71729],[-83.85841,34.71699],[-83.85871,34.71669],[-83.85891,34.71629],[-83.85901,34.71609],[-83.85911,34.71589],[-83.85921,34.71559],[-83.85921,34.71529],[-83.85911,34.71509],[-83.85911,34.71459],[-83.85911,34.71429],[-83.85921,34.71409],[-83.85931,34.71379],[-83.85951,34.71359],[-83.85951,34.71349],[-83.85961,34.71249],[-83.85961,34.71239],[-83.85951,34.71219],[-83.85931,34.71179],[-83.85921,34.71139],[-83.85921,34.71099],[-83.85921,34.71069],[-83.85921,34.71059],[-83.85921,34.71049],[-83.85921,34.71029],[-83.85941,34.70989],[-83.85941,34.70979],[-83.85941,34.70969],[-83.85951,34.70919],[-83.85971,34.70869],[-83.85981,34.70819],[-83.86001,34.70769],[-83.85991,34.70739],[-83.85971,34.70719],[-83.85941,34.70689],[-83.85921,34.70669],[-83.85891,34.70639],[-83.85871,34.70629],[-83.85861,34.70619],[-83.85851,34.70609],[-83.85841,34.70579],[-83.85831,34.70569],[-83.85821,34.70549],[-83.85821,34.70519],[-83.85811,34.70489],[-83.85821,34.70459],[-83.85841,34.70439],[-83.85891,34.70399],[-83.85931,34.70359],[-83.85991,34.70309],[-83.86051,34.70249],[-83.86121,34.70179],[-83.86201,34.70109],[-83.86241,34.70069],[-83.86241,34.70049],[-83.86241,34.70039],[-83.86231,34.70019],[-83.86201,34.69979],[-83.86161,34.69909],[-83.86121,34.69849],[-83.86101,34.69809],[-83.86071,34.69759],[-83.86061,34.69739],[-83.86041,34.69699],[-83.86041,34.69659],[-83.86051,34.69619],[-83.86071,34.69599],[-83.86101,34.69579],[-83.86161,34.69549],[-83.86201,34.69519],[-83.86251,34.69479],[-83.86271,34.69449],[-83.86281,34.69439],[-83.86281,34.69429],[-83.86291,34.69309],[-83.86291,34.69259],[-83.86311,34.69219],[-83.86341,34.69179],[-83.86381,34.69149],[-83.86411,34.69129],[-83.86441,34.69109],[-83.86471,34.69089],[-83.86481,34.69069],[-83.86471,34.69049],[-83.86461,34.69029],[-83.86441,34.68999],[-83.86421,34.68959],[-83.86391,34.68919],[-83.86361,34.68859],[-83.86371,34.68779],[-83.86421,34.68729],[-83.86461,34.68699],[-83.86511,34.68669],[-83.86551,34.68669],[-83.86611,34.68679],[-83.86701,34.68669],[-83.86771,34.68639],[-83.86831,34.68599],[-83.86871,34.68569],[-83.86901,34.68529],[-83.86941,34.68499],[-83.87001,34.68439],[-83.87041,34.68379],[-83.87061,34.68369],[-83.87061,34.68359],[-83.87081,34.68359],[-83.87121,34.68339],[-83.87161,34.68329],[-83.87221,34.68329],[-83.87251,34.68309],[-83.87241,34.68289],[-83.87241,34.68259],[-83.87251,34.68229],[-83.87251,34.68209],[-83.87261,34.68189],[-83.87281,34.68159],[-83.87291,34.68139],[-83.87311,34.68119],[-83.87316,34.68109],[-83.87318,34.68074],[-83.87341,34.6797],[-83.87364,34.67908],[-83.87361,34.67889],[-83.87361,34.67829],[-83.87351,34.67749],[-83.87351,34.67689],[-83.87351,34.67639],[-83.87371,34.67579],[-83.87391,34.67549],[-83.87441,34.67489],[-83.87461,34.67459],[-83.87461,34.67443],[-83.87461,34.67429],[-83.87471,34.67379],[-83.87471,34.67339],[-83.87471,34.67319],[-83.87461,34.67289],[-83.87451,34.67289],[-83.87441,34.67289],[-83.87401,34.67219],[-83.87381,34.67199],[-83.87351,34.67169],[-83.87311,34.67129],[-83.87261,34.67079],[-83.87221,34.67039],[-83.87171,34.66989],[-83.87141,34.66959],[-83.87123,34.66931],[-83.87103,34.66903],[-83.8709,34.66879],[-83.8709,34.66855],[-83.87101,34.6679],[-83.87098,34.66759],[-83.8712,34.6649],[-83.87159,34.6649],[-83.87209,34.66491],[-83.87261,34.6649],[-83.87334,34.66469],[-83.87403,34.66439],[-83.87458,34.66401],[-83.87481,34.6637],[-83.87488,34.66337],[-83.87501,34.6631],[-83.87526,34.66299],[-83.87541,34.6629],[-83.87581,34.6625],[-83.87601,34.66211],[-83.87622,34.66169],[-83.87632,34.6613],[-83.87639,34.66104],[-83.87641,34.66098],[-83.87641,34.6609],[-83.87641,34.6604],[-83.87632,34.66033],[-83.87619,34.66008],[-83.87592,34.66],[-83.87552,34.6597],[-83.87491,34.65944],[-83.87491,34.65899],[-83.87454,34.65899],[-83.8741,34.659],[-83.87359,34.65882],[-83.87301,34.65858],[-83.87271,34.65829],[-83.8726,34.6581],[-83.87245,34.65803],[-83.87216,34.65791],[-83.87205,34.65785],[-83.87184,34.65749],[-83.8717,34.65695],[-83.87172,34.65662],[-83.87193,34.65623],[-83.87201,34.65605],[-83.87212,34.65549],[-83.87232,34.65498],[-83.87248,34.65461],[-83.87227,34.65408],[-83.87225,34.65392],[-83.87228,34.65366],[-83.87244,34.65215],[-83.87259,34.65141],[-83.87297,34.65043],[-83.87327,34.6499],[-83.87368,34.64929],[-83.87386,34.64892],[-83.87423,34.64758],[-83.8743,34.64704],[-83.87424,34.64668],[-83.87414,34.64617],[-83.87411,34.64607],[-83.8741,34.64592],[-83.87392,34.6447],[-83.8739,34.64464],[-83.87394,34.64448],[-83.87401,34.64441],[-83.8741,34.64435],[-83.87432,34.64423],[-83.87463,34.64415],[-83.8747,34.64414],[-83.87474,34.64414],[-83.87487,34.64412],[-83.87507,34.6441],[-83.87529,34.64402],[-83.87534,34.64394],[-83.87545,34.64366],[-83.87554,34.64331],[-83.87552,34.64312],[-83.87537,34.64276],[-83.87509,34.64255],[-83.87446,34.6424],[-83.87387,34.6424],[-83.8731,34.64238],[-83.87204,34.6424],[-83.87199,34.64238],[-83.87181,34.64219],[-83.87182,34.64099],[-83.87176,34.64092],[-83.87176,34.64055],[-83.87153,34.64041],[-83.87137,34.64026],[-83.87125,34.63997],[-83.87122,34.63995],[-83.8711,34.63987],[-83.87111,34.63981],[-83.87114,34.6397],[-83.87121,34.63961],[-83.8713,34.63957],[-83.87148,34.63953],[-83.87163,34.63945],[-83.87177,34.63936],[-83.87189,34.63926],[-83.87194,34.63923],[-83.87205,34.63919],[-83.87212,34.63916],[-83.87216,34.63914],[-83.87219,34.63911],[-83.8722,34.6391],[-83.87223,34.63907],[-83.87227,34.63901],[-83.87233,34.63889],[-83.87236,34.63884],[-83.87238,34.63882],[-83.8724,34.6388],[-83.87243,34.63877],[-83.87247,34.63875],[-83.87255,34.6387],[-83.87261,34.63866],[-83.87269,34.63863],[-83.87277,34.63861],[-83.87286,34.6386],[-83.87289,34.6386],[-83.87308,34.63856],[-83.87318,34.63851],[-83.87323,34.63847],[-83.87326,34.6384],[-83.87329,34.63837],[-83.87332,34.63834],[-83.87337,34.63831],[-83.87342,34.63829],[-83.87352,34.63827],[-83.87363,34.63823],[-83.87367,34.63822],[-83.8737,34.63821],[-83.87372,34.6382],[-83.87374,34.6381],[-83.87388,34.63783],[-83.87427,34.63753],[-83.87468,34.63732],[-83.87477,34.63726],[-83.87511,34.63705],[-83.87517,34.63701],[-83.87552,34.63678],[-83.8756,34.6367],[-83.8756,34.63668],[-83.87562,34.63622],[-83.87545,34.63567],[-83.87519,34.6352],[-83.87508,34.63506],[-83.87486,34.63486],[-83.87484,34.63485],[-83.87472,34.63471],[-83.87461,34.63453],[-83.87446,34.63427],[-83.87451,34.63399],[-83.87451,34.63359],[-83.87441,34.63299],[-83.87411,34.63249],[-83.87391,34.63199],[-83.87371,34.63149],[-83.87371,34.63109],[-83.87371,34.63089],[-83.87371,34.63079],[-83.87391,34.63059],[-83.87431,34.63049],[-83.87461,34.63039],[-83.87491,34.63018],[-83.87629,34.63],[-83.87672,34.62991],[-83.87701,34.6298],[-83.87728,34.6296],[-83.87741,34.62921],[-83.87742,34.62866],[-83.8772,34.62781],[-83.87701,34.62729],[-83.87687,34.62713],[-83.87657,34.62672],[-83.87627,34.62644],[-83.87613,34.62622],[-83.87599,34.62589],[-83.87591,34.62559],[-83.87581,34.62537],[-83.87564,34.62532],[-83.87491,34.62523],[-83.87491,34.62509],[-83.87482,34.62509],[-83.87481,34.62489],[-83.87471,34.62479],[-83.87451,34.62459],[-83.87441,34.62439],[-83.87421,34.62419],[-83.87411,34.62389],[-83.87411,34.62369],[-83.87401,34.62349],[-83.87411,34.62329],[-83.87411,34.62309],[-83.87421,34.62289],[-83.87421,34.62279],[-83.87441,34.62259],[-83.87441,34.62239],[-83.87461,34.62239],[-83.87481,34.62219],[-83.87491,34.62234],[-83.87491,34.62279],[-83.87501,34.62259],[-83.87511,34.62229],[-83.87531,34.62199],[-83.87541,34.62179],[-83.87551,34.62159],[-83.87571,34.62139],[-83.87591,34.62119],[-83.87594,34.62111],[-83.87613,34.62084],[-83.87615,34.62052],[-83.87564,34.61977],[-83.87475,34.61918],[-83.87435,34.61909],[-83.87416,34.61901],[-83.87404,34.61901],[-83.87364,34.61898],[-83.87269,34.61896],[-83.8728,34.61563],[-83.87151,34.61562],[-83.87017,34.61561],[-83.86872,34.6156],[-83.86733,34.61559],[-83.86726,34.61559],[-83.86446,34.61558],[-83.86444,34.61093],[-83.86444,34.60991],[-83.86445,34.60638],[-83.86445,34.6063],[-83.86445,34.60529],[-83.86445,34.60525],[-83.86445,34.60501],[-83.86445,34.60491],[-83.86445,34.60446],[-83.86481,34.6042],[-83.86594,34.60338],[-83.86681,34.60275],[-83.86655,34.60254],[-83.86637,34.60235],[-83.86611,34.60202],[-83.86592,34.60185],[-83.86548,34.60144],[-83.86515,34.60116],[-83.86478,34.60078],[-83.86457,34.60058],[-83.86449,34.6005],[-83.86449,34.60041],[-83.8645,34.59929],[-83.86442,34.59628],[-83.86442,34.59622],[-83.86433,34.59247],[-83.86432,34.5924],[-83.86419,34.58763],[-83.86419,34.58756],[-83.86417,34.58701],[-83.86415,34.58617],[-83.86412,34.58515],[-83.86412,34.5847],[-83.86415,34.58431],[-83.86417,34.58401],[-83.86418,34.58363],[-83.86419,34.58329],[-83.86424,34.57792],[-83.86425,34.57652],[-83.86425,34.57647],[-83.86428,34.57298],[-83.86427,34.57145],[-83.86429,34.57064],[-83.86429,34.57062],[-83.86429,34.5703],[-83.86432,34.5646],[-83.86436,34.56094],[-83.86436,34.56091],[-83.86436,34.5608],[-83.86436,34.56078],[-83.86436,34.56067],[-83.86436,34.56062],[-83.86436,34.5606],[-83.86437,34.56052],[-83.86439,34.55754],[-83.86442,34.55456],[-83.86442,34.55371],[-83.86443,34.55239],[-83.86445,34.55128],[-83.86445,34.55103],[-83.86445,34.55088],[-83.86445,34.55072],[-83.86445,34.55059],[-83.8641,34.5506],[-83.85761,34.55066],[-83.85368,34.55069],[-83.85369,34.54934],[-83.85369,34.5484],[-83.85371,34.542],[-83.85371,34.54146],[-83.85325,34.54145],[-83.84375,34.54143],[-83.84376,34.53985],[-83.84376,34.5389],[-83.84379,34.53264],[-83.84379,34.5324],[-83.84274,34.53238],[-83.83283,34.53231],[-83.83285,34.53193],[-83.83285,34.52955],[-83.83285,34.5289],[-83.83286,34.52352],[-83.83411,34.52353],[-83.83581,34.52353],[-83.83629,34.52353],[-83.83642,34.52342],[-83.8365,34.52333],[-83.83656,34.52266],[-83.83656,34.52263],[-83.83666,34.52242],[-83.8369,34.52209],[-83.83721,34.52182],[-83.83785,34.52131],[-83.83781,34.5211],[-83.83754,34.51953],[-83.83835,34.51934],[-83.83892,34.5192],[-83.83928,34.5186],[-83.83803,34.51621],[-83.83757,34.51534],[-83.83781,34.51534],[-83.841,34.51535],[-83.84313,34.51536],[-83.84319,34.51312],[-83.84326,34.51105],[-83.84328,34.51026],[-83.84328,34.50993],[-83.8434,34.50569],[-83.84341,34.50549],[-83.84212,34.50548],[-83.84175,34.50547],[-83.84096,34.50546],[-83.8367,34.5054],[-83.83376,34.50535],[-83.83275,34.50534],[-83.83242,34.50533],[-83.83195,34.50533],[-83.83138,34.50532],[-83.83092,34.50531],[-83.8298,34.5053],[-83.82976,34.50529],[-83.82855,34.50528],[-83.82751,34.50526],[-83.82747,34.50526],[-83.82721,34.50526],[-83.82715,34.50526],[-83.8271,34.50526],[-83.82422,34.50521],[-83.82406,34.50521],[-83.82328,34.5052],[-83.82143,34.50517],[-83.8169,34.50511],[-83.81685,34.50511],[-83.8141,34.50507],[-83.81335,34.50505],[-83.80098,34.50487],[-83.8008,34.50487],[-83.80065,34.50487],[-83.79612,34.50481],[-83.79585,34.5048],[-83.79537,34.5048],[-83.79467,34.50479],[-83.79137,34.50482],[-83.7913,34.50482],[-83.79094,34.50482],[-83.79088,34.50482],[-83.79064,34.50482],[-83.79052,34.50482],[-83.7902,34.50482],[-83.78848,34.50475],[-83.78849,34.50481],[-83.78853,34.50501],[-83.78858,34.50525],[-83.7886,34.50551],[-83.78861,34.50566],[-83.78861,34.50594],[-83.78862,34.50604],[-83.7886,34.50645],[-83.78857,34.50666],[-83.7886,34.50761],[-83.78861,34.50855],[-83.7886,34.51072],[-83.7886,34.51105],[-83.7886,34.51107],[-83.7886,34.51109],[-83.7886,34.51122],[-83.7886,34.51205],[-83.7886,34.51223],[-83.7886,34.51245],[-83.7886,34.51305],[-83.78861,34.51328],[-83.78861,34.51331],[-83.78861,34.51336],[-83.7886,34.51353],[-83.7886,34.5141],[-83.78844,34.51409],[-83.78691,34.51403],[-83.78684,34.51403],[-83.78401,34.51393],[-83.78388,34.51392],[-83.78081,34.51381],[-83.78079,34.51381],[-83.78066,34.51381],[-83.77806,34.51371],[-83.77796,34.51371],[-83.77761,34.5137],[-83.77765,34.51012],[-83.77766,34.50909],[-83.77767,34.50795],[-83.7777,34.5048],[-83.7767,34.50478],[-83.77564,34.50476],[-83.77019,34.50467],[-83.77011,34.50467],[-83.76638,34.50461],[-83.76365,34.50457],[-83.76323,34.50456],[-83.76183,34.50454],[-83.76106,34.50453],[-83.76086,34.50452],[-83.75928,34.5045],[-83.75856,34.50449],[-83.75855,34.50449],[-83.75837,34.50448],[-83.75781,34.50447],[-83.75682,34.50446],[-83.75677,34.50446],[-83.75526,34.50443],[-83.7537,34.50441],[-83.75362,34.50441],[-83.7533,34.5044],[-83.74691,34.50432],[-83.74082,34.50427],[-83.74052,34.50426],[-83.73261,34.50419],[-83.73247,34.50419],[-83.73233,34.50419],[-83.73125,34.50418],[-83.71673,34.50401],[-83.70134,34.50391],[-83.70101,34.50391],[-83.68619,34.50378],[-83.68561,34.50377],[-83.68496,34.50376],[-83.684,34.50375],[-83.68324,34.50375],[-83.68087,34.50373],[-83.68081,34.50373],[-83.67979,34.50372],[-83.679,34.50371],[-83.67899,34.5037],[-83.67897,34.50371],[-83.67864,34.50371],[-83.67795,34.5037],[-83.67763,34.5037],[-83.67705,34.50369],[-83.67703,34.50369],[-83.67696,34.50369],[-83.67688,34.50369],[-83.67681,34.50369],[-83.67675,34.50369],[-83.67632,34.50368],[-83.67585,34.50368],[-83.67578,34.50368],[-83.6757,34.50368],[-83.67275,34.50365],[-83.6726,34.50365],[-83.67234,34.50365],[-83.67146,34.50365],[-83.67047,34.50364],[-83.66983,34.50363],[-83.66677,34.5036],[-83.66667,34.5036],[-83.66642,34.5036],[-83.66633,34.50367],[-83.66628,34.50371],[-83.66622,34.50378],[-83.66613,34.50395],[-83.66606,34.50415],[-83.66605,34.50443],[-83.66624,34.5049],[-83.6664,34.50517],[-83.6665,34.50552],[-83.66665,34.50578],[-83.66676,34.50598],[-83.66698,34.50648],[-83.66709,34.5069],[-83.66708,34.50728],[-83.66705,34.50743],[-83.66697,34.50756],[-83.66614,34.5084],[-83.66591,34.50874],[-83.66582,34.50895],[-83.66566,34.50946],[-83.66565,34.50982],[-83.66561,34.51001],[-83.66544,34.51038],[-83.66538,34.51055],[-83.6653,34.51074],[-83.66513,34.51091],[-83.66505,34.511],[-83.66501,34.51104],[-83.66446,34.51151],[-83.66416,34.51177],[-83.66395,34.512],[-83.66386,34.51213],[-83.66376,34.51227],[-83.66349,34.51266],[-83.66338,34.51289],[-83.66323,34.51312],[-83.66297,34.51341],[-83.66278,34.51354],[-83.66264,34.51358],[-83.66247,34.51364],[-83.66206,34.51371],[-83.66145,34.5137],[-83.66042,34.51368],[-83.66018,34.51365],[-83.65962,34.51371],[-83.65894,34.51385],[-83.65874,34.51394],[-83.6587,34.51397],[-83.65856,34.51407],[-83.6585,34.51411],[-83.65826,34.51419],[-83.65804,34.51429],[-83.65785,34.51441],[-83.65767,34.51457],[-83.65755,34.51472],[-83.65739,34.51517],[-83.65719,34.5155],[-83.65715,34.51558],[-83.6571,34.51569],[-83.65654,34.51752],[-83.65641,34.51772],[-83.65632,34.51781],[-83.65628,34.51784],[-83.65619,34.51792],[-83.65604,34.51799],[-83.65588,34.51803],[-83.65574,34.51802],[-83.65557,34.51798],[-83.65555,34.51798],[-83.65539,34.51785],[-83.6552,34.51768],[-83.65466,34.51713],[-83.65453,34.51702],[-83.6543,34.51693],[-83.65399,34.51692],[-83.65387,34.51696],[-83.65375,34.51703],[-83.65374,34.51704],[-83.65349,34.51726],[-83.65316,34.51757],[-83.65268,34.51806],[-83.65233,34.51833],[-83.65199,34.51853],[-83.65194,34.51857],[-83.65154,34.51876],[-83.65122,34.51888],[-83.64977,34.51909],[-83.64953,34.51913],[-83.64929,34.51917],[-83.6484,34.51932],[-83.64773,34.51951],[-83.64761,34.51956],[-83.64755,34.51958],[-83.64711,34.51975],[-83.64668,34.51996],[-83.64639,34.52017],[-83.64619,34.5204],[-83.64615,34.52044],[-83.64604,34.52056],[-83.64576,34.5208],[-83.64565,34.52105],[-83.64549,34.52126],[-83.64504,34.52165],[-83.64448,34.52216],[-83.6443,34.52232],[-83.64371,34.5229],[-83.6436,34.52321],[-83.64336,34.52354],[-83.64318,34.5237],[-83.64284,34.52382],[-83.64224,34.52448],[-83.64194,34.52482],[-83.64175,34.525],[-83.64067,34.52571],[-83.64049,34.52582],[-83.63952,34.52626],[-83.63921,34.52648],[-83.63888,34.52666],[-83.63834,34.52688],[-83.63814,34.52694],[-83.63788,34.52696],[-83.63705,34.52689],[-83.63626,34.52675],[-83.63434,34.52654],[-83.63407,34.52654],[-83.63385,34.52658],[-83.63362,34.52666],[-83.63345,34.52672],[-83.63311,34.52689],[-83.63309,34.52691],[-83.63294,34.52702],[-83.63277,34.52719],[-83.6326,34.52742],[-83.63246,34.52768],[-83.63245,34.52772],[-83.63238,34.52794],[-83.63232,34.52829],[-83.63232,34.52859],[-83.63238,34.52879],[-83.63248,34.52896],[-83.63264,34.52914],[-83.63279,34.52928],[-83.63317,34.52963],[-83.63348,34.52997],[-83.6338,34.5304],[-83.63406,34.53085],[-83.63411,34.53096],[-83.63424,34.53124],[-83.63427,34.5314],[-83.63429,34.53178],[-83.63427,34.53188],[-83.63424,34.53212],[-83.63412,34.53248],[-83.63401,34.53267],[-83.63383,34.53284],[-83.6336,34.53293],[-83.63342,34.53297],[-83.63321,34.53299],[-83.63266,34.53294],[-83.63213,34.5329],[-83.63131,34.53292],[-83.63113,34.53296],[-83.63107,34.53297],[-83.63102,34.53298],[-83.63074,34.5331],[-83.63059,34.53323],[-83.63052,34.5334],[-83.63046,34.53388],[-83.63047,34.53403],[-83.63048,34.53405],[-83.63065,34.53448],[-83.63081,34.53518],[-83.63086,34.53539],[-83.63066,34.53588],[-83.63036,34.53631],[-83.63006,34.53647],[-83.62975,34.53659],[-83.62949,34.53663],[-83.62919,34.53662],[-83.62884,34.53654],[-83.62858,34.53643],[-83.62831,34.53629],[-83.62824,34.53624],[-83.62792,34.53604],[-83.62759,34.53589],[-83.62736,34.53583],[-83.62717,34.53581],[-83.62713,34.53581],[-83.62653,34.53583],[-83.62631,34.53587],[-83.62617,34.53592],[-83.62608,34.53595],[-83.6259,34.5361],[-83.62572,34.53628],[-83.62557,34.53648],[-83.62547,34.53667],[-83.62527,34.53733],[-83.6252,34.53786],[-83.62518,34.53817],[-83.62521,34.53877],[-83.62528,34.53924],[-83.62529,34.53929],[-83.62529,34.53933],[-83.62528,34.53948],[-83.62527,34.53986],[-83.62517,34.54016],[-83.62502,34.54042],[-83.62496,34.54048],[-83.62489,34.54056],[-83.62482,34.54061],[-83.62474,34.54067],[-83.62453,34.54078],[-83.62428,34.54086],[-83.62408,34.54089],[-83.62381,34.54092],[-83.62362,34.54091],[-83.62323,34.54089],[-83.62281,34.54083],[-83.62267,34.54081],[-83.62202,34.54077],[-83.62164,34.54071],[-83.62111,34.54063],[-83.62018,34.5405],[-83.61972,34.54043],[-83.61964,34.54042],[-83.61897,34.54041],[-83.61867,34.54042],[-83.61842,34.54046],[-83.61804,34.5406],[-83.61726,34.54094],[-83.61701,34.54111],[-83.61675,34.54139],[-83.61666,34.54151],[-83.61662,34.54163],[-83.61661,34.5417],[-83.61659,34.54206],[-83.61659,34.54213],[-83.61662,34.54232],[-83.61671,34.54252],[-83.61686,34.54274],[-83.6171,34.54293],[-83.61786,34.54325],[-83.61822,34.54335],[-83.61868,34.54337],[-83.61922,34.54334],[-83.61999,34.54316],[-83.62074,34.54306],[-83.621,34.5431],[-83.62118,34.54321],[-83.62128,34.54332],[-83.62136,34.54348],[-83.62143,34.54379],[-83.62134,34.54406],[-83.62122,34.54431],[-83.62099,34.54459],[-83.62064,34.54489],[-83.62028,34.54513],[-83.6198,34.54535],[-83.6193,34.54555],[-83.61894,34.54566],[-83.61778,34.54589],[-83.61731,34.54603],[-83.61705,34.5461],[-83.61691,34.54619],[-83.61681,34.54625],[-83.61658,34.54645],[-83.61647,34.54658],[-83.61645,34.54662],[-83.61639,34.54679],[-83.61638,34.54707],[-83.61638,34.54713],[-83.61639,34.54719],[-83.61643,34.54731],[-83.61646,34.54744],[-83.6166,34.54766],[-83.61662,34.54769],[-83.61666,34.54777],[-83.61691,34.54803],[-83.61742,34.54844],[-83.6179,34.54874],[-83.61813,34.54884],[-83.61839,34.54895],[-83.61866,34.54904],[-83.61914,34.54921],[-83.61946,34.54935],[-83.61968,34.54945],[-83.61983,34.54951],[-83.62004,34.54977],[-83.62019,34.55008],[-83.6202,34.55016],[-83.62024,34.55035],[-83.62026,34.55067],[-83.62028,34.55102],[-83.62018,34.55182],[-83.62015,34.55192],[-83.62006,34.55204],[-83.61995,34.55213],[-83.61955,34.55236],[-83.61924,34.55248],[-83.6189,34.55257],[-83.61792,34.55263],[-83.61748,34.55267],[-83.6173,34.55265],[-83.61706,34.55265],[-83.61679,34.55258],[-83.61649,34.55254],[-83.61618,34.55253],[-83.61598,34.55255],[-83.61577,34.55263],[-83.61561,34.55274],[-83.61559,34.55278],[-83.61554,34.55286],[-83.61552,34.55308],[-83.61563,34.55359],[-83.61584,34.55403],[-83.61609,34.55439],[-83.61643,34.55471],[-83.61665,34.55483],[-83.61689,34.5549],[-83.61781,34.55498],[-83.61799,34.555],[-83.6181,34.555],[-83.61863,34.555],[-83.61894,34.555],[-83.61922,34.55507],[-83.6195,34.55518],[-83.61977,34.55536],[-83.61983,34.55541],[-83.62012,34.5557],[-83.6206,34.55639],[-83.62105,34.5572],[-83.62114,34.55733],[-83.6214,34.5576],[-83.62146,34.55764],[-83.62197,34.55804],[-83.6221,34.55816],[-83.62211,34.55818],[-83.62218,34.55827],[-83.62228,34.55845],[-83.62237,34.55862],[-83.62269,34.55922],[-83.6229,34.55948],[-83.62308,34.55963],[-83.6232,34.55972],[-83.62347,34.55987],[-83.62381,34.55999],[-83.62402,34.56003],[-83.62499,34.56018],[-83.62614,34.5605],[-83.62616,34.56051],[-83.62635,34.5606],[-83.62646,34.56067],[-83.62653,34.56072],[-83.62677,34.56095],[-83.62715,34.56129],[-83.62728,34.56148],[-83.62738,34.56167],[-83.62798,34.56254],[-83.62868,34.56356],[-83.62889,34.56379],[-83.62903,34.56407],[-83.62906,34.56425],[-83.62909,34.56439],[-83.62908,34.5649],[-83.62897,34.56569],[-83.62887,34.56636],[-83.62882,34.5667],[-83.62882,34.56674],[-83.62881,34.56678],[-83.6288,34.56686],[-83.62879,34.56694],[-83.62878,34.56702],[-83.6288,34.56711],[-83.62887,34.56721],[-83.62908,34.56741],[-83.62921,34.56751],[-83.62933,34.56757],[-83.63029,34.56816],[-83.63044,34.56829],[-83.63077,34.56868],[-83.63103,34.56893],[-83.63114,34.56903],[-83.63123,34.5691],[-83.63131,34.56917],[-83.63134,34.56919],[-83.63138,34.56922],[-83.63154,34.56932],[-83.63164,34.56936],[-83.63167,34.56939],[-83.63173,34.56944],[-83.63192,34.56954],[-83.63201,34.56958],[-83.63205,34.5696],[-83.63207,34.56961],[-83.6321,34.56962],[-83.63214,34.56963],[-83.63227,34.56969],[-83.63239,34.56974],[-83.63435,34.5706],[-83.63494,34.57089],[-83.63515,34.57106],[-83.63527,34.57122],[-83.6353,34.5714],[-83.63523,34.57163],[-83.63509,34.57183],[-83.63503,34.57188],[-83.63498,34.57193],[-83.63481,34.57202],[-83.63461,34.57214],[-83.63455,34.57216],[-83.63424,34.5723],[-83.63389,34.57241],[-83.63374,34.57244],[-83.63329,34.57263],[-83.63319,34.57274],[-83.63316,34.57288],[-83.63331,34.57319],[-83.63359,34.57347],[-83.63367,34.57358],[-83.6338,34.57395],[-83.63383,34.57402],[-83.63429,34.57494],[-83.63443,34.57536],[-83.63445,34.57543],[-83.63447,34.57547],[-83.63453,34.57559],[-83.63454,34.57562],[-83.63463,34.57574],[-83.63473,34.57589],[-83.63514,34.57631],[-83.63552,34.57684],[-83.63555,34.57687],[-83.63581,34.57709],[-83.63587,34.57715],[-83.63619,34.57747],[-83.63673,34.57788],[-83.63711,34.57822],[-83.63734,34.57842],[-83.63752,34.57858],[-83.63776,34.57879],[-83.63816,34.57914],[-83.63824,34.57924],[-83.63861,34.57965],[-83.63884,34.58003],[-83.63885,34.5801],[-83.63884,34.58021],[-83.63879,34.58039],[-83.63859,34.58083],[-83.63855,34.58103],[-83.63857,34.58117],[-83.63868,34.58155],[-83.63877,34.58185],[-83.6388,34.58199],[-83.63884,34.58208],[-83.63893,34.58252],[-83.63895,34.58264],[-83.63895,34.58272],[-83.63893,34.58322],[-83.6389,34.5837],[-83.6389,34.58411],[-83.6389,34.58438],[-83.6389,34.58447],[-83.63892,34.58475],[-83.63898,34.58503],[-83.63898,34.58532],[-83.63893,34.58558],[-83.63891,34.58566],[-83.63888,34.58585],[-83.63887,34.58606],[-83.63876,34.58637],[-83.63875,34.58642],[-83.63865,34.58697],[-83.63854,34.58735],[-83.63852,34.58784],[-83.63847,34.58819],[-83.63838,34.58887],[-83.63839,34.58902],[-83.63841,34.5892],[-83.63842,34.58937],[-83.63866,34.59038],[-83.63868,34.59046],[-83.63875,34.59109],[-83.63876,34.59112],[-83.63875,34.5913],[-83.63864,34.59168],[-83.63859,34.59205],[-83.63857,34.59235],[-83.6385,34.59261],[-83.6385,34.59272],[-83.63854,34.59289],[-83.63866,34.59306],[-83.63882,34.59322],[-83.63918,34.59346],[-83.63929,34.59352],[-83.63989,34.59383],[-83.63997,34.59386],[-83.64006,34.5939],[-83.64015,34.59398],[-83.64032,34.59408],[-83.64039,34.59413],[-83.64044,34.59416],[-83.64049,34.59419],[-83.64062,34.59428],[-83.64078,34.59448],[-83.64081,34.59457],[-83.64086,34.5947],[-83.64087,34.59486],[-83.64082,34.59525],[-83.64082,34.59528],[-83.64083,34.59537],[-83.64088,34.59544],[-83.64114,34.59565],[-83.64118,34.59572],[-83.64127,34.59587],[-83.64129,34.5959],[-83.64144,34.59629],[-83.6415,34.59644],[-83.64179,34.5974],[-83.64196,34.59776],[-83.64198,34.59782],[-83.64225,34.59821],[-83.64252,34.59853],[-83.64265,34.59869],[-83.64272,34.59877],[-83.64295,34.59905],[-83.64312,34.59925],[-83.64405,34.60037],[-83.64431,34.6007],[-83.64455,34.60106],[-83.64459,34.60115],[-83.64491,34.60176],[-83.645,34.60201],[-83.64506,34.60236],[-83.64515,34.60268],[-83.64514,34.60306],[-83.64519,34.60333],[-83.64522,34.60341],[-83.64531,34.60367],[-83.64535,34.60381],[-83.64545,34.60421],[-83.64562,34.60463],[-83.64571,34.605],[-83.64577,34.60528],[-83.64593,34.60616],[-83.64603,34.60724],[-83.6461,34.60751],[-83.64613,34.60766],[-83.6465,34.60817],[-83.64654,34.60821],[-83.64661,34.60845],[-83.64661,34.60849],[-83.6466,34.60854],[-83.6466,34.60859],[-83.64659,34.60868],[-83.64658,34.60876],[-83.64657,34.60889],[-83.64644,34.60926],[-83.64639,34.60939],[-83.64636,34.60959],[-83.64635,34.61012],[-83.64641,34.61062],[-83.64642,34.61072],[-83.64643,34.61106],[-83.64654,34.61172],[-83.64655,34.61179],[-83.64654,34.61198],[-83.64652,34.61221],[-83.64648,34.61227],[-83.6464,34.61237],[-83.6461,34.61255],[-83.6457,34.6126],[-83.64552,34.61264],[-83.64532,34.6127],[-83.64455,34.6128],[-83.64426,34.61288],[-83.64407,34.61301],[-83.64364,34.61343],[-83.64326,34.61371],[-83.64297,34.61395],[-83.64275,34.61421],[-83.64253,34.6144],[-83.64228,34.61456],[-83.6419,34.6148],[-83.64183,34.61483],[-83.64163,34.61496],[-83.64157,34.61498],[-83.64102,34.61524],[-83.64027,34.61539],[-83.63975,34.61556],[-83.63951,34.61568],[-83.63943,34.61572],[-83.63912,34.61596],[-83.63892,34.61616],[-83.63867,34.61641],[-83.63855,34.61659],[-83.63847,34.6167],[-83.6384,34.61681],[-83.63834,34.61691],[-83.63825,34.61712],[-83.63803,34.61769],[-83.63794,34.618],[-83.63782,34.61846],[-83.63776,34.61885],[-83.63779,34.61953],[-83.63788,34.6201],[-83.63798,34.62058],[-83.63816,34.62148],[-83.63817,34.62169],[-83.63815,34.62179],[-83.63811,34.62202],[-83.63813,34.62208],[-83.63817,34.62226],[-83.63823,34.62235],[-83.63824,34.62238],[-83.63935,34.62363],[-83.64067,34.62507],[-83.6408,34.62521],[-83.64098,34.62547],[-83.6412,34.62571],[-83.6414,34.62606],[-83.64172,34.62651],[-83.64183,34.62697],[-83.64197,34.62752],[-83.642,34.62757],[-83.642,34.62761],[-83.64209,34.62787],[-83.64225,34.62819],[-83.64231,34.62831],[-83.64261,34.62874],[-83.64294,34.62915],[-83.64359,34.62967],[-83.64374,34.62983],[-83.64455,34.63069],[-83.6447,34.63083],[-83.64546,34.63154],[-83.64553,34.63161],[-83.64587,34.63197],[-83.646,34.63212],[-83.64625,34.63248],[-83.64636,34.63263],[-83.64673,34.63316],[-83.64697,34.63371],[-83.64708,34.63399],[-83.64712,34.63417],[-83.64714,34.63428],[-83.64724,34.6348],[-83.64722,34.63529],[-83.6472,34.63551],[-83.647,34.63629],[-83.64687,34.63656],[-83.64678,34.63678],[-83.64674,34.63701],[-83.64674,34.63722],[-83.64684,34.63755],[-83.64695,34.63789],[-83.647,34.638],[-83.64726,34.63852],[-83.64741,34.63872],[-83.6475,34.63886],[-83.64775,34.63912],[-83.64825,34.63953],[-83.6483,34.63958],[-83.64858,34.63987],[-83.64891,34.64032],[-83.64901,34.64051],[-83.6491,34.64067],[-83.6493,34.64097],[-83.64953,34.64124],[-83.6497,34.64141],[-83.64981,34.64151],[-83.64999,34.64162],[-83.65016,34.64165],[-83.65054,34.64168],[-83.65146,34.64161],[-83.65159,34.64162],[-83.65168,34.64166],[-83.65197,34.64194],[-83.65237,34.64256],[-83.65279,34.64307],[-83.65317,34.64343],[-83.65359,34.64373],[-83.65398,34.64395],[-83.65424,34.64405],[-83.6545,34.64416],[-83.65472,34.6443],[-83.65498,34.64458],[-83.65517,34.64487],[-83.65536,34.64518],[-83.6556,34.64562],[-83.65585,34.64614],[-83.65625,34.64682],[-83.65639,34.64706],[-83.65653,34.64729],[-83.65663,34.64748],[-83.65672,34.64767],[-83.65683,34.64787],[-83.65688,34.64807],[-83.65688,34.6482],[-83.65684,34.64837],[-83.65666,34.64861],[-83.65663,34.64874],[-83.65668,34.64901],[-83.6568,34.6492],[-83.65683,34.64924],[-83.65703,34.64946],[-83.6573,34.64959],[-83.65764,34.64969],[-83.65767,34.64969],[-83.65802,34.64976],[-83.65816,34.64977],[-83.65856,34.64965],[-83.65909,34.64949],[-83.65955,34.64935],[-83.65986,34.6493],[-83.66041,34.6493],[-83.66062,34.64934],[-83.66087,34.64943],[-83.66111,34.6496],[-83.66125,34.64977],[-83.66141,34.65007],[-83.66143,34.65041],[-83.66139,34.65095],[-83.66132,34.65118],[-83.66122,34.65153],[-83.6611,34.65176],[-83.66108,34.65184],[-83.66108,34.65194],[-83.66113,34.65214],[-83.66117,34.65224],[-83.66121,34.65256],[-83.6613,34.65277],[-83.66136,34.6529],[-83.66161,34.65322],[-83.66183,34.65337],[-83.66205,34.65341],[-83.66219,34.65344],[-83.66269,34.65342],[-83.66305,34.65337],[-83.66341,34.65328],[-83.66403,34.65308],[-83.66425,34.65304],[-83.66439,34.65301],[-83.6646,34.65299],[-83.66479,34.65303],[-83.66493,34.65313],[-83.665,34.65328],[-83.66504,34.65343],[-83.66508,34.65358],[-83.66505,34.65375],[-83.66497,34.65391],[-83.66494,34.65395],[-83.66489,34.654],[-83.66468,34.65416],[-83.66464,34.65419],[-83.6646,34.65421],[-83.66429,34.65441],[-83.66399,34.65458],[-83.66367,34.65475],[-83.66341,34.65487],[-83.66299,34.655],[-83.66289,34.65508],[-83.66266,34.6554],[-83.66257,34.6557],[-83.66239,34.65627],[-83.66236,34.65646],[-83.66236,34.65695],[-83.66244,34.65727],[-83.66246,34.65738],[-83.66249,34.65752],[-83.66251,34.65758],[-83.6625,34.65775],[-83.66249,34.65829],[-83.66256,34.65854],[-83.66275,34.65891],[-83.66281,34.65911],[-83.66284,34.65925],[-83.66287,34.65943],[-83.66286,34.65967],[-83.66282,34.6598],[-83.6627,34.65993],[-83.66243,34.66017],[-83.66213,34.66038],[-83.66192,34.66046],[-83.66174,34.66053],[-83.66151,34.66058],[-83.66115,34.6606],[-83.66081,34.66058],[-83.6606,34.66052],[-83.6604,34.66042],[-83.65953,34.65973],[-83.65936,34.65964],[-83.65909,34.65959],[-83.65886,34.65959],[-83.65873,34.65963],[-83.65846,34.65979],[-83.65813,34.65999],[-83.65796,34.66015],[-83.65787,34.66028],[-83.65764,34.66079],[-83.65737,34.66114],[-83.65721,34.66126],[-83.65717,34.66129],[-83.65685,34.66148],[-83.65656,34.66162],[-83.65649,34.66165],[-83.65635,34.66171],[-83.65622,34.66177],[-83.65614,34.6618],[-83.65608,34.66185],[-83.65605,34.6619],[-83.65604,34.66191],[-83.65604,34.66199],[-83.65611,34.66217],[-83.65614,34.66225],[-83.65615,34.66233],[-83.65616,34.66236],[-83.65617,34.66242],[-83.65605,34.66245],[-83.65601,34.66245],[-83.65593,34.66247],[-83.65572,34.66251],[-83.65565,34.66249],[-83.65558,34.66246],[-83.6555,34.66247],[-83.65547,34.66249],[-83.6553,34.6626],[-83.65519,34.66261],[-83.65513,34.66258],[-83.65503,34.66253],[-83.65499,34.66254],[-83.65485,34.66255],[-83.65477,34.66265],[-83.65474,34.66302],[-83.65475,34.66314],[-83.65476,34.66326],[-83.65478,34.66334],[-83.6548,34.66341],[-83.65476,34.66353],[-83.65468,34.6636],[-83.65449,34.66366],[-83.65426,34.66376],[-83.65419,34.66387],[-83.65414,34.66399],[-83.65411,34.66431],[-83.65415,34.66477],[-83.6543,34.66512],[-83.65432,34.6654],[-83.65435,34.66566],[-83.65433,34.66625],[-83.65424,34.66664],[-83.65417,34.66674],[-83.654,34.66687],[-83.65381,34.66697],[-83.65363,34.66702],[-83.65333,34.66704],[-83.65311,34.66698],[-83.65234,34.66665],[-83.65214,34.6666],[-83.652,34.66659],[-83.6513,34.6665],[-83.65118,34.66649],[-83.65099,34.66646],[-83.65077,34.66645],[-83.65064,34.66644],[-83.6504,34.66643],[-83.64993,34.66652],[-83.6498,34.66659],[-83.64967,34.66672],[-83.64957,34.66681],[-83.64946,34.66698],[-83.64917,34.66745],[-83.64915,34.66748],[-83.64907,34.66754],[-83.64903,34.66757],[-83.64892,34.66761],[-83.64876,34.66769],[-83.64844,34.66776],[-83.64824,34.66781],[-83.64813,34.66784],[-83.64757,34.66826],[-83.64722,34.66864],[-83.64693,34.66884],[-83.64679,34.66889],[-83.64676,34.66888],[-83.64663,34.66886],[-83.64651,34.66884],[-83.64597,34.66869],[-83.64586,34.66868],[-83.6456,34.66869],[-83.64545,34.6688],[-83.64529,34.66901],[-83.64526,34.66908],[-83.64519,34.66923],[-83.64522,34.66931],[-83.64525,34.66937],[-83.64529,34.66943],[-83.6453,34.66948],[-83.64532,34.66955],[-83.64529,34.66958],[-83.64525,34.66962],[-83.64544,34.66973],[-83.64574,34.66982],[-83.64583,34.66996],[-83.64582,34.67001],[-83.64581,34.6701],[-83.64571,34.67038],[-83.64565,34.67054],[-83.64562,34.67062],[-83.64562,34.67065],[-83.64549,34.67087],[-83.64549,34.67099],[-83.64555,34.6713],[-83.64566,34.67149],[-83.64574,34.67164],[-83.64577,34.6718],[-83.6458,34.67192],[-83.6458,34.6721],[-83.6459,34.67238],[-83.64599,34.67246],[-83.64615,34.67251],[-83.64658,34.67252],[-83.64673,34.67252],[-83.64735,34.6725],[-83.64752,34.67252],[-83.64761,34.67252],[-83.64782,34.67258],[-83.64799,34.6727],[-83.64804,34.67274],[-83.64823,34.67295],[-83.6483,34.67305],[-83.64835,34.67313],[-83.64839,34.67324],[-83.64843,34.67334],[-83.64844,34.67345],[-83.64835,34.67362],[-83.64832,34.67364],[-83.64818,34.67375],[-83.64807,34.67384],[-83.64799,34.6739],[-83.6477,34.67407],[-83.64722,34.67425],[-83.64681,34.67445],[-83.64662,34.67459],[-83.6465,34.67472],[-83.64639,34.67485],[-83.64604,34.6751],[-83.64584,34.6753],[-83.64577,34.67546],[-83.64575,34.67585],[-83.64572,34.67605],[-83.64565,34.67625],[-83.64557,34.67647],[-83.64549,34.67663],[-83.64542,34.67679],[-83.64531,34.67691],[-83.64508,34.67707],[-83.6446,34.67732],[-83.6445,34.67739],[-83.64427,34.67773],[-83.64424,34.67784],[-83.64424,34.678],[-83.64428,34.67807],[-83.64445,34.6784],[-83.64453,34.67861],[-83.6446,34.67879],[-83.64458,34.67908],[-83.64452,34.67921],[-83.64439,34.67933],[-83.64418,34.67944],[-83.64393,34.67956],[-83.64371,34.67966],[-83.64365,34.67969],[-83.6432,34.67982],[-83.64315,34.67984],[-83.64279,34.67987],[-83.64226,34.67993],[-83.64203,34.6799],[-83.64175,34.67993],[-83.64157,34.67997],[-83.64141,34.68003],[-83.6412,34.68006],[-83.64099,34.68006],[-83.64068,34.67994],[-83.6406,34.67991],[-83.64055,34.68011],[-83.64038,34.68088],[-83.64019,34.68178],[-83.64001,34.68264],[-83.6371,34.6964],[-83.63674,34.69834],[-83.63656,34.69927],[-83.6365,34.6996],[-83.6365,34.69969],[-83.63649,34.69979],[-83.63651,34.69983],[-83.63669,34.7001],[-83.63679,34.7002],[-83.63689,34.70028],[-83.637,34.70059],[-83.6371,34.70079],[-83.63715,34.70089],[-83.63729,34.70118],[-83.6373,34.7012],[-83.63729,34.70139],[-83.63749,34.70169],[-83.63756,34.70182],[-83.6379,34.7025],[-83.63819,34.70349],[-83.63841,34.70389],[-83.63849,34.70429],[-83.6386,34.70469],[-83.6387,34.70499],[-83.6389,34.70549],[-83.6391,34.70599],[-83.6393,34.70639],[-83.6394,34.7067],[-83.63939,34.70706],[-83.6394,34.70749],[-83.6394,34.70779],[-83.6394,34.70809],[-83.63935,34.70832],[-83.6393,34.70859],[-83.6393,34.70892],[-83.6393,34.70909],[-83.6394,34.70959],[-83.6394,34.70989],[-83.6394,34.71019],[-83.6395,34.71049],[-83.6394,34.71099],[-83.63935,34.7111],[-83.63922,34.71143],[-83.63921,34.71148],[-83.6392,34.71149],[-83.63909,34.71149],[-83.6388,34.71149],[-83.63829,34.71149],[-83.638,34.71149],[-83.63789,34.71169],[-83.6378,34.71199],[-83.63764,34.71215],[-83.6376,34.71219],[-83.63755,34.71225],[-83.63729,34.71259],[-83.63709,34.71279],[-83.63709,34.71299],[-83.6372,34.71329],[-83.6374,34.71359],[-83.63749,34.71379],[-83.63738,34.71414],[-83.63715,34.71448],[-83.63706,34.71448],[-83.63699,34.71448],[-83.63684,34.71454],[-83.63667,34.7146],[-83.63646,34.71468],[-83.6362,34.71479],[-83.63609,34.71499],[-83.636,34.71519],[-83.63569,34.71559],[-83.63529,34.71599],[-83.63509,34.71619],[-83.63489,34.71649],[-83.6347,34.71679],[-83.63459,34.71699],[-83.63459,34.71739],[-83.63459,34.71769],[-83.6345,34.71819],[-83.6343,34.71839],[-83.63424,34.71843],[-83.63399,34.71859],[-83.63379,34.71879],[-83.63352,34.71943],[-83.6335,34.71949],[-83.63344,34.71955],[-83.6331,34.71989],[-83.6329,34.72019],[-83.6327,34.72049],[-83.63259,34.72059],[-83.63259,34.72079],[-83.6327,34.72099],[-83.63279,34.72119],[-83.63299,34.72149],[-83.63339,34.72219],[-83.6333,34.72259],[-83.6329,34.72319],[-83.6325,34.72349],[-83.63199,34.72379],[-83.63159,34.72399],[-83.6313,34.72439],[-83.63119,34.72479],[-83.63079,34.72539],[-83.6305,34.72599],[-83.63026,34.72638],[-83.63019,34.72649],[-83.6299,34.72689],[-83.6295,34.72719],[-83.62909,34.72759],[-83.6288,34.72779],[-83.62829,34.72799],[-83.628,34.72819],[-83.6277,34.72849],[-83.6273,34.72869],[-83.6267,34.72899],[-83.6259,34.72929],[-83.6253,34.72949],[-83.6253,34.72959],[-83.6252,34.72959],[-83.6249,34.72939],[-83.6248,34.72929],[-83.6247,34.72929],[-83.6246,34.72929],[-83.6242,34.73119],[-83.6238,34.73149],[-83.6233,34.73219],[-83.6235,34.73259],[-83.6236,34.73319],[-83.6236,34.73379],[-83.6241,34.73419],[-83.6247,34.73439],[-83.6249,34.73444],[-83.625,34.73459],[-83.6251,34.73469],[-83.6252,34.73489],[-83.6253,34.73519],[-83.6254,34.73549],[-83.6255,34.73569],[-83.6256,34.73599],[-83.6256,34.73629],[-83.6256,34.73659],[-83.6256,34.73669],[-83.6256,34.73689],[-83.6257,34.73689],[-83.626,34.73769],[-83.6261,34.73779],[-83.6262,34.73799],[-83.6261,34.73839],[-83.6262,34.73859],[-83.6262,34.73879],[-83.6263,34.73909],[-83.6265,34.73949],[-83.6267,34.73989],[-83.6267,34.74029],[-83.6267,34.74059],[-83.6267,34.74089],[-83.6265,34.74119],[-83.6261,34.74159],[-83.6257,34.74209],[-83.6255,34.74239],[-83.6254,34.74269],[-83.6255,34.74289],[-83.6255,34.74319],[-83.6255,34.74339],[-83.6256,34.74369],[-83.6255,34.74399],[-83.6253,34.74429],[-83.6252,34.74449],[-83.6251,34.74459],[-83.6249,34.74524],[-83.6251,34.74589],[-83.6252,34.74599],[-83.6253,34.74599],[-83.6256,34.74599],[-83.6257,34.74609],[-83.6261,34.74619],[-83.6264,34.74619],[-83.6265,34.74629],[-83.6267,34.74639],[-83.6268,34.74659],[-83.6269,34.74659],[-83.627,34.74669],[-83.6273,34.74669],[-83.6275,34.74669],[-83.6277,34.74659],[-83.6279,34.74669],[-83.6281,34.74679],[-83.6283,34.74689],[-83.6284,34.74699],[-83.6286,34.74709],[-83.6289,34.74719],[-83.629,34.74719],[-83.6292,34.74739],[-83.6293,34.74749],[-83.6294,34.74779],[-83.6294,34.74809],[-83.6293,34.74859],[-83.6293,34.74889],[-83.6293,34.74929],[-83.6293,34.74959],[-83.6295,34.74989],[-83.6296,34.75009],[-83.62955,34.75009],[-83.6298,34.75039],[-83.6299,34.75049],[-83.63,34.75049],[-83.6302,34.75059],[-83.6305,34.75069],[-83.6306,34.75069],[-83.6309,34.75079],[-83.6312,34.75089],[-83.6317,34.75099],[-83.632,34.75119],[-83.6322,34.75129],[-83.6324,34.75159],[-83.6325,34.75189],[-83.6325,34.75229],[-83.6326,34.75249],[-83.6327,34.75309],[-83.6327,34.75349],[-83.6327,34.75399],[-83.6325,34.75449],[-83.6322,34.75489],[-83.6316,34.75519],[-83.6313,34.75559],[-83.631,34.75599],[-83.6307,34.75649],[-83.63019,34.75699],[-83.62959,34.75749],[-83.62939,34.75779],[-83.62939,34.75829],[-83.62939,34.75889],[-83.629,34.75919],[-83.62849,34.75949],[-83.6282,34.75999],[-83.62809,34.76049],[-83.6284,34.76089],[-83.6288,34.76149],[-83.62889,34.76199],[-83.62869,34.76249],[-83.62829,34.76289],[-83.62829,34.76339],[-83.62849,34.76359],[-83.6288,34.76359],[-83.6292,34.76379],[-83.62959,34.76409],[-83.63019,34.76429],[-83.6309,34.76459],[-83.63099,34.76499],[-83.63119,34.76529],[-83.6313,34.76569],[-83.6313,34.76599],[-83.6315,34.76649],[-83.6321,34.76679],[-83.63299,34.76709],[-83.63359,34.76729],[-83.63379,34.76749],[-83.63379,34.76789],[-83.6333,34.76919],[-83.6327,34.76939],[-83.63259,34.76959],[-83.6327,34.76979],[-83.6329,34.77009],[-83.6333,34.77049],[-83.63359,34.77069],[-83.63399,34.77089],[-83.6347,34.77119],[-83.6352,34.77149],[-83.6358,34.77169],[-83.63649,34.77169],[-83.63699,34.77169],[-83.63709,34.77174],[-83.63729,34.77189],[-83.63769,34.77189],[-83.6378,34.77199],[-83.63849,34.77229],[-83.63929,34.77269],[-83.64,34.77259],[-83.64059,34.77259],[-83.64119,34.77279],[-83.6417,34.77289],[-83.64239,34.77269],[-83.6431,34.77229],[-83.6437,34.77189],[-83.64439,34.77179],[-83.64499,34.77189],[-83.6455,34.77179],[-83.64609,34.77179],[-83.64669,34.77209],[-83.64729,34.77229],[-83.648,34.77279],[-83.6486,34.77329],[-83.6489,34.77379],[-83.6492,34.77439],[-83.64989,34.77519],[-83.65049,34.77579],[-83.6511,34.77639],[-83.6517,34.77679],[-83.6522,34.77719],[-83.6527,34.77729],[-83.6531,34.77769],[-83.6536,34.77819],[-83.6541,34.77839],[-83.6547,34.77889],[-83.6555,34.77939],[-83.6562,34.77989],[-83.6569,34.78009],[-83.6576,34.78039],[-83.6583,34.78089],[-83.6589,34.78139],[-83.6597,34.78219],[-83.6605,34.78289],[-83.6612,34.78349],[-83.6618,34.78399],[-83.6626,34.78439],[-83.6631,34.78489],[-83.664,34.78549],[-83.665,34.78569],[-83.6656,34.78589],[-83.6659,34.78629],[-83.6662,34.78689],[-83.6667,34.78749],[-83.667,34.78759],[-83.6686,34.78859],[-83.6689,34.78899],[-83.6693,34.78919],[-83.6702,34.78919],[-83.671,34.78889],[-83.672,34.78839],[-83.673,34.78799],[-83.6738,34.78799],[-83.6744,34.78809],[-83.6748,34.78829],[-83.6752,34.78859],[-83.6759,34.78929],[-83.6762,34.79009],[-83.6764,34.79089],[-83.6765,34.79149],[-83.6768,34.79199],[-83.677,34.79249],[-83.6775,34.79299],[-83.6782,34.79339],[-83.6786,34.79399],[-83.6787,34.79469],[-83.6784,34.79539],[-83.6783,34.79589],[-83.6787,34.79639],[-83.67887,34.79656],[-83.6792,34.79689],[-83.6795,34.79729],[-83.6798,34.79779],[-83.6801,34.79819],[-83.6806,34.79879],[-83.681,34.79919],[-83.6814,34.79979],[-83.6817,34.80029],[-83.6816,34.80049],[-83.6816,34.80088],[-83.68161,34.80087],[-83.68174,34.80082],[-83.68187,34.80081],[-83.68196,34.80083],[-83.68201,34.80083],[-83.68216,34.80087],[-83.68231,34.80093],[-83.68259,34.80101],[-83.68273,34.80106],[-83.68301,34.80116],[-83.68329,34.80127],[-83.68357,34.80137],[-83.68371,34.80141],[-83.68385,34.80145],[-83.68399,34.80148],[-83.68413,34.8015],[-83.68427,34.80152],[-83.68442,34.80152],[-83.68456,34.80151],[-83.68471,34.80149],[-83.68486,34.80147],[-83.68501,34.80144],[-83.68516,34.8014],[-83.6853,34.80136],[-83.68544,34.80131],[-83.68559,34.80127],[-83.68572,34.80122],[-83.68586,34.80117],[-83.68599,34.80111],[-83.68612,34.80104],[-83.68624,34.80098],[-83.68636,34.8009],[-83.68648,34.80083],[-83.6866,34.80075],[-83.68672,34.80067],[-83.68695,34.80052],[-83.68718,34.80035],[-83.6874,34.80019],[-83.68763,34.80003],[-83.68787,34.79988],[-83.68799,34.79981],[-83.68812,34.79975],[-83.68825,34.79969],[-83.68852,34.79957],[-83.6888,34.79947],[-83.68894,34.79944],[-83.68909,34.79941],[-83.68923,34.79939],[-83.68938,34.79938],[-83.68953,34.79938],[-83.68968,34.79939],[-83.68998,34.79943],[-83.6903,34.79948],[-83.69045,34.79949],[-83.6906,34.79949],[-83.69067,34.79949],[-83.69074,34.79948],[-83.69091,34.79934],[-83.69102,34.79927],[-83.69153,34.79888],[-83.69177,34.79873],[-83.69183,34.79868],[-83.69202,34.79849],[-83.6922,34.79829],[-83.69238,34.79809],[-83.69255,34.79789],[-83.69263,34.79779],[-83.69272,34.79768],[-83.69281,34.79758],[-83.69288,34.79748],[-83.69296,34.79737],[-83.69303,34.79726],[-83.69311,34.79715],[-83.69326,34.79694],[-83.69344,34.79674],[-83.69361,34.79654],[-83.6937,34.79644],[-83.69388,34.79624],[-83.69406,34.79605],[-83.69424,34.79585],[-83.69442,34.79565],[-83.69459,34.79545],[-83.69476,34.79525],[-83.69493,34.79504],[-83.69509,34.79483],[-83.69526,34.79463],[-83.69542,34.79442],[-83.69551,34.79431],[-83.69567,34.79409],[-83.69583,34.79387],[-83.69592,34.79377],[-83.696,34.79367],[-83.6961,34.79358],[-83.69621,34.79351],[-83.69632,34.79345],[-83.69645,34.79341],[-83.6966,34.7934],[-83.69676,34.7934],[-83.69692,34.7934],[-83.69708,34.79341],[-83.69723,34.79342],[-83.69738,34.79343],[-83.69753,34.79344],[-83.69768,34.79346],[-83.69783,34.79348],[-83.69798,34.7935],[-83.69813,34.79351],[-83.69827,34.79351],[-83.69842,34.79349],[-83.69856,34.79347],[-83.69871,34.79345],[-83.69886,34.79342],[-83.699,34.79339],[-83.69914,34.79335],[-83.69943,34.79328],[-83.69972,34.7932],[-83.70001,34.79313],[-83.70015,34.7931],[-83.70044,34.79304],[-83.70073,34.79297],[-83.70101,34.7929],[-83.7013,34.79283],[-83.70145,34.79278],[-83.70158,34.79275],[-83.70172,34.7927],[-83.70186,34.79266],[-83.702,34.79261],[-83.70213,34.79256],[-83.70227,34.79251],[-83.7024,34.79245],[-83.70253,34.79239],[-83.70266,34.79232],[-83.70279,34.79225],[-83.70291,34.79218],[-83.70302,34.7921],[-83.70313,34.79201],[-83.70324,34.79192],[-83.70335,34.79182],[-83.70346,34.79171],[-83.70356,34.79161],[-83.70367,34.79152],[-83.70377,34.79143],[-83.70388,34.79136],[-83.70399,34.7913],[-83.7041,34.79125],[-83.70422,34.79126],[-83.70434,34.79133],[-83.70446,34.79142],[-83.70459,34.79152],[-83.70473,34.7916],[-83.70486,34.79165],[-83.705,34.7917],[-83.70514,34.79175],[-83.70528,34.79179],[-83.70542,34.79183],[-83.70557,34.79186],[-83.70572,34.79189],[-83.70586,34.79191],[-83.70601,34.79192],[-83.70616,34.79194],[-83.70631,34.79195],[-83.70646,34.79196],[-83.70661,34.79196],[-83.70676,34.79197],[-83.70691,34.79197],[-83.70706,34.79196],[-83.70721,34.79196],[-83.70736,34.79194],[-83.7075,34.79192],[-83.70765,34.7919],[-83.70779,34.79187],[-83.70793,34.79184],[-83.70807,34.79179],[-83.70835,34.79171],[-83.70863,34.79162],[-83.70892,34.79153],[-83.7092,34.79144],[-83.70934,34.79141],[-83.70963,34.79134],[-83.70992,34.79127],[-83.71021,34.79121],[-83.7105,34.79115],[-83.71079,34.7911],[-83.71108,34.79105],[-83.71123,34.79103],[-83.71137,34.79101],[-83.71152,34.791],[-83.71167,34.791],[-83.71182,34.791],[-83.71197,34.79101],[-83.71212,34.79102],[-83.71227,34.79103],[-83.71256,34.79105],[-83.7128,34.79137],[-83.71287,34.79148],[-83.71302,34.79169],[-83.71318,34.7919],[-83.71334,34.79211],[-83.71351,34.79231],[-83.71361,34.7924],[-83.7138,34.79259],[-83.71389,34.79269],[-83.714,34.79278],[-83.7141,34.79287],[-83.7142,34.79295],[-83.71431,34.79304],[-83.71453,34.79321],[-83.71465,34.79329],[-83.71476,34.79337],[-83.71499,34.79353],[-83.71523,34.79368],[-83.71547,34.79383],[-83.71571,34.79398],[-83.71595,34.79412],[-83.71608,34.79418],[-83.7162,34.79425],[-83.71658,34.79445],[-83.71683,34.79458],[-83.71709,34.79471],[-83.71735,34.79484],[-83.71761,34.79496],[-83.71787,34.79508],[-83.71813,34.79519],[-83.7184,34.7953],[-83.71867,34.79541],[-83.71894,34.79552],[-83.71907,34.79557],[-83.71921,34.79562],[-83.71935,34.79567],[-83.71949,34.79571],[-83.71964,34.79574],[-83.71979,34.79578],[-83.71994,34.79581],[-83.72009,34.79584],[-83.72024,34.79587],[-83.72038,34.7959],[-83.72052,34.79594],[-83.72066,34.79598],[-83.72079,34.79604],[-83.72092,34.79609],[-83.72104,34.79616],[-83.72114,34.79623],[-83.72123,34.79633],[-83.7213,34.79644],[-83.72137,34.79656],[-83.72143,34.79668],[-83.72149,34.7968],[-83.72156,34.79691],[-83.72164,34.79702],[-83.72173,34.79711],[-83.72185,34.79719],[-83.72196,34.79726],[-83.72209,34.79733],[-83.72221,34.79739],[-83.72234,34.79746],[-83.72247,34.79752],[-83.7226,34.79758],[-83.72273,34.79764],[-83.72301,34.79775],[-83.72329,34.79785],[-83.72357,34.79795],[-83.72385,34.79803],[-83.72412,34.79811],[-83.72427,34.79813],[-83.72442,34.79815],[-83.72457,34.79817],[-83.72486,34.79819],[-83.72502,34.79819],[-83.72532,34.7982],[-83.72562,34.7982],[-83.72592,34.79821],[-83.72622,34.79822],[-83.72637,34.79822],[-83.72652,34.79822],[-83.72667,34.79822],[-83.72697,34.79822],[-83.72726,34.79823],[-83.72741,34.79824],[-83.72756,34.79825],[-83.72786,34.79829],[-83.72815,34.79833],[-83.72844,34.79837],[-83.72874,34.79842],[-83.72903,34.79847],[-83.72947,34.79855],[-83.72976,34.7986],[-83.73005,34.79866],[-83.7302,34.79869],[-83.73034,34.79872],[-83.73049,34.79875],[-83.73063,34.79879],[-83.73078,34.79882],[-83.73092,34.79886],[-83.73106,34.79889],[-83.73119,34.79895],[-83.73132,34.79902],[-83.73157,34.79917],[-83.7317,34.79923],[-83.73183,34.79927],[-83.73197,34.79928],[-83.73212,34.79929],[-83.73227,34.79928],[-83.73242,34.79926],[-83.73257,34.79925],[-83.73272,34.79923],[-83.73288,34.79922],[-83.73303,34.79921],[-83.73317,34.79922],[-83.73332,34.79923],[-83.73347,34.79925],[-83.73361,34.79928],[-83.73376,34.7993],[-83.73391,34.79933],[-83.7342,34.79939],[-83.73434,34.79942],[-83.73463,34.7995],[-83.73477,34.79955],[-83.7349,34.79959],[-83.73504,34.79964],[-83.73518,34.7997],[-83.73531,34.79976],[-83.73544,34.79982],[-83.73571,34.79995],[-83.73584,34.80001],[-83.73597,34.80007],[-83.73611,34.80014],[-83.73624,34.80019],[-83.73637,34.80024],[-83.73651,34.80029],[-83.73664,34.80033],[-83.73678,34.80036],[-83.73692,34.80036],[-83.73706,34.80033],[-83.7372,34.80028],[-83.73735,34.80023],[-83.73749,34.80017],[-83.73764,34.80014],[-83.73773,34.80014],[-83.73782,34.80014],[-83.73787,34.80014],[-83.73803,34.80015],[-83.73815,34.80017],[-83.73822,34.80018],[-83.73837,34.80021],[-83.73866,34.80027],[-83.73896,34.80034],[-83.73924,34.8004],[-83.73968,34.80049],[-83.74011,34.80058],[-83.74055,34.80068],[-83.74083,34.80075],[-83.74111,34.80083],[-83.74125,34.80088],[-83.74152,34.80098],[-83.74193,34.80115],[-83.74206,34.80121],[-83.7422,34.80129],[-83.74233,34.80135],[-83.74247,34.8014],[-83.74261,34.80143],[-83.74275,34.80141],[-83.74289,34.80138],[-83.74304,34.80136],[-83.74306,34.80135],[-83.74318,34.80133],[-83.74332,34.8013],[-83.74347,34.80128],[-83.74361,34.80125],[-83.74375,34.80122],[-83.7439,34.80119],[-83.74404,34.80116],[-83.74418,34.80113],[-83.74433,34.8011],[-83.74447,34.80107],[-83.74461,34.80104],[-83.74476,34.801],[-83.7449,34.80097],[-83.74505,34.80094],[-83.74519,34.8009],[-83.74533,34.80087],[-83.74548,34.80084],[-83.74562,34.8008],[-83.74576,34.80077],[-83.74591,34.80073],[-83.74605,34.8007],[-83.7462,34.80066],[-83.74634,34.80063],[-83.74648,34.80059],[-83.74663,34.80055],[-83.74677,34.80052],[-83.74692,34.80048],[-83.74706,34.80045],[-83.7472,34.80041],[-83.74735,34.80038],[-83.74749,34.80034],[-83.74764,34.8003],[-83.74778,34.80027],[-83.74792,34.80023],[-83.74807,34.80019],[-83.74821,34.80016],[-83.74836,34.80012],[-83.7485,34.80009],[-83.74879,34.80002],[-83.74893,34.79998],[-83.74908,34.79994],[-83.74922,34.79991],[-83.74936,34.79987],[-83.74951,34.79984],[-83.74965,34.79981],[-83.75613,34.79835],[-83.7571,34.79813],[-83.75932,34.79764],[-83.76025,34.79742],[-83.77057,34.7951],[-83.77059,34.7951],[-83.77787,34.79346],[-83.77907,34.79319],[-83.78035,34.79291],[-83.7804,34.79289],[-83.78518,34.79183],[-83.80518,34.78738],[-83.8096,34.78639],[-83.8105,34.78619],[-83.8113,34.78609],[-83.818,34.7832],[-83.8194,34.78259],[-83.81965,34.78225],[-83.82003,34.78196],[-83.82041,34.78178],[-83.82497,34.77924],[-83.82546,34.77897],[-83.8259,34.77851],[-83.82591,34.77813],[-83.82591,34.7775],[-83.82634,34.77693],[-83.82651,34.77661],[-83.82685,34.77594],[-83.82714,34.7756],[-83.82718,34.7753],[-83.82719,34.77495],[-83.82699,34.77449],[-83.82673,34.7737],[-83.82697,34.77289],[-83.82772,34.77189],[-83.82857,34.77129],[-83.82916,34.771],[-83.8294,34.77078],[-83.82936,34.77034],[-83.8289,34.76928],[-83.8288,34.76867],[-83.82886,34.76825],[-83.82917,34.76795],[-83.83054,34.76647],[-83.83069,34.76618]]]},"properties":{"GEOID":"13311","BASENAME":"White"}},{"type":"Feature","geometry":{"type":"Polygon","coordinates":[[[-84.17916,34.95087],[-84.1791,34.95021],[-84.17894,34.94964],[-84.17889,34.9496],[-84.17886,34.94956],[-84.17853,34.94925],[-84.17821,34.9487],[-84.17813,34.94836],[-84.17808,34.94812],[-84.1782,34.94785],[-84.17824,34.94774],[-84.17831,34.94758],[-84.17867,34.9471],[-84.17875,34.94683],[-84.17867,34.9465],[-84.17816,34.946],[-84.17796,34.94582],[-84.17782,34.94579],[-84.17763,34.94575],[-84.17726,34.94534],[-84.17698,34.94514],[-84.17651,34.94464],[-84.1753,34.94388],[-84.17453,34.94379],[-84.17409,34.94352],[-84.17386,34.94325],[-84.17349,34.94252],[-84.17298,34.94205],[-84.17283,34.94174],[-84.17265,34.94164],[-84.1726,34.94161],[-84.17256,34.94158],[-84.1725,34.94151],[-84.17244,34.94145],[-84.17236,34.94127],[-84.17235,34.94124],[-84.17226,34.94071],[-84.17225,34.94054],[-84.17224,34.94046],[-84.17222,34.94019],[-84.17223,34.94018],[-84.17226,34.9397],[-84.17219,34.93913],[-84.17199,34.93848],[-84.17191,34.93832],[-84.17181,34.93812],[-84.17168,34.9379],[-84.17135,34.93756],[-84.17133,34.93756],[-84.17089,34.93727],[-84.17065,34.93708],[-84.1704,34.93683],[-84.17026,34.9366],[-84.17011,34.93652],[-84.16988,34.93644],[-84.1695,34.93639],[-84.16878,34.9363],[-84.16822,34.93615],[-84.16793,34.93599],[-84.16771,34.93595],[-84.16724,34.93598],[-84.16658,34.9362],[-84.16605,34.93631],[-84.16575,34.93627],[-84.16525,34.93612],[-84.16511,34.9361],[-84.16494,34.93607],[-84.16485,34.93607],[-84.16385,34.93618],[-84.16327,34.93614],[-84.16328,34.93591],[-84.16351,34.93557],[-84.16359,34.93482],[-84.16335,34.93398],[-84.16335,34.93326],[-84.16309,34.93279],[-84.16346,34.93191],[-84.16343,34.93165],[-84.16344,34.93161],[-84.16347,34.93143],[-84.16346,34.93124],[-84.16341,34.9311],[-84.16332,34.93083],[-84.16302,34.93025],[-84.16266,34.92977],[-84.16259,34.92966],[-84.1625,34.92951],[-84.16231,34.92919],[-84.16198,34.92828],[-84.16147,34.92755],[-84.16082,34.9269],[-84.15852,34.92696],[-84.1571,34.92679],[-84.15542,34.9267],[-84.15408,34.92642],[-84.1523,34.92555],[-84.15213,34.92543],[-84.15104,34.92478],[-84.15031,34.92355],[-84.15034,34.92247],[-84.15001,34.92173],[-84.14934,34.92124],[-84.14931,34.92068],[-84.14927,34.92027],[-84.14912,34.91961],[-84.14859,34.91937],[-84.14692,34.91969],[-84.14621,34.9197],[-84.14617,34.91968],[-84.1458,34.91942],[-84.1451,34.91851],[-84.14408,34.91779],[-84.14343,34.91748],[-84.14108,34.91644],[-84.14082,34.91641],[-84.13949,34.91636],[-84.13897,34.91609],[-84.13879,34.91583],[-84.13861,34.91553],[-84.13834,34.91536],[-84.13791,34.91533],[-84.13741,34.91539],[-84.13665,34.91529],[-84.13667,34.91524],[-84.13659,34.91527],[-84.13654,34.91529],[-84.13649,34.91529],[-84.1359,34.91531],[-84.1354,34.91531],[-84.13446,34.91571],[-84.13382,34.91627],[-84.13376,34.91636],[-84.13354,34.91647],[-84.13331,34.91619],[-84.1326,34.91556],[-84.13214,34.91518],[-84.13178,34.91494],[-84.13173,34.91489],[-84.13147,34.91462],[-84.13119,34.9144],[-84.13098,34.91419],[-84.1307,34.91398],[-84.13065,34.91393],[-84.13046,34.91371],[-84.1304,34.91361],[-84.13039,34.91354],[-84.13036,34.91345],[-84.13031,34.91331],[-84.13027,34.91323],[-84.13012,34.91286],[-84.13003,34.91261],[-84.1299,34.91238],[-84.12977,34.9121],[-84.12968,34.91166],[-84.1294,34.91123],[-84.12891,34.91105],[-84.12889,34.91103],[-84.12801,34.91073],[-84.12762,34.91051],[-84.12717,34.91027],[-84.12686,34.90989],[-84.12665,34.90963],[-84.12583,34.90922],[-84.12563,34.90898],[-84.12554,34.90888],[-84.12551,34.90821],[-84.12554,34.90816],[-84.12561,34.90803],[-84.12583,34.90766],[-84.126,34.90699],[-84.12603,34.90658],[-84.12598,34.9063],[-84.12585,34.90607],[-84.12524,34.90543],[-84.12468,34.90472],[-84.12457,34.90457],[-84.12361,34.90325],[-84.12355,34.90317],[-84.12341,34.90304],[-84.12321,34.90293],[-84.12281,34.9026],[-84.12155,34.90147],[-84.12152,34.90117],[-84.12157,34.90087],[-84.11971,34.8966],[-84.11917,34.89543],[-84.11793,34.89401],[-84.11695,34.89352],[-84.11633,34.89302],[-84.11558,34.89211],[-84.11548,34.89176],[-84.11539,34.89161],[-84.11513,34.89153],[-84.11466,34.89099],[-84.11465,34.89047],[-84.11461,34.88972],[-84.11422,34.88949],[-84.11351,34.88919],[-84.11281,34.88877],[-84.1123,34.88821],[-84.11168,34.88809],[-84.10923,34.88838],[-84.10813,34.88811],[-84.10767,34.88764],[-84.10752,34.88708],[-84.10742,34.8869],[-84.10835,34.88456],[-84.1094,34.88287],[-84.11034,34.88003],[-84.11046,34.87936],[-84.11061,34.87852],[-84.11057,34.87806],[-84.11058,34.87801],[-84.11051,34.87755],[-84.11052,34.87746],[-84.11053,34.87732],[-84.11053,34.87729],[-84.11054,34.87726],[-84.11055,34.87724],[-84.11062,34.87712],[-84.11063,34.8771],[-84.11065,34.87706],[-84.11075,34.87689],[-84.11133,34.87587],[-84.11135,34.87584],[-84.11156,34.87549],[-84.11162,34.8754],[-84.11165,34.87537],[-84.1118,34.87512],[-84.11186,34.87503],[-84.11193,34.87491],[-84.11215,34.87455],[-84.11223,34.87444],[-84.11249,34.87417],[-84.11256,34.87405],[-84.11266,34.87389],[-84.11329,34.87226],[-84.11335,34.87198],[-84.11346,34.87177],[-84.11374,34.87037],[-84.11755,34.86736],[-84.11886,34.86614],[-84.11896,34.86549],[-84.11921,34.86517],[-84.11967,34.86492],[-84.12017,34.86478],[-84.12064,34.86463],[-84.12135,34.86474],[-84.12225,34.86487],[-84.12428,34.86417],[-84.12491,34.86395],[-84.12588,34.86388],[-84.12618,34.86386],[-84.12654,34.86383],[-84.12802,34.8641],[-84.12902,34.86474],[-84.12902,34.86397],[-84.12919,34.86354],[-84.13078,34.8622],[-84.13187,34.86102],[-84.13247,34.85979],[-84.1336,34.85933],[-84.13531,34.85898],[-84.1355,34.85886],[-84.13572,34.85874],[-84.1359,34.85858],[-84.13619,34.85791],[-84.13649,34.85752],[-84.1379,34.85663],[-84.1386,34.85634],[-84.14026,34.85512],[-84.14145,34.85454],[-84.14205,34.85426],[-84.14247,34.85404],[-84.14291,34.85266],[-84.1427,34.85176],[-84.1421,34.85006],[-84.14263,34.8492],[-84.14328,34.84892],[-84.14407,34.84811],[-84.14423,34.84754],[-84.14507,34.84666],[-84.14523,34.84657],[-84.14599,34.84572],[-84.1466,34.84524],[-84.14735,34.84477],[-84.14751,34.84464],[-84.14742,34.84423],[-84.14742,34.84401],[-84.14708,34.84375],[-84.1471,34.84326],[-84.14735,34.84273],[-84.14735,34.84224],[-84.14668,34.84119],[-84.14654,34.8405],[-84.14677,34.84005],[-84.14687,34.8395],[-84.14754,34.83826],[-84.14761,34.83787],[-84.14756,34.83751],[-84.14745,34.83731],[-84.1471,34.8368],[-84.14598,34.83626],[-84.14564,34.83601],[-84.146,34.83475],[-84.1458,34.83424],[-84.14529,34.83261],[-84.14526,34.83183],[-84.1454,34.83103],[-84.14545,34.83019],[-84.14561,34.82935],[-84.14555,34.82907],[-84.14513,34.82857],[-84.14475,34.82829],[-84.14465,34.82793],[-84.1447,34.82783],[-84.14509,34.82747],[-84.14569,34.82723],[-84.14601,34.82623],[-84.14504,34.82428],[-84.1446,34.82318],[-84.14407,34.82313],[-84.14354,34.82296],[-84.1434,34.82298],[-84.14289,34.82258],[-84.14269,34.82227],[-84.14261,34.82198],[-84.14257,34.82183],[-84.14256,34.82148],[-84.14256,34.82119],[-84.14254,34.82109],[-84.14239,34.82073],[-84.14168,34.82016],[-84.1412,34.81946],[-84.14147,34.81836],[-84.14136,34.81765],[-84.14073,34.81678],[-84.14054,34.81564],[-84.14045,34.81425],[-84.14049,34.81379],[-84.14055,34.81331],[-84.14053,34.81257],[-84.13998,34.81088],[-84.13993,34.81056],[-84.13989,34.81033],[-84.14017,34.8101],[-84.14104,34.80984],[-84.14106,34.80899],[-84.1411,34.80795],[-84.14173,34.80734],[-84.14128,34.80719],[-84.14006,34.80688],[-84.13957,34.80662],[-84.13806,34.80585],[-84.13741,34.80512],[-84.1355,34.8037],[-84.13497,34.80301],[-84.13396,34.8025],[-84.13325,34.80239],[-84.13247,34.80234],[-84.13055,34.80093],[-84.12991,34.79974],[-84.12827,34.7985],[-84.1273,34.79826],[-84.12672,34.79794],[-84.12549,34.79688],[-84.125,34.79665],[-84.12424,34.79608],[-84.12399,34.79604],[-84.12177,34.79676],[-84.11949,34.79752],[-84.11794,34.79776],[-84.11714,34.79783],[-84.11512,34.79857],[-84.11397,34.79881],[-84.11223,34.79872],[-84.1114,34.79833],[-84.11096,34.79795],[-84.10851,34.79863],[-84.1075,34.79893],[-84.10588,34.7988],[-84.10535,34.79891],[-84.10462,34.79889],[-84.10403,34.79909],[-84.10227,34.80075],[-84.10106,34.80132],[-84.10001,34.80173],[-84.0981,34.80164],[-84.09564,34.80123],[-84.09477,34.80111],[-84.09396,34.80113],[-84.09319,34.80141],[-84.09308,34.79499],[-84.09305,34.79206],[-84.09306,34.79169],[-84.09306,34.7915],[-84.09305,34.79149],[-84.09305,34.79148],[-84.09306,34.79144],[-84.09306,34.79111],[-84.09303,34.78759],[-84.09302,34.78387],[-84.09307,34.7808],[-84.09295,34.77727],[-84.09299,34.77366],[-84.09297,34.77165],[-84.09297,34.77162],[-84.09297,34.77139],[-84.09297,34.77071],[-84.09297,34.77049],[-84.09296,34.76983],[-84.09296,34.7697],[-84.09295,34.76786],[-84.09294,34.7672],[-84.09294,34.76687],[-84.09294,34.76675],[-84.09294,34.76673],[-84.09294,34.76208],[-84.09294,34.76197],[-84.09294,34.76193],[-84.09294,34.76187],[-84.09294,34.76153],[-84.09294,34.76149],[-84.09294,34.76144],[-84.09294,34.76138],[-84.09294,34.76135],[-84.09279,34.75957],[-84.09281,34.75863],[-84.09287,34.75507],[-84.09294,34.75426],[-84.09294,34.75203],[-84.09294,34.74895],[-84.093,34.74534],[-84.09303,34.74323],[-84.09302,34.74319],[-84.09303,34.74315],[-84.09303,34.74311],[-84.09305,34.74201],[-84.09305,34.74182],[-84.09305,34.74177],[-84.09308,34.73559],[-84.09308,34.73517],[-84.09308,34.7351],[-84.09309,34.73497],[-84.09309,34.73474],[-84.0931,34.73405],[-84.0931,34.7338],[-84.0931,34.73378],[-84.0931,34.73376],[-84.0931,34.73366],[-84.09317,34.72778],[-84.09826,34.72778],[-84.10363,34.72784],[-84.10537,34.72528],[-84.10793,34.72159],[-84.1097,34.71905],[-84.11285,34.71451],[-84.11499,34.7114],[-84.11675,34.70884],[-84.11837,34.70649],[-84.12032,34.70366],[-84.12282,34.70005],[-84.12325,34.69943],[-84.12491,34.6971],[-84.12507,34.69687],[-84.12536,34.69646],[-84.12555,34.69618],[-84.1257,34.69595],[-84.12624,34.69513],[-84.12778,34.69283],[-84.12787,34.69269],[-84.12843,34.69189],[-84.13001,34.68959],[-84.1328,34.68557],[-84.13473,34.6827],[-84.13629,34.68039],[-84.13632,34.68034],[-84.13641,34.68021],[-84.13644,34.68017],[-84.13711,34.67917],[-84.13912,34.67619],[-84.13972,34.6753],[-84.13979,34.67519],[-84.14012,34.6747],[-84.14081,34.67372],[-84.14262,34.67113],[-84.14383,34.66926],[-84.14481,34.66775],[-84.14495,34.66753],[-84.1461,34.66584],[-84.14969,34.66059],[-84.14999,34.66023],[-84.15005,34.66014],[-84.15132,34.65821],[-84.15208,34.65705],[-84.15265,34.65621],[-84.15671,34.65025],[-84.15733,34.64934],[-84.15804,34.64824],[-84.15794,34.6482],[-84.15781,34.64819],[-84.15757,34.64816],[-84.15746,34.64821],[-84.15612,34.6488],[-84.15596,34.64875],[-84.15591,34.64873],[-84.15587,34.64875],[-84.15573,34.6488],[-84.15555,34.64885],[-84.15525,34.64891],[-84.15507,34.64891],[-84.15478,34.64877],[-84.15448,34.64845],[-84.15435,34.64921],[-84.15423,34.64996],[-84.15312,34.651],[-84.15181,34.65127],[-84.15136,34.65102],[-84.15057,34.65059],[-84.14951,34.64788],[-84.14904,34.6469],[-84.14899,34.64685],[-84.14884,34.64685],[-84.14874,34.64685],[-84.14851,34.64678],[-84.14829,34.64669],[-84.14782,34.64642],[-84.14764,34.64634],[-84.14741,34.64632],[-84.14718,34.64634],[-84.14632,34.64659],[-84.14594,34.64679],[-84.14584,34.64684],[-84.14541,34.64719],[-84.14534,34.64726],[-84.14512,34.64766],[-84.14489,34.64774],[-84.14434,34.64794],[-84.14367,34.64831],[-84.14308,34.64871],[-84.14278,34.64884],[-84.14248,34.64907],[-84.14205,34.64931],[-84.14191,34.64944],[-84.14171,34.64963],[-84.1415,34.64997],[-84.14103,34.65047],[-84.14091,34.65057],[-84.14087,34.6506],[-84.14076,34.65069],[-84.14019,34.65107],[-84.13888,34.65218],[-84.13885,34.65222],[-84.13862,34.65238],[-84.13841,34.65251],[-84.13812,34.65274],[-84.138,34.65287],[-84.13793,34.65299],[-84.13782,34.65332],[-84.13764,34.65379],[-84.13754,34.65401],[-84.13722,34.65449],[-84.13686,34.65481],[-84.13668,34.65502],[-84.13655,34.6553],[-84.13645,34.65558],[-84.13654,34.65621],[-84.13659,34.65633],[-84.13693,34.65682],[-84.13713,34.65705],[-84.13741,34.65736],[-84.13758,34.65765],[-84.13779,34.65842],[-84.13786,34.65881],[-84.13789,34.65949],[-84.13794,34.65962],[-84.13811,34.65983],[-84.1381,34.65985],[-84.13796,34.66004],[-84.13779,34.66035],[-84.13772,34.66046],[-84.13737,34.66077],[-84.13705,34.66098],[-84.13639,34.6613],[-84.13614,34.66137],[-84.13594,34.66138],[-84.13541,34.66137],[-84.13496,34.6613],[-84.13482,34.6613],[-84.13428,34.66137],[-84.13384,34.66149],[-84.13343,34.66157],[-84.13326,34.66163],[-84.13305,34.66173],[-84.1326,34.66188],[-84.1319,34.66225],[-84.13045,34.66314],[-84.13036,34.6632],[-84.13022,34.66326],[-84.12999,34.6634],[-84.12947,34.66371],[-84.12945,34.66374],[-84.12942,34.66377],[-84.12939,34.66377],[-84.12936,34.66378],[-84.12929,34.66379],[-84.12923,34.6638],[-84.12823,34.66393],[-84.12796,34.66418],[-84.1262,34.66437],[-84.12491,34.66442],[-84.12395,34.66329],[-84.12383,34.66323],[-84.12323,34.66297],[-84.12237,34.6625],[-84.12209,34.66232],[-84.12159,34.66206],[-84.12128,34.66193],[-84.1209,34.66182],[-84.12058,34.66166],[-84.12016,34.66155],[-84.11988,34.6614],[-84.11948,34.66124],[-84.11913,34.66102],[-84.1189,34.66092],[-84.11855,34.66057],[-84.1183,34.66024],[-84.11806,34.65975],[-84.11803,34.65945],[-84.11794,34.65919],[-84.11787,34.65886],[-84.11771,34.65863],[-84.11756,34.65851],[-84.1173,34.65838],[-84.11685,34.65827],[-84.11532,34.65811],[-84.11481,34.65799],[-84.11431,34.65794],[-84.11414,34.65791],[-84.11318,34.65751],[-84.11245,34.65726],[-84.1117,34.65696],[-84.1111,34.65677],[-84.11031,34.65641],[-84.10981,34.65622],[-84.10943,34.6561],[-84.10925,34.65608],[-84.10894,34.65612],[-84.10753,34.65628],[-84.10685,34.6563],[-84.10647,34.65626],[-84.10606,34.65611],[-84.10565,34.6559],[-84.10538,34.65572],[-84.1053,34.65565],[-84.10506,34.65545],[-84.10494,34.65529],[-84.10484,34.6551],[-84.10471,34.655],[-84.10379,34.65472],[-84.10289,34.65451],[-84.10229,34.65441],[-84.10102,34.65411],[-84.10024,34.65386],[-84.09984,34.65367],[-84.09939,34.65332],[-84.0991,34.65322],[-84.0989,34.65321],[-84.0987,34.65322],[-84.09806,34.65337],[-84.09742,34.65356],[-84.09647,34.65372],[-84.09624,34.65373],[-84.09585,34.65369],[-84.09571,34.65365],[-84.09451,34.6531],[-84.09435,34.65308],[-84.09409,34.65309],[-84.09373,34.653],[-84.09341,34.653],[-84.09247,34.65318],[-84.09115,34.65298],[-84.09031,34.6524],[-84.08955,34.65178],[-84.08911,34.65146],[-84.08893,34.65135],[-84.08849,34.65127],[-84.08812,34.65142],[-84.08787,34.65197],[-84.08781,34.65206],[-84.08772,34.65224],[-84.08759,34.65242],[-84.08743,34.65258],[-84.08711,34.6528],[-84.08691,34.65291],[-84.08666,34.65298],[-84.08635,34.65303],[-84.08605,34.65304],[-84.08578,34.65301],[-84.08557,34.65295],[-84.08492,34.65288],[-84.08484,34.65289],[-84.08474,34.65288],[-84.08452,34.65292],[-84.08434,34.65296],[-84.08397,34.65304],[-84.08389,34.65306],[-84.08381,34.65308],[-84.08303,34.65317],[-84.08166,34.65333],[-84.08082,34.65344],[-84.08039,34.65358],[-84.08006,34.65371],[-84.07991,34.65383],[-84.07991,34.6539],[-84.0799,34.65394],[-84.08002,34.65421],[-84.0801,34.65451],[-84.08019,34.65538],[-84.08024,34.65596],[-84.07993,34.65667],[-84.07945,34.65684],[-84.07896,34.65694],[-84.0783,34.65705],[-84.07787,34.65715],[-84.07707,34.65711],[-84.076,34.65685],[-84.07552,34.65676],[-84.07507,34.65663],[-84.07454,34.65656],[-84.07417,34.65656],[-84.07381,34.6566],[-84.07249,34.65688],[-84.07225,34.65696],[-84.07196,34.65702],[-84.07175,34.65703],[-84.07155,34.65701],[-84.07135,34.65695],[-84.07116,34.65685],[-84.07099,34.65671],[-84.07085,34.65654],[-84.07077,34.65636],[-84.07065,34.65498],[-84.07025,34.65419],[-84.06992,34.65373],[-84.06981,34.65324],[-84.06941,34.65294],[-84.0689,34.6524],[-84.06871,34.65198],[-84.06811,34.65172],[-84.06757,34.65163],[-84.06665,34.65147],[-84.06628,34.65105],[-84.0662,34.65055],[-84.06654,34.64992],[-84.06697,34.64949],[-84.06747,34.64889],[-84.06765,34.64846],[-84.06772,34.6482],[-84.06765,34.648],[-84.06719,34.64812],[-84.06634,34.64845],[-84.0651,34.64872],[-84.06446,34.64891],[-84.06367,34.64904],[-84.06324,34.64925],[-84.06263,34.64914],[-84.06196,34.64824],[-84.0608,34.6472],[-84.05986,34.64665],[-84.05894,34.64606],[-84.0589,34.64604],[-84.05784,34.64536],[-84.05711,34.64414],[-84.05651,34.64351],[-84.05549,34.64297],[-84.05516,34.64292],[-84.05496,34.64289],[-84.05364,34.64322],[-84.05238,34.64376],[-84.05203,34.6438],[-84.05143,34.64388],[-84.04999,34.6435],[-84.04943,34.6432],[-84.04934,34.64299],[-84.04941,34.64238],[-84.04942,34.6415],[-84.04905,34.64111],[-84.04823,34.64088],[-84.0477,34.64089],[-84.04706,34.64087],[-84.04629,34.64074],[-84.04545,34.64055],[-84.04526,34.64091],[-84.04475,34.64137],[-84.04425,34.64175],[-84.04394,34.64193],[-84.04362,34.64207],[-84.04321,34.64219],[-84.04299,34.64223],[-84.04238,34.64233],[-84.04193,34.64234],[-84.04149,34.64229],[-84.04037,34.6419],[-84.03986,34.64173],[-84.03957,34.64169],[-84.0385,34.64173],[-84.03713,34.64186],[-84.03651,34.64193],[-84.03628,34.64209],[-84.03627,34.64291],[-84.03629,34.64374],[-84.03645,34.64418],[-84.03689,34.6449],[-84.03708,34.64507],[-84.03724,34.6457],[-84.03717,34.64657],[-84.03709,34.6475],[-84.03703,34.64824],[-84.03713,34.64904],[-84.03719,34.64943],[-84.03747,34.65022],[-84.03821,34.65108],[-84.03861,34.65137],[-84.03852,34.65173],[-84.03802,34.65198],[-84.03718,34.65242],[-84.03675,34.65264],[-84.03634,34.65276],[-84.03538,34.65278],[-84.03434,34.65263],[-84.03384,34.65235],[-84.03362,34.65228],[-84.03325,34.65212],[-84.03311,34.65202],[-84.03279,34.65197],[-84.03259,34.65194],[-84.03202,34.65202],[-84.03164,34.6522],[-84.03123,34.65226],[-84.03082,34.65223],[-84.03044,34.65258],[-84.03028,34.65326],[-84.02993,34.65391],[-84.02929,34.65469],[-84.02831,34.65686],[-84.0283,34.65747],[-84.0284,34.65765],[-84.02869,34.65849],[-84.02902,34.65913],[-84.02913,34.65996],[-84.02916,34.66051],[-84.02919,34.66098],[-84.0289,34.66134],[-84.02874,34.66156],[-84.02823,34.66198],[-84.02776,34.66233],[-84.02697,34.66278],[-84.02653,34.66304],[-84.02638,34.66318],[-84.02629,34.66335],[-84.02626,34.66351],[-84.02619,34.66368],[-84.02618,34.66381],[-84.02624,34.66405],[-84.02632,34.66468],[-84.02637,34.6648],[-84.02646,34.66502],[-84.02675,34.66552],[-84.02692,34.66578],[-84.02708,34.66608],[-84.02715,34.66635],[-84.02716,34.66638],[-84.02718,34.66668],[-84.02714,34.66695],[-84.02704,34.66718],[-84.02692,34.66733],[-84.02645,34.66782],[-84.02641,34.66787],[-84.02575,34.66861],[-84.02549,34.66896],[-84.02515,34.66939],[-84.02461,34.6702],[-84.02439,34.67044],[-84.02411,34.67075],[-84.02398,34.67082],[-84.02386,34.67085],[-84.02325,34.67083],[-84.02284,34.67065],[-84.02216,34.67049],[-84.02133,34.67042],[-84.02077,34.67039],[-84.02017,34.67036],[-84.01932,34.67023],[-84.01912,34.67021],[-84.01862,34.67017],[-84.01851,34.67017],[-84.01845,34.67017],[-84.01829,34.67022],[-84.0182,34.67027],[-84.01801,34.67042],[-84.01764,34.67079],[-84.01743,34.67107],[-84.01707,34.67167],[-84.01688,34.67194],[-84.01657,34.67237],[-84.0164,34.67254],[-84.01622,34.67272],[-84.01598,34.67296],[-84.01588,34.67301],[-84.01581,34.67305],[-84.01562,34.6731],[-84.01495,34.67315],[-84.01449,34.67313],[-84.01356,34.67305],[-84.01308,34.67306],[-84.01263,34.6731],[-84.01128,34.67331],[-84.01122,34.67332],[-84.01038,34.67324],[-84.01011,34.67319],[-84.00951,34.67317],[-84.00904,34.67321],[-84.00882,34.67325],[-84.00829,34.67343],[-84.00734,34.67382],[-84.00723,34.67387],[-84.00656,34.67434],[-84.00609,34.67468],[-84.00606,34.67471],[-84.00562,34.67497],[-84.00504,34.67524],[-84.005,34.67525],[-84.00465,34.67535],[-84.00376,34.67583],[-84.00294,34.67636],[-84.00284,34.67643],[-84.00259,34.67664],[-84.00232,34.67678],[-84.00157,34.67738],[-84.0012,34.67759],[-84.00094,34.67769],[-84.00069,34.67773],[-84.00015,34.67775],[-83.99994,34.67775],[-83.99925,34.67772],[-83.99882,34.67777],[-83.99847,34.67782],[-83.99799,34.67783],[-83.9978,34.67781],[-83.99756,34.67775],[-83.99711,34.67767],[-83.99689,34.67767],[-83.99651,34.67778],[-83.99614,34.67791],[-83.9956,34.67795],[-83.99524,34.67801],[-83.99507,34.67806],[-83.99481,34.67815],[-83.9947,34.67821],[-83.99464,34.67829],[-83.99461,34.67836],[-83.99441,34.67849],[-83.99441,34.67879],[-83.99461,34.67909],[-83.99471,34.67919],[-83.99481,34.67959],[-83.99482,34.67964],[-83.99491,34.67999],[-83.99501,34.68039],[-83.99512,34.68066],[-83.9953,34.68106],[-83.99561,34.68209],[-83.99561,34.68316],[-83.99561,34.68335],[-83.99557,34.68361],[-83.99554,34.68379],[-83.99548,34.68394],[-83.99539,34.68406],[-83.99516,34.68428],[-83.9951,34.68439],[-83.99512,34.68456],[-83.99526,34.68475],[-83.99531,34.6849],[-83.99531,34.68499],[-83.99522,34.68529],[-83.99519,34.68541],[-83.99484,34.68603],[-83.9942,34.68693],[-83.99413,34.6871],[-83.99385,34.68746],[-83.9933,34.68801],[-83.99225,34.68879],[-83.99209,34.68905],[-83.99203,34.68932],[-83.99212,34.68995],[-83.99221,34.69098],[-83.99218,34.69146],[-83.99208,34.69191],[-83.9919,34.69228],[-83.99071,34.69389],[-83.99061,34.69409],[-83.99051,34.69429],[-83.99051,34.69439],[-83.99101,34.69499],[-83.99151,34.69539],[-83.99181,34.69549],[-83.99211,34.69589],[-83.99162,34.69641],[-83.99141,34.69669],[-83.99111,34.69709],[-83.99061,34.69759],[-83.99001,34.69799],[-83.98911,34.69869],[-83.98867,34.69894],[-83.98821,34.69919],[-83.98741,34.69959],[-83.98691,34.69989],[-83.98641,34.70019],[-83.98651,34.70039],[-83.98695,34.7012],[-83.98725,34.7018],[-83.98759,34.70221],[-83.9876,34.70242],[-83.9873,34.70275],[-83.987,34.70308],[-83.98695,34.70332],[-83.98692,34.70369],[-83.98701,34.70446],[-83.98711,34.70478],[-83.98725,34.7051],[-83.98743,34.70541],[-83.98769,34.70572],[-83.98796,34.70598],[-83.98827,34.70621],[-83.98849,34.70636],[-83.98879,34.70652],[-83.98886,34.70656],[-83.98914,34.70674],[-83.98937,34.70694],[-83.98953,34.7071],[-83.98956,34.70719],[-83.98956,34.7073],[-83.98946,34.70757],[-83.98933,34.70767],[-83.98904,34.70772],[-83.98862,34.7078],[-83.98827,34.70796],[-83.98792,34.70824],[-83.98761,34.70858],[-83.98746,34.70882],[-83.98727,34.70919],[-83.98699,34.70988],[-83.98696,34.70997],[-83.98688,34.71024],[-83.98656,34.71078],[-83.9861,34.71199],[-83.98586,34.71233],[-83.98572,34.71263],[-83.98488,34.71395],[-83.98458,34.71424],[-83.984,34.71465],[-83.98297,34.71545],[-83.98286,34.71552],[-83.98261,34.71589],[-83.98204,34.71599],[-83.98161,34.7161],[-83.98102,34.71616],[-83.98051,34.71629],[-83.98035,34.71633],[-83.97961,34.71649],[-83.97884,34.71639],[-83.9778,34.71639],[-83.97751,34.71639],[-83.97721,34.71649],[-83.97701,34.71679],[-83.97661,34.71749],[-83.97631,34.71786],[-83.97621,34.71799],[-83.97571,34.71839],[-83.97528,34.71853],[-83.97511,34.71859],[-83.97481,34.71867],[-83.97441,34.71869],[-83.97401,34.71882],[-83.97361,34.71889],[-83.97321,34.71909],[-83.97311,34.71909],[-83.97291,34.71919],[-83.97291,34.71959],[-83.97286,34.7199],[-83.97281,34.72019],[-83.97271,34.72079],[-83.97241,34.72159],[-83.97231,34.72219],[-83.97211,34.72279],[-83.97191,34.723],[-83.97161,34.72329],[-83.97111,34.72339],[-83.9707,34.72335],[-83.97041,34.72329],[-83.96992,34.72329],[-83.96961,34.72329],[-83.96871,34.72329],[-83.96813,34.72335],[-83.96781,34.72339],[-83.96691,34.72349],[-83.96661,34.72369],[-83.96621,34.72409],[-83.96571,34.72507],[-83.96543,34.72552],[-83.96516,34.72592],[-83.96497,34.72629],[-83.96495,34.72632],[-83.96492,34.72635],[-83.9648,34.72651],[-83.96463,34.72673],[-83.96436,34.72703],[-83.9643,34.7271],[-83.96181,34.72709],[-83.96127,34.72709],[-83.9576,34.72709],[-83.95249,34.72708],[-83.94584,34.72707],[-83.9437,34.72706],[-83.93491,34.72705],[-83.92613,34.72703],[-83.91734,34.72701],[-83.91657,34.72702],[-83.91662,34.72715],[-83.91663,34.72729],[-83.91677,34.72742],[-83.9169,34.72769],[-83.91709,34.72785],[-83.91716,34.72794],[-83.91718,34.72806],[-83.91725,34.72819],[-83.91734,34.7283],[-83.91757,34.72858],[-83.91775,34.7288],[-83.91792,34.72901],[-83.9179,34.72943],[-83.91794,34.72951],[-83.9182,34.72969],[-83.91833,34.72977],[-83.91847,34.72982],[-83.91845,34.7304],[-83.91843,34.73063],[-83.91847,34.7307],[-83.91855,34.73074],[-83.91874,34.73092],[-83.91895,34.73117],[-83.91903,34.73125],[-83.91938,34.73177],[-83.91957,34.73205],[-83.91988,34.73258],[-83.91998,34.73276],[-83.92003,34.73286],[-83.92012,34.73308],[-83.92022,34.73322],[-83.92039,34.73332],[-83.92052,34.73342],[-83.92066,34.73355],[-83.92071,34.73365],[-83.92073,34.7338],[-83.92075,34.73394],[-83.92084,34.73402],[-83.92096,34.73407],[-83.92109,34.73415],[-83.92119,34.73424],[-83.92123,34.73437],[-83.92129,34.73451],[-83.9202,34.73462],[-83.92001,34.73456],[-83.91942,34.73448],[-83.91919,34.73449],[-83.91891,34.73456],[-83.91871,34.73463],[-83.91824,34.73489],[-83.9177,34.73482],[-83.91742,34.73473],[-83.91611,34.73449],[-83.91551,34.73429],[-83.91434,34.73414],[-83.91391,34.73409],[-83.91311,34.73399],[-83.91251,34.73409],[-83.91206,34.73422],[-83.91181,34.73429],[-83.91121,34.73429],[-83.91081,34.73439],[-83.91051,34.73449],[-83.91011,34.73449],[-83.90981,34.73439],[-83.90941,34.73419],[-83.90921,34.73389],[-83.90901,34.73349],[-83.90881,34.73319],[-83.90821,34.73279],[-83.90786,34.73253],[-83.90761,34.73239],[-83.90721,34.73209],[-83.90677,34.73176],[-83.90666,34.73165],[-83.90631,34.73139],[-83.90583,34.73128],[-83.90521,34.73119],[-83.90431,34.73129],[-83.90371,34.73159],[-83.90331,34.73189],[-83.90271,34.73229],[-83.90241,34.73239],[-83.90211,34.73239],[-83.90114,34.73228],[-83.90011,34.73219],[-83.89971,34.73199],[-83.89921,34.73149],[-83.89908,34.73131],[-83.8988,34.73103],[-83.8985,34.73083],[-83.89805,34.73068],[-83.89751,34.73059],[-83.89711,34.73039],[-83.89661,34.73009],[-83.89641,34.72979],[-83.89601,34.72919],[-83.89571,34.72849],[-83.89541,34.72769],[-83.89511,34.72719],[-83.89471,34.72679],[-83.89411,34.72629],[-83.89381,34.72609],[-83.89341,34.72589],[-83.89311,34.72579],[-83.89261,34.72579],[-83.89211,34.72589],[-83.89171,34.72589],[-83.89121,34.72589],[-83.89081,34.72579],[-83.89051,34.72579],[-83.89021,34.72569],[-83.88936,34.7256],[-83.88854,34.72567],[-83.88823,34.72578],[-83.88701,34.72649],[-83.88632,34.72662],[-83.88581,34.72679],[-83.88461,34.72659],[-83.88401,34.72619],[-83.88369,34.72615],[-83.88251,34.72599],[-83.88174,34.72575],[-83.88091,34.72529],[-83.87931,34.72379],[-83.87743,34.7233],[-83.8773,34.72338],[-83.87692,34.72366],[-83.87631,34.72409],[-83.87611,34.72429],[-83.87541,34.72479],[-83.87511,34.72499],[-83.87501,34.72509],[-83.87491,34.72519],[-83.87491,34.72509],[-83.87481,34.72499],[-83.87468,34.72505],[-83.87441,34.72519],[-83.87401,34.72539],[-83.87361,34.72559],[-83.87331,34.72579],[-83.87291,34.72589],[-83.87261,34.72609],[-83.87231,34.72619],[-83.87201,34.72629],[-83.87151,34.72649],[-83.87111,34.72669],[-83.87091,34.72679],[-83.87061,34.72699],[-83.87041,34.72709],[-83.87021,34.72729],[-83.86979,34.72739],[-83.86931,34.72729],[-83.86871,34.72709],[-83.86831,34.72699],[-83.86801,34.72689],[-83.86781,34.72679],[-83.86761,34.72669],[-83.86741,34.72649],[-83.86701,34.72629],[-83.86671,34.72609],[-83.86641,34.72609],[-83.86607,34.72618],[-83.86561,34.72629],[-83.86542,34.72629],[-83.86516,34.72633],[-83.86491,34.72629],[-83.86471,34.72629],[-83.86361,34.72629],[-83.86321,34.72609],[-83.86301,34.72599],[-83.86291,34.72579],[-83.86271,34.72539],[-83.86266,34.72523],[-83.86261,34.72499],[-83.86251,34.72449],[-83.86242,34.72416],[-83.86231,34.72379],[-83.86219,34.72375],[-83.86181,34.72359],[-83.86135,34.72348],[-83.86091,34.72339],[-83.86041,34.72339],[-83.86011,34.72339],[-83.85981,34.72349],[-83.85961,34.72359],[-83.85931,34.72369],[-83.85911,34.72369],[-83.85881,34.72359],[-83.85861,34.72359],[-83.85841,34.72349],[-83.85792,34.72323],[-83.85749,34.72295],[-83.85722,34.72272],[-83.85704,34.72249],[-83.85681,34.72219],[-83.85651,34.72219],[-83.85641,34.72219],[-83.85637,34.72221],[-83.85591,34.72239],[-83.85551,34.72259],[-83.85511,34.72289],[-83.85471,34.72309],[-83.85441,34.72329],[-83.85411,34.72359],[-83.85391,34.72379],[-83.85361,34.72419],[-83.85311,34.72439],[-83.85251,34.72459],[-83.85241,34.72459],[-83.85221,34.72469],[-83.85191,34.72489],[-83.85151,34.72519],[-83.85111,34.72529],[-83.85091,34.72549],[-83.85071,34.72569],[-83.85071,34.72589],[-83.85061,34.72599],[-83.85051,34.72619],[-83.85011,34.72619],[-83.84961,34.72629],[-83.84891,34.72629],[-83.84831,34.72629],[-83.84781,34.72619],[-83.84741,34.72619],[-83.84731,34.72609],[-83.84713,34.72605],[-83.84695,34.72601],[-83.84641,34.72589],[-83.84591,34.72589],[-83.84544,34.72596],[-83.84521,34.72599],[-83.8447,34.72609],[-83.8443,34.72619],[-83.84421,34.72619],[-83.84421,34.72629],[-83.84401,34.72639],[-83.8437,34.72639],[-83.8433,34.72639],[-83.8431,34.72629],[-83.8429,34.72599],[-83.8427,34.72579],[-83.8423,34.72539],[-83.84201,34.72519],[-83.8417,34.72499],[-83.8411,34.72499],[-83.84103,34.72499],[-83.8407,34.72499],[-83.8402,34.7251],[-83.8397,34.7254],[-83.83955,34.72559],[-83.83942,34.72574],[-83.8393,34.7259],[-83.8391,34.7262],[-83.839,34.7266],[-83.8388,34.7272],[-83.8386,34.728],[-83.8385,34.7286],[-83.8383,34.7289],[-83.8382,34.729],[-83.838,34.7291],[-83.8377,34.7292],[-83.8371,34.7292],[-83.8361,34.7292],[-83.8354,34.7293],[-83.8345,34.7293],[-83.8344,34.7293],[-83.8336,34.7293],[-83.833,34.7294],[-83.8324,34.7295],[-83.8315,34.7297],[-83.8309,34.7299],[-83.8304,34.7301],[-83.8299,34.7305],[-83.8294,34.7309],[-83.8292,34.7313],[-83.829,34.7317],[-83.8292,34.73229],[-83.8294,34.7329],[-83.8295,34.7334],[-83.8297,34.7339],[-83.83,34.73459],[-83.8302,34.7352],[-83.8304,34.73589],[-83.8304,34.7363],[-83.8303,34.73659],[-83.8301,34.73689],[-83.83,34.73709],[-83.82981,34.73779],[-83.8297,34.73839],[-83.8296,34.73899],[-83.82962,34.73963],[-83.82962,34.73977],[-83.82962,34.73987],[-83.82971,34.74027],[-83.82971,34.74037],[-83.82891,34.74127],[-83.82861,34.74168],[-83.82831,34.74188],[-83.82781,34.74218],[-83.82741,34.74228],[-83.82691,34.74258],[-83.82621,34.74278],[-83.82551,34.74318],[-83.82511,34.74338],[-83.82501,34.74368],[-83.82501,34.74398],[-83.82531,34.74448],[-83.82551,34.74478],[-83.82561,34.74528],[-83.82561,34.74569],[-83.82541,34.74629],[-83.82531,34.74669],[-83.82531,34.74699],[-83.82531,34.74739],[-83.82551,34.74799],[-83.8256,34.74849],[-83.82571,34.74919],[-83.8259,34.74949],[-83.826,34.74989],[-83.8261,34.75009],[-83.82625,34.75009],[-83.82683,34.75009],[-83.82831,34.75306],[-83.82851,34.75375],[-83.82855,34.75444],[-83.82846,34.75542],[-83.82861,34.75594],[-83.82895,34.75654],[-83.82955,34.75723],[-83.82975,34.75768],[-83.82989,34.75821],[-83.82996,34.75907],[-83.82981,34.75967],[-83.82935,34.7609],[-83.82926,34.76189],[-83.82939,34.76282],[-83.82996,34.76376],[-83.83038,34.7643],[-83.83054,34.76473],[-83.83073,34.7659],[-83.83069,34.76618],[-83.83054,34.76647],[-83.82917,34.76795],[-83.82886,34.76825],[-83.8288,34.76867],[-83.8289,34.76928],[-83.82936,34.77034],[-83.8294,34.77078],[-83.82916,34.771],[-83.82857,34.77129],[-83.82772,34.77189],[-83.82697,34.77289],[-83.82673,34.7737],[-83.82699,34.77449],[-83.82719,34.77495],[-83.82718,34.7753],[-83.82714,34.7756],[-83.82685,34.77594],[-83.82651,34.77661],[-83.82634,34.77693],[-83.82591,34.7775],[-83.82591,34.77813],[-83.8259,34.77851],[-83.82546,34.77897],[-83.82497,34.77924],[-83.82041,34.78178],[-83.82003,34.78196],[-83.81965,34.78225],[-83.8194,34.78259],[-83.818,34.7832],[-83.8113,34.78609],[-83.8105,34.78619],[-83.8096,34.78639],[-83.80518,34.78738],[-83.78518,34.79183],[-83.7804,34.79289],[-83.78035,34.79291],[-83.78039,34.80197],[-83.78044,34.81453],[-83.78058,34.81469],[-83.7806,34.81839],[-83.7808,34.81849],[-83.7811,34.81869],[-83.7815,34.81889],[-83.7822,34.81899],[-83.7828,34.81919],[-83.7841,34.81939],[-83.78482,34.81947],[-83.78514,34.81983],[-83.78521,34.81986],[-83.78531,34.81991],[-83.7854,34.81997],[-83.78549,34.82004],[-83.78557,34.82011],[-83.78565,34.82018],[-83.78572,34.82026],[-83.78579,34.82033],[-83.78586,34.82041],[-83.78593,34.8205],[-83.78599,34.82058],[-83.78605,34.82067],[-83.78611,34.82075],[-83.78615,34.82086],[-83.78624,34.82092],[-83.78634,34.821],[-83.78635,34.82103],[-83.7864,34.8212],[-83.78645,34.82129],[-83.78649,34.82136],[-83.78809,34.82316],[-83.78817,34.82322],[-83.78826,34.82329],[-83.78844,34.82342],[-83.78862,34.82355],[-83.78881,34.82367],[-83.789,34.8238],[-83.7891,34.82387],[-83.78919,34.82393],[-83.78929,34.82399],[-83.78939,34.82405],[-83.78949,34.8241],[-83.78959,34.82416],[-83.78969,34.82421],[-83.7898,34.82426],[-83.7899,34.82431],[-83.79001,34.82435],[-83.79004,34.82436],[-83.79012,34.82439],[-83.79023,34.82443],[-83.79034,34.82446],[-83.79046,34.82449],[-83.79058,34.82452],[-83.7907,34.82454],[-83.79082,34.82456],[-83.79094,34.82458],[-83.79106,34.82459],[-83.79111,34.8246],[-83.79118,34.8246],[-83.79127,34.8246],[-83.79132,34.8246],[-83.79142,34.8246],[-83.79154,34.8246],[-83.79166,34.82458],[-83.79178,34.82456],[-83.79189,34.82453],[-83.79201,34.8245],[-83.79211,34.82448],[-83.79225,34.82444],[-83.79237,34.82441],[-83.79248,34.82438],[-83.7926,34.82436],[-83.79272,34.82434],[-83.79284,34.82433],[-83.79296,34.82432],[-83.7932,34.82432],[-83.79332,34.82433],[-83.79344,34.82434],[-83.79353,34.82435],[-83.79369,34.82437],[-83.79381,34.82439],[-83.79393,34.82441],[-83.79405,34.82444],[-83.79417,34.82447],[-83.79428,34.82451],[-83.79439,34.82454],[-83.7945,34.82458],[-83.7946,34.82463],[-83.79469,34.82469],[-83.79477,34.82476],[-83.79485,34.82484],[-83.795,34.825],[-83.79514,34.82517],[-83.79529,34.82533],[-83.79536,34.82541],[-83.79544,34.82549],[-83.79552,34.82557],[-83.7956,34.82565],[-83.79568,34.82573],[-83.79576,34.82581],[-83.79583,34.82589],[-83.79591,34.82597],[-83.79597,34.82605],[-83.79604,34.82613],[-83.7961,34.82622],[-83.79615,34.82631],[-83.79619,34.8264],[-83.79623,34.82649],[-83.79626,34.82658],[-83.79629,34.82668],[-83.79632,34.82678],[-83.79634,34.82687],[-83.79636,34.82697],[-83.79637,34.82707],[-83.79638,34.82713],[-83.79638,34.82718],[-83.79637,34.82726],[-83.7964,34.82738],[-83.79637,34.8275],[-83.79639,34.82753],[-83.79638,34.82759],[-83.7964,34.82763],[-83.79639,34.82769],[-83.79639,34.82774],[-83.7964,34.82779],[-83.79638,34.82786],[-83.79636,34.82798],[-83.79634,34.82806],[-83.79633,34.82817],[-83.79633,34.82827],[-83.79625,34.82835],[-83.79626,34.82847],[-83.79623,34.82857],[-83.7962,34.82866],[-83.79617,34.82876],[-83.7961,34.82895],[-83.79603,34.82914],[-83.79595,34.82933],[-83.79588,34.82953],[-83.7958,34.82972],[-83.79577,34.82982],[-83.79573,34.82991],[-83.79569,34.83],[-83.79565,34.8301],[-83.7956,34.83019],[-83.79556,34.83028],[-83.79551,34.83038],[-83.79547,34.83047],[-83.79538,34.83066],[-83.79532,34.83075],[-83.79532,34.8308],[-83.7953,34.83085],[-83.7953,34.8309],[-83.79529,34.83094],[-83.79527,34.83104],[-83.79526,34.83114],[-83.79526,34.83117],[-83.79525,34.83124],[-83.79525,34.83133],[-83.79525,34.83143],[-83.79525,34.83154],[-83.79525,34.83163],[-83.79527,34.83184],[-83.79528,34.83204],[-83.7953,34.83224],[-83.79531,34.83244],[-83.79531,34.83254],[-83.79532,34.83284],[-83.79532,34.83304],[-83.79533,34.83324],[-83.79534,34.83344],[-83.79535,34.83354],[-83.79536,34.83364],[-83.79537,34.83374],[-83.7954,34.83393],[-83.79542,34.83403],[-83.79548,34.83422],[-83.79555,34.83441],[-83.79563,34.8346],[-83.79571,34.83479],[-83.79574,34.83489],[-83.79564,34.83525],[-83.79558,34.83544],[-83.79553,34.83564],[-83.7955,34.83574],[-83.79544,34.83593],[-83.79537,34.83612],[-83.7953,34.83631],[-83.79527,34.83641],[-83.79523,34.8365],[-83.7952,34.8366],[-83.79517,34.8367],[-83.79515,34.83679],[-83.79513,34.83689],[-83.79511,34.83699],[-83.79509,34.83709],[-83.79508,34.83719],[-83.79506,34.83729],[-83.79505,34.83738],[-83.79504,34.83749],[-83.79503,34.83755],[-83.79503,34.83759],[-83.79502,34.83768],[-83.795,34.83778],[-83.79499,34.83788],[-83.79497,34.83798],[-83.79495,34.83808],[-83.79493,34.83818],[-83.7949,34.83827],[-83.79487,34.83837],[-83.79483,34.83847],[-83.79478,34.83856],[-83.79473,34.83865],[-83.79467,34.83874],[-83.7946,34.83882],[-83.79452,34.83889],[-83.79442,34.83894],[-83.79431,34.83899],[-83.79419,34.83904],[-83.79408,34.83909],[-83.79399,34.83915],[-83.79392,34.83922],[-83.79386,34.83931],[-83.79381,34.8394],[-83.79378,34.83949],[-83.79374,34.83959],[-83.79368,34.83979],[-83.79362,34.83999],[-83.7936,34.84009],[-83.79356,34.84029],[-83.79355,34.84039],[-83.79353,34.8405],[-83.79351,34.8406],[-83.79349,34.84069],[-83.79346,34.84079],[-83.79342,34.84088],[-83.79338,34.84097],[-83.79333,34.84105],[-83.79326,34.84112],[-83.79316,34.84117],[-83.79304,34.84122],[-83.79292,34.84126],[-83.7928,34.8413],[-83.79269,34.84135],[-83.7926,34.84141],[-83.79253,34.84148],[-83.79247,34.84157],[-83.79242,34.84166],[-83.79233,34.84185],[-83.79227,34.84194],[-83.79219,34.84202],[-83.79211,34.84209],[-83.79202,34.84216],[-83.79193,34.84223],[-83.79175,34.84236],[-83.79166,34.84243],[-83.79159,34.84251],[-83.79152,34.84259],[-83.79145,34.84267],[-83.79133,34.84286],[-83.79127,34.84296],[-83.79123,34.84306],[-83.79119,34.84315],[-83.79117,34.84325],[-83.79116,34.84334],[-83.79118,34.84343],[-83.79121,34.84351],[-83.79127,34.8436],[-83.79134,34.84369],[-83.79142,34.84377],[-83.7916,34.84393],[-83.79178,34.84406],[-83.79197,34.84419],[-83.79207,34.84424],[-83.79219,34.84431],[-83.79238,34.8444],[-83.79259,34.84451],[-83.79279,34.84461],[-83.793,34.84472],[-83.79319,34.84484],[-83.79338,34.84496],[-83.79357,34.84509],[-83.79375,34.84522],[-83.79392,34.84536],[-83.7941,34.8455],[-83.79428,34.84563],[-83.79445,34.84578],[-83.79453,34.84585],[-83.79461,34.84592],[-83.7947,34.846],[-83.79478,34.84607],[-83.79487,34.84614],[-83.79496,34.84621],[-83.79505,34.84627],[-83.79514,34.84633],[-83.79524,34.84639],[-83.79535,34.84643],[-83.79546,34.84647],[-83.79557,34.8465],[-83.79569,34.84654],[-83.7958,34.84656],[-83.79604,34.84662],[-83.79627,34.84668],[-83.79638,34.84672],[-83.79649,34.84676],[-83.7966,34.84681],[-83.7967,34.84686],[-83.7968,34.84692],[-83.79699,34.84704],[-83.79708,34.84711],[-83.79717,34.84718],[-83.7973,34.84728],[-83.79738,34.84736],[-83.79749,34.84745],[-83.79757,34.84756],[-83.79771,34.84773],[-83.79785,34.8479],[-83.79792,34.84798],[-83.79799,34.84806],[-83.79807,34.84814],[-83.79815,34.84821],[-83.79823,34.84827],[-83.79835,34.84833],[-83.79842,34.84835],[-83.79844,34.84835],[-83.79851,34.84835],[-83.79857,34.84836],[-83.79868,34.84838],[-83.79869,34.84839],[-83.79884,34.84838],[-83.79892,34.84837],[-83.79896,34.84837],[-83.79907,34.8484],[-83.79915,34.84845],[-83.79922,34.84853],[-83.79925,34.84857],[-83.79927,34.84861],[-83.79932,34.8487],[-83.79937,34.8488],[-83.79941,34.8489],[-83.79946,34.849],[-83.79951,34.8491],[-83.79957,34.84918],[-83.79962,34.84925],[-83.79971,34.84934],[-83.79979,34.84942],[-83.79988,34.84948],[-83.80006,34.84962],[-83.80014,34.84969],[-83.80023,34.84977],[-83.80031,34.84984],[-83.80039,34.84992],[-83.80048,34.85],[-83.80055,34.85007],[-83.80062,34.85015],[-83.80067,34.85024],[-83.80071,34.85033],[-83.80074,34.85043],[-83.80076,34.85052],[-83.80078,34.85073],[-83.80079,34.85093],[-83.80081,34.85113],[-83.80082,34.85133],[-83.80083,34.85143],[-83.80084,34.85153],[-83.80085,34.85163],[-83.80088,34.85182],[-83.8009,34.85193],[-83.80091,34.85202],[-83.80093,34.85213],[-83.80095,34.85223],[-83.801,34.85243],[-83.80103,34.85252],[-83.80107,34.85262],[-83.80111,34.8527],[-83.80117,34.85279],[-83.80125,34.85285],[-83.80134,34.85292],[-83.80144,34.85297],[-83.80155,34.85303],[-83.80166,34.85308],[-83.80176,34.85314],[-83.80185,34.85321],[-83.80194,34.85327],[-83.80204,34.85334],[-83.80213,34.8534],[-83.80222,34.85347],[-83.80231,34.85354],[-83.8024,34.8536],[-83.80249,34.85367],[-83.80257,34.85374],[-83.80265,34.85382],[-83.80273,34.85389],[-83.8028,34.85398],[-83.8029,34.85409],[-83.80301,34.85422],[-83.80307,34.8543],[-83.8032,34.85447],[-83.80333,34.85464],[-83.80345,34.85481],[-83.80352,34.8549],[-83.80364,34.85507],[-83.80371,34.85516],[-83.80384,34.85532],[-83.80391,34.85541],[-83.80397,34.85549],[-83.80404,34.85557],[-83.80412,34.85565],[-83.80419,34.85573],[-83.80427,34.85581],[-83.80435,34.85588],[-83.80443,34.85596],[-83.80452,34.85603],[-83.80461,34.85609],[-83.80471,34.85615],[-83.80481,34.8562],[-83.80492,34.85625],[-83.80503,34.85628],[-83.80515,34.85631],[-83.80528,34.85633],[-83.8054,34.85636],[-83.80552,34.85638],[-83.80564,34.85641],[-83.80575,34.85644],[-83.80586,34.85648],[-83.80595,34.85654],[-83.80604,34.8566],[-83.80612,34.85668],[-83.80619,34.85675],[-83.80626,34.85683],[-83.80633,34.85691],[-83.80645,34.85708],[-83.80657,34.85726],[-83.80669,34.85744],[-83.8068,34.85762],[-83.80693,34.8578],[-83.80706,34.85797],[-83.80719,34.85813],[-83.80732,34.8583],[-83.80739,34.85838],[-83.80746,34.85846],[-83.8076,34.85863],[-83.80774,34.85879],[-83.80781,34.85887],[-83.80788,34.85895],[-83.80795,34.85903],[-83.80803,34.85911],[-83.8081,34.85919],[-83.80818,34.85926],[-83.80826,34.85934],[-83.80835,34.85941],[-83.80843,34.85949],[-83.80852,34.85957],[-83.8086,34.85964],[-83.80868,34.85971],[-83.80876,34.85979],[-83.80884,34.85986],[-83.80892,34.85994],[-83.80899,34.86002],[-83.80906,34.8601],[-83.80913,34.86018],[-83.80919,34.86026],[-83.80925,34.86034],[-83.80929,34.86044],[-83.80933,34.86053],[-83.80936,34.86063],[-83.80938,34.86074],[-83.80939,34.86084],[-83.8094,34.86094],[-83.80939,34.86104],[-83.80938,34.86114],[-83.80935,34.86123],[-83.80932,34.86133],[-83.80929,34.86142],[-83.80925,34.86152],[-83.8092,34.86161],[-83.80915,34.8617],[-83.80906,34.86189],[-83.80902,34.86199],[-83.80899,34.86208],[-83.80893,34.86228],[-83.8089,34.86237],[-83.80885,34.86257],[-83.8088,34.86277],[-83.80877,34.86286],[-83.80875,34.86296],[-83.80873,34.86306],[-83.80871,34.86316],[-83.8087,34.86325],[-83.80868,34.86336],[-83.80867,34.86345],[-83.80866,34.86355],[-83.80866,34.86365],[-83.80867,34.86375],[-83.80869,34.86385],[-83.80873,34.86395],[-83.80878,34.86404],[-83.80883,34.86413],[-83.80889,34.86422],[-83.80896,34.8643],[-83.80903,34.86438],[-83.80917,34.86454],[-83.80925,34.86463],[-83.80932,34.8647],[-83.8094,34.86479],[-83.80948,34.86487],[-83.80955,34.86495],[-83.80962,34.86503],[-83.80969,34.86511],[-83.80976,34.86519],[-83.80982,34.86528],[-83.80987,34.86536],[-83.80992,34.86545],[-83.80996,34.86554],[-83.80999,34.86564],[-83.81002,34.86573],[-83.81004,34.86583],[-83.81006,34.86593],[-83.81007,34.86603],[-83.81008,34.86613],[-83.81008,34.86623],[-83.81009,34.86644],[-83.8101,34.86664],[-83.81011,34.86674],[-83.81012,34.86684],[-83.81014,34.86704],[-83.81015,34.86723],[-83.81016,34.86744],[-83.81017,34.86763],[-83.81018,34.86773],[-83.81019,34.86783],[-83.8102,34.86793],[-83.81021,34.86803],[-83.81024,34.86823],[-83.81028,34.86843],[-83.81031,34.86863],[-83.81035,34.86882],[-83.81039,34.86902],[-83.81044,34.86922],[-83.81049,34.86941],[-83.81056,34.8696],[-83.81059,34.8697],[-83.81063,34.86979],[-83.81068,34.86988],[-83.81078,34.87006],[-83.81089,34.87024],[-83.81095,34.87033],[-83.81101,34.87042],[-83.81111,34.8706],[-83.81116,34.87069],[-83.81126,34.87087],[-83.8114,34.87115],[-83.81145,34.87125],[-83.81149,34.87134],[-83.81151,34.87144],[-83.81152,34.87145],[-83.81152,34.87146],[-83.81155,34.87147],[-83.81157,34.87153],[-83.81161,34.87162],[-83.81164,34.87172],[-83.81166,34.87182],[-83.81168,34.87191],[-83.81167,34.87201],[-83.81165,34.87211],[-83.81163,34.87221],[-83.8116,34.87231],[-83.81158,34.87241],[-83.81157,34.87251],[-83.81157,34.87254],[-83.81158,34.8726],[-83.81162,34.8727],[-83.81168,34.87282],[-83.81173,34.87292],[-83.81177,34.87299],[-83.81181,34.87309],[-83.81184,34.87318],[-83.81184,34.87323],[-83.81184,34.87326],[-83.81182,34.87336],[-83.81178,34.87345],[-83.81173,34.87354],[-83.81167,34.87363],[-83.81158,34.87371],[-83.81157,34.87375],[-83.81153,34.8738],[-83.81146,34.87388],[-83.81139,34.87397],[-83.81132,34.87405],[-83.81129,34.8741],[-83.81126,34.87414],[-83.81119,34.87423],[-83.81139,34.87436],[-83.81132,34.87475],[-83.8113,34.87489],[-83.8111,34.87509],[-83.81105,34.87514],[-83.8109,34.87529],[-83.811,34.87529],[-83.8109,34.87549],[-83.811,34.87569],[-83.811,34.87589],[-83.811,34.87609],[-83.81101,34.87622],[-83.811,34.87634],[-83.81099,34.87647],[-83.81098,34.8766],[-83.81097,34.87672],[-83.81096,34.87685],[-83.81094,34.87697],[-83.81093,34.8771],[-83.8109,34.87732],[-83.81089,34.87744],[-83.81086,34.87769],[-83.81084,34.87782],[-83.81083,34.87795],[-83.81082,34.87807],[-83.81081,34.8782],[-83.81079,34.87833],[-83.81078,34.87845],[-83.81076,34.87858],[-83.81074,34.8787],[-83.81072,34.87883],[-83.8107,34.87895],[-83.81068,34.87908],[-83.81065,34.8792],[-83.81063,34.87932],[-83.81059,34.87944],[-83.81055,34.87959],[-83.81051,34.87968],[-83.8105,34.8797],[-83.81045,34.87979],[-83.81038,34.87991],[-83.8103,34.88001],[-83.81021,34.88012],[-83.81013,34.88023],[-83.81004,34.88033],[-83.80997,34.88044],[-83.8099,34.88056],[-83.80983,34.88067],[-83.80977,34.88078],[-83.8097,34.8809],[-83.80964,34.88101],[-83.80958,34.88113],[-83.80953,34.88125],[-83.80948,34.88137],[-83.80943,34.88149],[-83.80939,34.88161],[-83.80935,34.88173],[-83.80931,34.88185],[-83.80928,34.88198],[-83.80926,34.8821],[-83.80923,34.88222],[-83.80921,34.88234],[-83.80918,34.88247],[-83.80915,34.8826],[-83.80913,34.88272],[-83.8091,34.88284],[-83.80907,34.88297],[-83.80903,34.88309],[-83.80899,34.88321],[-83.80894,34.88333],[-83.80889,34.88345],[-83.80883,34.88357],[-83.80878,34.88369],[-83.80873,34.88381],[-83.8087,34.88393],[-83.80867,34.88405],[-83.80867,34.88418],[-83.80868,34.8843],[-83.80871,34.88442],[-83.80876,34.88454],[-83.80881,34.88467],[-83.80885,34.88479],[-83.80889,34.88491],[-83.80891,34.88504],[-83.80892,34.88516],[-83.80894,34.88529],[-83.80895,34.88541],[-83.80896,34.88554],[-83.80898,34.88567],[-83.80899,34.88579],[-83.80899,34.88592],[-83.809,34.88605],[-83.809,34.88618],[-83.809,34.8863],[-83.80899,34.88642],[-83.80899,34.88655],[-83.80897,34.88667],[-83.80895,34.8868],[-83.80893,34.88692],[-83.8089,34.88701],[-83.8089,34.88704],[-83.80885,34.88718],[-83.80882,34.88729],[-83.80878,34.88741],[-83.80873,34.88753],[-83.80871,34.88756],[-83.80868,34.88765],[-83.80863,34.88777],[-83.80857,34.88789],[-83.80852,34.888],[-83.80846,34.88812],[-83.80841,34.88824],[-83.80835,34.88836],[-83.80829,34.88848],[-83.80823,34.8886],[-83.80816,34.88871],[-83.8081,34.88883],[-83.80802,34.88894],[-83.80795,34.88905],[-83.80787,34.88915],[-83.80778,34.88925],[-83.80769,34.88935],[-83.80759,34.88944],[-83.80748,34.88952],[-83.80735,34.88959],[-83.80723,34.88966],[-83.8072,34.88968],[-83.8071,34.88973],[-83.80696,34.8898],[-83.80683,34.88986],[-83.8067,34.88993],[-83.80657,34.89001],[-83.80645,34.89008],[-83.80633,34.89017],[-83.80622,34.89025],[-83.80612,34.89034],[-83.80601,34.89044],[-83.80591,34.89053],[-83.80582,34.89064],[-83.80573,34.89074],[-83.80565,34.89085],[-83.80557,34.89095],[-83.80551,34.89107],[-83.80545,34.89118],[-83.80539,34.8913],[-83.80535,34.89142],[-83.8053,34.89154],[-83.80526,34.89166],[-83.80523,34.89179],[-83.8052,34.89191],[-83.80517,34.89204],[-83.80516,34.89216],[-83.80514,34.89229],[-83.80512,34.89241],[-83.80511,34.89254],[-83.80511,34.89266],[-83.8051,34.89279],[-83.8051,34.89292],[-83.8051,34.89304],[-83.8051,34.89317],[-83.8051,34.89342],[-83.8051,34.89354],[-83.8051,34.89367],[-83.80509,34.8938],[-83.80509,34.89392],[-83.80509,34.89405],[-83.80508,34.89418],[-83.80507,34.8943],[-83.80505,34.89443],[-83.80502,34.89468],[-83.80499,34.89493],[-83.80498,34.89505],[-83.80497,34.89518],[-83.80496,34.8953],[-83.80495,34.89543],[-83.80495,34.89555],[-83.80495,34.89568],[-83.80496,34.89581],[-83.80496,34.89593],[-83.80497,34.89606],[-83.80498,34.89619],[-83.805,34.89631],[-83.80503,34.89644],[-83.80506,34.89656],[-83.80509,34.89668],[-83.80514,34.8968],[-83.80518,34.89692],[-83.80524,34.89704],[-83.8053,34.89715],[-83.80536,34.89727],[-83.80542,34.89738],[-83.80556,34.89761],[-83.8057,34.89783],[-83.80584,34.89806],[-83.80598,34.89828],[-83.80605,34.8984],[-83.80611,34.89851],[-83.80617,34.89863],[-83.80624,34.89874],[-83.8063,34.89885],[-83.80636,34.89897],[-83.80642,34.89909],[-83.80649,34.8992],[-83.80654,34.89932],[-83.8066,34.89943],[-83.80665,34.89955],[-83.8067,34.89967],[-83.80674,34.89979],[-83.80677,34.89992],[-83.80681,34.90004],[-83.80684,34.90016],[-83.80686,34.90028],[-83.80689,34.90041],[-83.80692,34.90053],[-83.80695,34.90066],[-83.80698,34.90078],[-83.80701,34.9009],[-83.80705,34.90103],[-83.8071,34.90115],[-83.80714,34.90127],[-83.80719,34.90138],[-83.80724,34.9015],[-83.8073,34.90162],[-83.80735,34.90174],[-83.8074,34.90186],[-83.80746,34.90197],[-83.80752,34.90209],[-83.80757,34.9022],[-83.80763,34.90232],[-83.80769,34.90244],[-83.80775,34.90255],[-83.80781,34.90267],[-83.80787,34.90279],[-83.80793,34.9029],[-83.80799,34.90302],[-83.80804,34.90314],[-83.8081,34.90325],[-83.80821,34.90349],[-83.80831,34.90373],[-83.80842,34.90396],[-83.80848,34.90408],[-83.80854,34.90419],[-83.80861,34.90431],[-83.80868,34.90442],[-83.80875,34.90453],[-83.80883,34.90463],[-83.80891,34.90474],[-83.809,34.90484],[-83.80909,34.90495],[-83.80927,34.90515],[-83.80936,34.90525],[-83.80955,34.90545],[-83.80965,34.90555],[-83.80974,34.90564],[-83.80984,34.90574],[-83.81002,34.90594],[-83.81022,34.90614],[-83.81031,34.90623],[-83.81041,34.90633],[-83.81061,34.90652],[-83.81079,34.90672],[-83.81088,34.90683],[-83.81096,34.90693],[-83.81104,34.90704],[-83.81111,34.90715],[-83.81118,34.90727],[-83.81124,34.90738],[-83.8113,34.90749],[-83.81137,34.90761],[-83.81143,34.90772],[-83.8115,34.90784],[-83.81157,34.90795],[-83.81164,34.90806],[-83.81172,34.90817],[-83.8118,34.90828],[-83.81197,34.9085],[-83.81206,34.90861],[-83.81215,34.90872],[-83.81224,34.90883],[-83.81234,34.90892],[-83.81245,34.90901],[-83.81256,34.90909],[-83.81268,34.90915],[-83.81281,34.90919],[-83.81296,34.90922],[-83.8131,34.90923],[-83.81326,34.90923],[-83.81342,34.90922],[-83.81358,34.90922],[-83.81374,34.9092],[-83.8139,34.9092],[-83.81406,34.90919],[-83.81422,34.90919],[-83.81437,34.90921],[-83.81451,34.90924],[-83.81464,34.90928],[-83.81477,34.90934],[-83.81489,34.90941],[-83.81501,34.90949],[-83.81513,34.90958],[-83.81523,34.90968],[-83.81534,34.90977],[-83.81544,34.90988],[-83.81554,34.90998],[-83.81563,34.91008],[-83.81572,34.91018],[-83.8158,34.91028],[-83.81587,34.9104],[-83.81594,34.91051],[-83.81607,34.91074],[-83.81614,34.91085],[-83.81621,34.91097],[-83.81629,34.91107],[-83.81637,34.91118],[-83.81646,34.91128],[-83.81656,34.91138],[-83.81666,34.91147],[-83.81677,34.91156],[-83.81688,34.91165],[-83.8171,34.91182],[-83.81732,34.91199],[-83.81755,34.91216],[-83.81766,34.91225],[-83.81777,34.91234],[-83.81787,34.91243],[-83.81797,34.91253],[-83.81807,34.91263],[-83.81816,34.91274],[-83.81825,34.91285],[-83.81834,34.91296],[-83.81843,34.91307],[-83.81852,34.91318],[-83.81862,34.91328],[-83.81871,34.91338],[-83.81882,34.91347],[-83.81892,34.91355],[-83.81903,34.91362],[-83.81915,34.91368],[-83.81928,34.91372],[-83.81942,34.91375],[-83.81956,34.91377],[-83.81961,34.91378],[-83.81971,34.91378],[-83.81987,34.91378],[-83.82003,34.91378],[-83.82019,34.91376],[-83.82035,34.91375],[-83.82051,34.91373],[-83.82067,34.91371],[-83.82083,34.91369],[-83.82098,34.91368],[-83.82113,34.91366],[-83.82128,34.91364],[-83.82143,34.91362],[-83.82158,34.9136],[-83.82173,34.91358],[-83.82188,34.91355],[-83.82203,34.91352],[-83.82218,34.91349],[-83.82233,34.91346],[-83.82248,34.91343],[-83.82262,34.91339],[-83.82277,34.91335],[-83.82291,34.91331],[-83.82305,34.91326],[-83.82319,34.91321],[-83.82333,34.91316],[-83.82346,34.9131],[-83.8236,34.91305],[-83.82374,34.91299],[-83.82387,34.91293],[-83.82401,34.91287],[-83.82414,34.9128],[-83.82427,34.91273],[-83.82452,34.91259],[-83.82465,34.91252],[-83.82477,34.91245],[-83.82489,34.91237],[-83.825,34.91229],[-83.82511,34.9122],[-83.82522,34.91211],[-83.82533,34.91201],[-83.82543,34.91192],[-83.82554,34.91182],[-83.82574,34.91163],[-83.82595,34.91144],[-83.82605,34.91134],[-83.82616,34.91126],[-83.82627,34.91117],[-83.82639,34.9111],[-83.8265,34.91102],[-83.82663,34.91096],[-83.82676,34.9109],[-83.8269,34.91086],[-83.82704,34.91084],[-83.82719,34.91082],[-83.82735,34.91081],[-83.82751,34.9108],[-83.82767,34.91079],[-83.82782,34.91078],[-83.82798,34.91078],[-83.82828,34.91074],[-83.82859,34.9107],[-83.82889,34.91067],[-83.82919,34.91064],[-83.8294,34.91062],[-83.82949,34.91061],[-83.82955,34.9106],[-83.82964,34.91059],[-83.82979,34.91058],[-83.82995,34.91056],[-83.83025,34.91052],[-83.83055,34.91048],[-83.83085,34.91044],[-83.83115,34.91039],[-83.83144,34.91034],[-83.83174,34.91028],[-83.83204,34.91022],[-83.83233,34.91016],[-83.83263,34.91009],[-83.83292,34.91003],[-83.83319,34.90996],[-83.83351,34.90988],[-83.83365,34.90984],[-83.8338,34.90981],[-83.83394,34.90977],[-83.83409,34.90973],[-83.83423,34.90969],[-83.83438,34.90965],[-83.83452,34.90961],[-83.83467,34.90957],[-83.83481,34.90953],[-83.83496,34.90949],[-83.8351,34.90945],[-83.83525,34.90941],[-83.83539,34.90937],[-83.83554,34.90934],[-83.83568,34.90931],[-83.83583,34.90927],[-83.83598,34.90924],[-83.83613,34.90921],[-83.83627,34.90918],[-83.83642,34.90915],[-83.83657,34.90913],[-83.83672,34.90911],[-83.83687,34.90909],[-83.83702,34.90908],[-83.83718,34.90906],[-83.83733,34.90906],[-83.83749,34.90905],[-83.83764,34.90904],[-83.83779,34.90905],[-83.83795,34.90905],[-83.8381,34.90906],[-83.83825,34.90907],[-83.8384,34.90909],[-83.83854,34.90911],[-83.83869,34.90914],[-83.83884,34.90917],[-83.83898,34.90921],[-83.83913,34.90926],[-83.83927,34.9093],[-83.83941,34.90935],[-83.83956,34.9094],[-83.8397,34.90944],[-83.83984,34.90949],[-83.83999,34.90953],[-83.84008,34.90957],[-83.8401,34.90641],[-83.83507,34.90629],[-83.83426,34.90627],[-83.83316,34.90623],[-83.83315,34.90566],[-83.83303,34.90149],[-83.83297,34.89959],[-83.83318,34.89959],[-83.8393,34.89955],[-83.83963,34.89954],[-83.83986,34.89954],[-83.84004,34.89954],[-83.84065,34.89953],[-83.8446,34.8995],[-83.84478,34.8995],[-83.84476,34.8994],[-83.84478,34.89937],[-83.84487,34.89936],[-83.84546,34.89934],[-83.84595,34.89932],[-83.84886,34.89919],[-83.85192,34.89905],[-83.85273,34.89902],[-83.85608,34.89887],[-83.85647,34.89885],[-83.85642,34.9018],[-83.85654,34.90217],[-83.85655,34.90228],[-83.85655,34.90237],[-83.85653,34.90273],[-83.85652,34.90335],[-83.8565,34.90353],[-83.85719,34.90369],[-83.8577,34.9038],[-83.85779,34.90382],[-83.858,34.90387],[-83.85798,34.90395],[-83.85795,34.90403],[-83.85793,34.90411],[-83.85792,34.90416],[-83.85791,34.90419],[-83.8579,34.90426],[-83.8579,34.90432],[-83.85789,34.90437],[-83.85788,34.90444],[-83.85787,34.9045],[-83.85786,34.90454],[-83.85786,34.90457],[-83.85786,34.90462],[-83.85786,34.90465],[-83.85785,34.90471],[-83.85785,34.90478],[-83.85785,34.90481],[-83.85785,34.90485],[-83.85784,34.90495],[-83.85784,34.90498],[-83.85785,34.90502],[-83.85787,34.90506],[-83.85789,34.9051],[-83.85792,34.90514],[-83.85795,34.90519],[-83.85797,34.90522],[-83.858,34.90526],[-83.85802,34.90529],[-83.85805,34.90533],[-83.85808,34.90536],[-83.8581,34.90538],[-83.85814,34.90542],[-83.85817,34.90544],[-83.8582,34.90546],[-83.85824,34.90548],[-83.85827,34.90549],[-83.85831,34.90551],[-83.85835,34.90552],[-83.85838,34.90553],[-83.85846,34.90555],[-83.85854,34.90557],[-83.85858,34.90559],[-83.85861,34.9056],[-83.85864,34.90561],[-83.85868,34.90563],[-83.85872,34.90567],[-83.85877,34.90572],[-83.85883,34.90576],[-83.85886,34.90578],[-83.8589,34.9058],[-83.85897,34.90582],[-83.85905,34.90584],[-83.85908,34.90586],[-83.85913,34.90589],[-83.85916,34.90591],[-83.85921,34.90596],[-83.85926,34.90601],[-83.85931,34.90605],[-83.85933,34.90607],[-83.85936,34.90609],[-83.85943,34.90613],[-83.8595,34.90616],[-83.85956,34.9062],[-83.85963,34.90623],[-83.85967,34.90624],[-83.85971,34.90626],[-83.85975,34.90627],[-83.85978,34.90628],[-83.85982,34.9063],[-83.85987,34.90632],[-83.85991,34.90635],[-83.85994,34.90638],[-83.85996,34.9064],[-83.86,34.90644],[-83.86002,34.90647],[-83.86006,34.90653],[-83.86011,34.90658],[-83.86016,34.90665],[-83.8602,34.90667],[-83.86023,34.9067],[-83.8603,34.90676],[-83.86037,34.90681],[-83.86041,34.90683],[-83.86045,34.90685],[-83.86049,34.90687],[-83.86053,34.90689],[-83.86056,34.90692],[-83.8606,34.90694],[-83.86063,34.90697],[-83.86067,34.90699],[-83.8607,34.90702],[-83.86074,34.90705],[-83.86077,34.90707],[-83.86081,34.9071],[-83.86084,34.90713],[-83.86087,34.90716],[-83.86089,34.9072],[-83.86091,34.90723],[-83.86093,34.90726],[-83.86095,34.9073],[-83.86097,34.90734],[-83.861,34.90737],[-83.86102,34.9074],[-83.86105,34.90743],[-83.86109,34.90746],[-83.86112,34.90749],[-83.86116,34.90751],[-83.8612,34.90753],[-83.86124,34.90755],[-83.86128,34.90756],[-83.86133,34.90757],[-83.86138,34.90758],[-83.86143,34.90758],[-83.86147,34.90759],[-83.86152,34.9076],[-83.8616,34.90764],[-83.86175,34.90784],[-83.86209,34.90805],[-83.86258,34.90829],[-83.863,34.90854],[-83.86332,34.90877],[-83.86353,34.90892],[-83.86378,34.90898],[-83.86382,34.909],[-83.86403,34.90915],[-83.86411,34.9092],[-83.86439,34.90942],[-83.86461,34.90955],[-83.8649,34.90971],[-83.86524,34.90985],[-83.86535,34.90999],[-83.8654,34.91015],[-83.86549,34.91029],[-83.86563,34.91045],[-83.86569,34.91052],[-83.8658,34.91067],[-83.86587,34.91079],[-83.86591,34.91093],[-83.86533,34.91136],[-83.86538,34.9115],[-83.86541,34.91164],[-83.86545,34.91167],[-83.86548,34.91171],[-83.8655,34.91174],[-83.86553,34.91178],[-83.86556,34.91181],[-83.86561,34.91188],[-83.86566,34.91194],[-83.8657,34.91201],[-83.86575,34.91207],[-83.86581,34.91214],[-83.86586,34.9122],[-83.86589,34.91223],[-83.86615,34.91248],[-83.86623,34.91259],[-83.86635,34.91267],[-83.86641,34.91279],[-83.86642,34.91289],[-83.86641,34.91296],[-83.86637,34.91313],[-83.86628,34.91328],[-83.86623,34.91334],[-83.86617,34.9134],[-83.86612,34.91347],[-83.86607,34.91353],[-83.86603,34.9136],[-83.86598,34.91367],[-83.86594,34.91374],[-83.8659,34.91381],[-83.86587,34.91388],[-83.86584,34.91396],[-83.8658,34.91407],[-83.86579,34.91415],[-83.86578,34.91423],[-83.86578,34.9143],[-83.86578,34.91438],[-83.86578,34.91446],[-83.86579,34.91454],[-83.8658,34.91462],[-83.86581,34.91469],[-83.86585,34.9147],[-83.86662,34.9149],[-83.8669,34.91497],[-83.86729,34.91507],[-83.87028,34.91583],[-83.87298,34.91651],[-83.87312,34.91656],[-83.87503,34.91703],[-83.88007,34.91829],[-83.88077,34.91849],[-83.88767,34.92018],[-83.90073,34.92344],[-83.90509,34.92453],[-83.90881,34.92545],[-83.91107,34.92602],[-83.91187,34.92621],[-83.91428,34.92681],[-83.91479,34.92693],[-83.9148,34.92695],[-83.91492,34.92697],[-83.91503,34.92709],[-83.91521,34.92728],[-83.91527,34.92734],[-83.91533,34.92741],[-83.91539,34.92747],[-83.91546,34.92753],[-83.91552,34.92759],[-83.91558,34.92765],[-83.91565,34.92771],[-83.91572,34.92776],[-83.91579,34.92781],[-83.91586,34.92787],[-83.91594,34.92791],[-83.91602,34.92796],[-83.9161,34.92801],[-83.91618,34.92805],[-83.91634,34.92814],[-83.91643,34.92818],[-83.91651,34.92822],[-83.91659,34.92827],[-83.91668,34.92831],[-83.91676,34.92835],[-83.91685,34.92838],[-83.91693,34.92842],[-83.91702,34.92845],[-83.91711,34.92849],[-83.9172,34.92852],[-83.91729,34.92856],[-83.91737,34.9286],[-83.91745,34.92864],[-83.91753,34.92868],[-83.91762,34.92872],[-83.91769,34.92877],[-83.91779,34.92883],[-83.91786,34.92886],[-83.91793,34.92892],[-83.91801,34.92897],[-83.91808,34.92902],[-83.91822,34.92914],[-83.91827,34.9292],[-83.91833,34.92926],[-83.91838,34.92933],[-83.91843,34.9294],[-83.91848,34.92948],[-83.91852,34.92956],[-83.91855,34.92963],[-83.91858,34.92971],[-83.9186,34.92979],[-83.91861,34.92986],[-83.91861,34.92993],[-83.91858,34.93001],[-83.91853,34.93008],[-83.91847,34.93015],[-83.9184,34.93022],[-83.91833,34.93028],[-83.91827,34.93034],[-83.9182,34.93039],[-83.91813,34.93046],[-83.91806,34.9305],[-83.91798,34.93055],[-83.91791,34.9306],[-83.91783,34.93066],[-83.91776,34.93071],[-83.91769,34.93077],[-83.91763,34.93082],[-83.91755,34.93088],[-83.91749,34.93094],[-83.91742,34.931],[-83.91735,34.93105],[-83.91728,34.93111],[-83.91721,34.93117],[-83.91715,34.93123],[-83.91709,34.93129],[-83.91703,34.93135],[-83.91697,34.93142],[-83.91692,34.93149],[-83.91688,34.93155],[-83.91684,34.93161],[-83.91679,34.9317],[-83.91675,34.93177],[-83.91671,34.93185],[-83.91668,34.93193],[-83.91665,34.932],[-83.91662,34.93208],[-83.91659,34.93215],[-83.91656,34.93223],[-83.91653,34.93233],[-83.91652,34.93239],[-83.91651,34.93247],[-83.9165,34.93256],[-83.9165,34.93263],[-83.9165,34.93271],[-83.91651,34.93279],[-83.91651,34.93287],[-83.91651,34.93295],[-83.91652,34.93303],[-83.91653,34.93311],[-83.91654,34.93319],[-83.91655,34.93327],[-83.91656,34.93335],[-83.91658,34.93343],[-83.91659,34.93351],[-83.91659,34.93359],[-83.91659,34.93367],[-83.9166,34.93375],[-83.9166,34.93383],[-83.91661,34.93391],[-83.91661,34.93399],[-83.9166,34.93407],[-83.9166,34.93415],[-83.91659,34.93423],[-83.91657,34.93431],[-83.91655,34.93438],[-83.9165,34.93454],[-83.91645,34.93469],[-83.91638,34.93484],[-83.91632,34.93499],[-83.91629,34.93507],[-83.91625,34.93514],[-83.91622,34.93522],[-83.91619,34.93529],[-83.91615,34.93537],[-83.91612,34.93545],[-83.91609,34.93552],[-83.91606,34.9356],[-83.91603,34.93567],[-83.916,34.93575],[-83.91594,34.93591],[-83.91592,34.93597],[-83.91589,34.93606],[-83.91586,34.93614],[-83.91583,34.93622],[-83.91581,34.9363],[-83.9158,34.93638],[-83.91579,34.93645],[-83.9158,34.93653],[-83.91581,34.93661],[-83.91582,34.93669],[-83.91588,34.9368],[-83.91594,34.93692],[-83.91601,34.93703],[-83.91608,34.93715],[-83.91615,34.93726],[-83.9162,34.93738],[-83.91626,34.9375],[-83.91631,34.93762],[-83.91635,34.93774],[-83.91645,34.93798],[-83.91654,34.93822],[-83.91659,34.93834],[-83.91665,34.93846],[-83.91671,34.93857],[-83.91678,34.93868],[-83.91686,34.93879],[-83.91694,34.93889],[-83.91703,34.939],[-83.91713,34.9391],[-83.91722,34.9392],[-83.91732,34.93929],[-83.91742,34.9394],[-83.9175,34.9395],[-83.91757,34.93958],[-83.9176,34.9396],[-83.91769,34.93965],[-83.91778,34.93971],[-83.91787,34.93976],[-83.91797,34.93982],[-83.91807,34.93987],[-83.91818,34.93993],[-83.91825,34.93997],[-83.91833,34.94003],[-83.9184,34.94008],[-83.91846,34.94013],[-83.91851,34.94019],[-83.91854,34.94024],[-83.91856,34.94029],[-83.91855,34.94035],[-83.91854,34.94041],[-83.9185,34.94047],[-83.91846,34.94052],[-83.91841,34.94058],[-83.91835,34.94064],[-83.91828,34.94069],[-83.9182,34.94075],[-83.91812,34.94081],[-83.91804,34.94087],[-83.91795,34.94092],[-83.91787,34.94098],[-83.91778,34.94104],[-83.91769,34.9411],[-83.91761,34.94116],[-83.91753,34.94122],[-83.91746,34.94128],[-83.91739,34.94134],[-83.91733,34.94141],[-83.91728,34.94147],[-83.91724,34.94154],[-83.91724,34.94162],[-83.91725,34.9417],[-83.91729,34.94179],[-83.91731,34.94183],[-83.91734,34.94187],[-83.91735,34.94189],[-83.91737,34.94194],[-83.91742,34.94201],[-83.91747,34.94208],[-83.91752,34.94214],[-83.91758,34.94221],[-83.91763,34.94227],[-83.91769,34.94234],[-83.91775,34.9424],[-83.91777,34.94242],[-83.91781,34.94247],[-83.91787,34.94253],[-83.91793,34.94259],[-83.91799,34.94265],[-83.91805,34.94272],[-83.91811,34.94278],[-83.91817,34.94284],[-83.91824,34.94291],[-83.91829,34.94297],[-83.91835,34.94303],[-83.91841,34.9431],[-83.91846,34.94317],[-83.91852,34.94323],[-83.91857,34.9433],[-83.91862,34.94337],[-83.91867,34.94344],[-83.91873,34.9435],[-83.91878,34.94357],[-83.91883,34.94364],[-83.91888,34.94371],[-83.91893,34.94378],[-83.91898,34.94385],[-83.91905,34.94392],[-83.91914,34.94401],[-83.91924,34.9441],[-83.91935,34.9442],[-83.91946,34.94428],[-83.91957,34.94437],[-83.91968,34.94445],[-83.91976,34.94452],[-83.9198,34.94454],[-83.92037,34.94482],[-83.92045,34.94485],[-83.92054,34.94487],[-83.92063,34.9449],[-83.92072,34.94493],[-83.92081,34.94497],[-83.9209,34.945],[-83.92098,34.94504],[-83.92106,34.94508],[-83.92114,34.94512],[-83.92131,34.94521],[-83.9214,34.94526],[-83.92148,34.9453],[-83.92156,34.94534],[-83.92164,34.94539],[-83.92172,34.94543],[-83.9218,34.94548],[-83.92188,34.94553],[-83.92196,34.94558],[-83.92203,34.94563],[-83.92211,34.94568],[-83.92218,34.94573],[-83.92224,34.94579],[-83.92231,34.94584],[-83.92236,34.94591],[-83.92239,34.94598],[-83.92242,34.94606],[-83.92245,34.94615],[-83.92247,34.94623],[-83.9225,34.94631],[-83.92255,34.94638],[-83.9226,34.94644],[-83.92267,34.94649],[-83.92274,34.94654],[-83.92283,34.94658],[-83.92292,34.94662],[-83.923,34.94665],[-83.92309,34.94669],[-83.92317,34.94672],[-83.92318,34.94673],[-83.92326,34.94678],[-83.92334,34.94682],[-83.92341,34.94688],[-83.92347,34.94694],[-83.92353,34.947],[-83.92358,34.94707],[-83.92363,34.94714],[-83.92368,34.94721],[-83.92372,34.94728],[-83.92377,34.94736],[-83.92381,34.94743],[-83.92385,34.9475],[-83.9239,34.94757],[-83.92394,34.94764],[-83.92398,34.94772],[-83.92402,34.94779],[-83.92406,34.94786],[-83.92409,34.94794],[-83.92412,34.94801],[-83.92415,34.94809],[-83.92418,34.94817],[-83.9242,34.94825],[-83.92422,34.94832],[-83.92424,34.9484],[-83.92426,34.94848],[-83.92428,34.94856],[-83.9243,34.94864],[-83.92431,34.94871],[-83.92433,34.94879],[-83.92435,34.94887],[-83.92437,34.94895],[-83.92439,34.94903],[-83.92441,34.94911],[-83.92443,34.94918],[-83.92444,34.94922],[-83.92446,34.94926],[-83.92449,34.94934],[-83.92451,34.94942],[-83.92454,34.94949],[-83.92457,34.94957],[-83.9246,34.94965],[-83.92463,34.94972],[-83.92466,34.9498],[-83.92469,34.94987],[-83.92472,34.94995],[-83.92475,34.95003],[-83.92477,34.95011],[-83.9248,34.95018],[-83.92482,34.95026],[-83.92484,34.95034],[-83.92486,34.95042],[-83.92487,34.95049],[-83.92487,34.95057],[-83.92487,34.95065],[-83.92487,34.95074],[-83.92487,34.95081],[-83.92486,34.9509],[-83.92486,34.95098],[-83.92486,34.95106],[-83.92487,34.95114],[-83.92488,34.95124],[-83.92489,34.95129],[-83.92491,34.95137],[-83.92493,34.95145],[-83.92495,34.95153],[-83.92498,34.95161],[-83.925,34.95168],[-83.92503,34.95176],[-83.92505,34.95184],[-83.92508,34.95191],[-83.92511,34.95199],[-83.92513,34.95207],[-83.92515,34.95215],[-83.92517,34.95223],[-83.92519,34.95231],[-83.92521,34.95238],[-83.92522,34.95246],[-83.92523,34.95254],[-83.92524,34.95262],[-83.92525,34.9527],[-83.92525,34.95278],[-83.92526,34.95286],[-83.92527,34.95294],[-83.92529,34.95302],[-83.9253,34.9531],[-83.92533,34.95318],[-83.92535,34.95325],[-83.92538,34.95333],[-83.92541,34.95341],[-83.92545,34.95348],[-83.92548,34.95355],[-83.92552,34.95363],[-83.92556,34.9537],[-83.9256,34.95378],[-83.92564,34.95385],[-83.92568,34.95392],[-83.92572,34.954],[-83.92575,34.95407],[-83.92579,34.95415],[-83.92583,34.95422],[-83.92591,34.95437],[-83.92594,34.95444],[-83.92599,34.95451],[-83.92603,34.95458],[-83.92607,34.95465],[-83.92621,34.95486],[-83.92626,34.95493],[-83.92631,34.95501],[-83.92636,34.95507],[-83.92641,34.95514],[-83.92646,34.95521],[-83.92651,34.95528],[-83.92656,34.95535],[-83.92662,34.95542],[-83.92668,34.95548],[-83.92673,34.95554],[-83.92679,34.9556],[-83.92686,34.95566],[-83.92693,34.95571],[-83.92701,34.95576],[-83.9271,34.9558],[-83.92718,34.95583],[-83.92727,34.95588],[-83.92735,34.95592],[-83.92743,34.95596],[-83.92751,34.95601],[-83.92759,34.95606],[-83.92766,34.95611],[-83.92774,34.95616],[-83.92781,34.95621],[-83.92789,34.95626],[-83.92796,34.95631],[-83.92802,34.95635],[-83.92811,34.95638],[-83.92825,34.95643],[-83.92839,34.95648],[-83.92854,34.95652],[-83.92868,34.95657],[-83.92883,34.95661],[-83.92897,34.95666],[-83.92911,34.95671],[-83.92924,34.95677],[-83.92936,34.95684],[-83.92948,34.95692],[-83.9296,34.95699],[-83.92972,34.95707],[-83.92984,34.95715],[-83.92995,34.95724],[-83.93007,34.95732],[-83.9302,34.95742],[-83.93031,34.95743],[-83.93038,34.95743],[-83.93047,34.95745],[-83.93056,34.95748],[-83.93064,34.95752],[-83.93072,34.95757],[-83.93081,34.95761],[-83.93089,34.95766],[-83.93097,34.9577],[-83.93111,34.95776],[-83.9312,34.95779],[-83.93129,34.95783],[-83.93138,34.95787],[-83.93146,34.9579],[-83.93154,34.95795],[-83.93162,34.95799],[-83.9317,34.95804],[-83.93178,34.95808],[-83.93186,34.95814],[-83.93193,34.95818],[-83.93201,34.95823],[-83.93208,34.95829],[-83.93215,34.95834],[-83.93222,34.9584],[-83.93229,34.95846],[-83.93235,34.95852],[-83.93241,34.95858],[-83.93258,34.95878],[-83.93269,34.9589],[-83.93275,34.95898],[-83.93281,34.95904],[-83.93288,34.95909],[-83.93295,34.95914],[-83.93303,34.95918],[-83.93312,34.95922],[-83.93321,34.95926],[-83.9333,34.95929],[-83.93339,34.95932],[-83.93347,34.95936],[-83.93356,34.9594],[-83.93364,34.95944],[-83.93372,34.95949],[-83.9338,34.95954],[-83.93387,34.95959],[-83.93393,34.95966],[-83.93397,34.95973],[-83.93399,34.9598],[-83.93402,34.95988],[-83.93404,34.95997],[-83.93402,34.96006],[-83.93405,34.96011],[-83.9341,34.96021],[-83.93411,34.96024],[-83.93414,34.96027],[-83.93418,34.96034],[-83.93421,34.96037],[-83.93424,34.96041],[-83.93429,34.96045],[-83.93434,34.9605],[-83.93441,34.96055],[-83.93449,34.9606],[-83.93458,34.96064],[-83.93468,34.96069],[-83.93474,34.96074],[-83.9348,34.9608],[-83.93487,34.96086],[-83.93495,34.96093],[-83.93503,34.96096],[-83.9351,34.96102],[-83.93516,34.96108],[-83.93522,34.96114],[-83.93525,34.96118],[-83.93527,34.9612],[-83.9353,34.96128],[-83.93532,34.96136],[-83.93533,34.96144],[-83.93534,34.96152],[-83.93534,34.9616],[-83.93533,34.96168],[-83.9353,34.96176],[-83.93526,34.96184],[-83.93522,34.96191],[-83.9352,34.96195],[-83.93537,34.96207],[-83.93581,34.96227],[-83.9358,34.96236],[-83.93578,34.9625],[-83.93574,34.96275],[-83.9356,34.96307],[-83.93528,34.96358],[-83.93518,34.96365],[-83.93514,34.96369],[-83.93518,34.96377],[-83.93521,34.96385],[-83.93523,34.96393],[-83.93525,34.96401],[-83.93526,34.96409],[-83.93527,34.96416],[-83.93527,34.96425],[-83.93527,34.96433],[-83.93528,34.96441],[-83.9353,34.96449],[-83.93531,34.96457],[-83.93532,34.96465],[-83.93533,34.96473],[-83.93535,34.96481],[-83.93538,34.96488],[-83.93543,34.96495],[-83.93548,34.96502],[-83.93553,34.96509],[-83.93559,34.96515],[-83.93565,34.96521],[-83.93572,34.96527],[-83.93578,34.96533],[-83.93585,34.96539],[-83.93592,34.96545],[-83.93599,34.9655],[-83.93603,34.96554],[-83.93615,34.96561],[-83.93623,34.96563],[-83.93633,34.96566],[-83.93641,34.96569],[-83.9365,34.96572],[-83.93668,34.9658],[-83.93676,34.96584],[-83.93685,34.96587],[-83.93693,34.96591],[-83.93702,34.96595],[-83.9371,34.96599],[-83.93718,34.96603],[-83.93721,34.96604],[-83.93727,34.96607],[-83.9374,34.9661],[-83.93774,34.9662],[-83.93813,34.96636],[-83.93825,34.9664],[-83.93841,34.9665],[-83.93869,34.96656],[-83.93878,34.96658],[-83.93888,34.96661],[-83.93897,34.96664],[-83.93905,34.96668],[-83.93927,34.96688],[-83.93946,34.96703],[-83.93973,34.96712],[-83.93989,34.96724],[-83.94022,34.96736],[-83.94056,34.96749],[-83.94085,34.96762],[-83.94119,34.96778],[-83.94145,34.96792],[-83.94177,34.96805],[-83.94189,34.96811],[-83.94194,34.96814],[-83.94207,34.9682],[-83.94209,34.96821],[-83.94219,34.96823],[-83.94228,34.96825],[-83.94238,34.96827],[-83.94247,34.96829],[-83.94257,34.96832],[-83.94265,34.96835],[-83.94274,34.96839],[-83.94282,34.96843],[-83.9429,34.96848],[-83.94298,34.96852],[-83.94306,34.96857],[-83.94314,34.96862],[-83.94322,34.96867],[-83.94329,34.96872],[-83.94336,34.96877],[-83.9434,34.9688],[-83.94343,34.96883],[-83.9435,34.96888],[-83.94357,34.96894],[-83.9436,34.96897],[-83.9437,34.96906],[-83.94376,34.96912],[-83.94383,34.96918],[-83.94386,34.96921],[-83.94425,34.96944],[-83.94457,34.96971],[-83.94464,34.96975],[-83.94472,34.9698],[-83.94479,34.96985],[-83.94487,34.9699],[-83.94494,34.96995],[-83.94498,34.96998],[-83.94502,34.97],[-83.94509,34.97005],[-83.94517,34.9701],[-83.94524,34.97016],[-83.94532,34.97021],[-83.9454,34.97026],[-83.94547,34.9703],[-83.94552,34.9703],[-83.94556,34.97031],[-83.9456,34.97032],[-83.94586,34.97047],[-83.94593,34.97051],[-83.94599,34.97055],[-83.94606,34.97061],[-83.94613,34.9707],[-83.94618,34.9708],[-83.94618,34.97092],[-83.94611,34.97104],[-83.94599,34.97117],[-83.94596,34.97124],[-83.94592,34.97132],[-83.9459,34.97134],[-83.94586,34.97135],[-83.94551,34.97152],[-83.94546,34.97162],[-83.94547,34.97172],[-83.94547,34.97183],[-83.94546,34.97195],[-83.94538,34.97211],[-83.94537,34.97225],[-83.94541,34.97233],[-83.94551,34.97238],[-83.94562,34.97245],[-83.94572,34.97254],[-83.9458,34.97263],[-83.94588,34.97266],[-83.94599,34.97274],[-83.94606,34.97275],[-83.94613,34.97278],[-83.94616,34.97281],[-83.94617,34.97285],[-83.94618,34.97287],[-83.94617,34.97289],[-83.94615,34.97291],[-83.94607,34.97293],[-83.94599,34.97296],[-83.94591,34.973],[-83.94582,34.97304],[-83.9457,34.97305],[-83.94565,34.97312],[-83.94563,34.97313],[-83.94562,34.97313],[-83.94537,34.97317],[-83.94492,34.97339],[-83.94463,34.97366],[-83.94455,34.97388],[-83.94447,34.97408],[-83.94438,34.9742],[-83.9442,34.97423],[-83.94394,34.97427],[-83.9437,34.97438],[-83.94362,34.9744],[-83.94348,34.97442],[-83.94343,34.97441],[-83.94334,34.97439],[-83.94328,34.9744],[-83.94318,34.97443],[-83.9428,34.97459],[-83.94212,34.97516],[-83.9418,34.97545],[-83.94159,34.97565],[-83.94153,34.97585],[-83.94118,34.97611],[-83.94113,34.97615],[-83.94102,34.97632],[-83.94093,34.97664],[-83.94074,34.97685],[-83.94072,34.97686],[-83.94067,34.97687],[-83.94065,34.97693],[-83.94062,34.97695],[-83.94046,34.9771],[-83.94029,34.97724],[-83.94025,34.97728],[-83.94021,34.97735],[-83.94024,34.97753],[-83.94026,34.97768],[-83.94027,34.97771],[-83.9403,34.97775],[-83.94034,34.97782],[-83.9404,34.97791],[-83.94041,34.97796],[-83.94043,34.97809],[-83.94034,34.97823],[-83.94031,34.97833],[-83.94022,34.97862],[-83.9401,34.97875],[-83.93968,34.97896],[-83.93913,34.9796],[-83.93838,34.97999],[-83.93805,34.98051],[-83.93788,34.98104],[-83.9371,34.98183],[-83.93663,34.98226],[-83.93663,34.98236],[-83.93654,34.98295],[-83.93653,34.98349],[-83.93649,34.98386],[-83.93642,34.98425],[-83.93642,34.98454],[-83.9365,34.98479],[-83.9366,34.98505],[-83.93667,34.98543],[-83.93672,34.98577],[-83.93666,34.98608],[-83.93665,34.9863],[-83.93668,34.98656],[-83.93668,34.98674],[-83.93665,34.98704],[-83.9366,34.98725],[-83.93646,34.9874],[-83.93639,34.98756],[-83.93643,34.98756],[-83.93653,34.98755],[-83.93686,34.98754],[-83.93753,34.98754],[-83.93784,34.98753],[-83.93887,34.98752],[-83.94021,34.98751],[-83.94189,34.98749],[-83.94323,34.98748],[-83.94488,34.98746],[-83.94625,34.98745],[-83.94692,34.98744],[-83.94725,34.98743],[-83.94792,34.98743],[-83.94859,34.98742],[-83.94992,34.98741],[-83.95061,34.9874],[-83.95128,34.98739],[-83.95195,34.98739],[-83.95224,34.98738],[-83.95228,34.98738],[-83.95262,34.98738],[-83.95295,34.98737],[-83.95362,34.98737],[-83.95429,34.98736],[-83.95494,34.98735],[-83.9553,34.98735],[-83.95537,34.98735],[-83.95597,34.98734],[-83.95631,34.98734],[-83.95697,34.98733],[-83.95798,34.98732],[-83.95899,34.98731],[-83.96,34.98731],[-83.96068,34.98732],[-83.96135,34.98732],[-83.96169,34.98732],[-83.96194,34.98732],[-83.96203,34.98733],[-83.96237,34.98733],[-83.96245,34.98733],[-83.9627,34.98733],[-83.96307,34.98733],[-83.96327,34.98734],[-83.96395,34.98734],[-83.96415,34.98734],[-83.96487,34.98734],[-83.96524,34.98735],[-83.96631,34.98735],[-83.97266,34.98735],[-83.97301,34.98737],[-83.97406,34.98734],[-83.97441,34.98733],[-83.97454,34.98733],[-83.97544,34.98733],[-83.9762,34.98733],[-83.97644,34.98733],[-83.97942,34.98728],[-83.97957,34.98728],[-83.98577,34.98722],[-83.98673,34.98723],[-83.98681,34.98723],[-83.98694,34.98723],[-83.98703,34.98723],[-83.98714,34.98723],[-83.98785,34.98724],[-83.98819,34.98724],[-84.00034,34.98725],[-84.00177,34.98724],[-84.00265,34.98721],[-84.00513,34.98717],[-84.00526,34.98717],[-84.00547,34.98717],[-84.00581,34.98717],[-84.00614,34.98717],[-84.00648,34.98716],[-84.00682,34.98716],[-84.00716,34.98716],[-84.00749,34.98715],[-84.00783,34.98715],[-84.00817,34.98715],[-84.00851,34.98714],[-84.00884,34.98714],[-84.00952,34.98713],[-84.00986,34.98713],[-84.01019,34.98713],[-84.01087,34.98712],[-84.01121,34.98712],[-84.01198,34.98711],[-84.01223,34.98711],[-84.0123,34.98711],[-84.01256,34.9871],[-84.01289,34.9871],[-84.01323,34.9871],[-84.01357,34.9871],[-84.01391,34.98709],[-84.01424,34.98709],[-84.01438,34.98709],[-84.01458,34.98708],[-84.01492,34.98708],[-84.01554,34.98708],[-84.01575,34.98708],[-84.01594,34.98708],[-84.01611,34.98707],[-84.01628,34.98707],[-84.01663,34.98707],[-84.01708,34.98707],[-84.01732,34.98707],[-84.01767,34.98707],[-84.01836,34.98707],[-84.01905,34.98707],[-84.01974,34.98707],[-84.02044,34.98706],[-84.02119,34.98706],[-84.02121,34.98706],[-84.02182,34.98706],[-84.02251,34.98706],[-84.02311,34.98706],[-84.0232,34.98706],[-84.02355,34.98706],[-84.0239,34.98706],[-84.02416,34.98706],[-84.02418,34.98706],[-84.02424,34.98706],[-84.02459,34.98706],[-84.02492,34.98705],[-84.02526,34.98705],[-84.02594,34.98705],[-84.02627,34.98705],[-84.02694,34.98705],[-84.02762,34.98704],[-84.02795,34.98704],[-84.02829,34.98704],[-84.02896,34.98704],[-84.02964,34.98704],[-84.02997,34.98704],[-84.03031,34.98703],[-84.03098,34.98703],[-84.03165,34.98703],[-84.03208,34.98703],[-84.03233,34.98703],[-84.03246,34.98703],[-84.03266,34.98703],[-84.033,34.98703],[-84.03334,34.98704],[-84.03401,34.98704],[-84.03472,34.98705],[-84.03536,34.98706],[-84.03569,34.98706],[-84.03637,34.98707],[-84.03704,34.98707],[-84.03771,34.98708],[-84.03839,34.98708],[-84.03906,34.98709],[-84.03973,34.9871],[-84.04074,34.98711],[-84.04141,34.98711],[-84.04176,34.98712],[-84.0421,34.98712],[-84.04313,34.98712],[-84.04415,34.98713],[-84.04484,34.98714],[-84.04586,34.98714],[-84.04689,34.98715],[-84.04787,34.98716],[-84.04792,34.98716],[-84.04826,34.98716],[-84.04894,34.98716],[-84.04929,34.98717],[-84.04963,34.98717],[-84.04997,34.98717],[-84.05065,34.98717],[-84.05134,34.98718],[-84.05236,34.98719],[-84.05339,34.98719],[-84.05441,34.9872],[-84.05543,34.98721],[-84.05633,34.98721],[-84.05646,34.98721],[-84.0568,34.98721],[-84.05748,34.98722],[-84.05817,34.98722],[-84.0592,34.98723],[-84.06035,34.98724],[-84.0616,34.98725],[-84.06195,34.98725],[-84.06243,34.98726],[-84.06263,34.98726],[-84.06298,34.98726],[-84.06366,34.98726],[-84.06435,34.98727],[-84.06504,34.98727],[-84.06573,34.98728],[-84.06607,34.98728],[-84.06628,34.98729],[-84.06675,34.98729],[-84.06743,34.98729],[-84.06812,34.9873],[-84.0688,34.9873],[-84.06948,34.98731],[-84.07016,34.98731],[-84.07084,34.98732],[-84.07152,34.98733],[-84.07221,34.98733],[-84.07289,34.98734],[-84.07364,34.98734],[-84.07391,34.98734],[-84.07425,34.98734],[-84.07432,34.98734],[-84.0746,34.98735],[-84.07562,34.98735],[-84.0763,34.98735],[-84.07699,34.98735],[-84.07733,34.98735],[-84.07801,34.98736],[-84.0787,34.98736],[-84.07904,34.98736],[-84.07938,34.98736],[-84.07991,34.98736],[-84.08007,34.98736],[-84.08052,34.98737],[-84.0808,34.98737],[-84.08102,34.98737],[-84.08109,34.98737],[-84.08143,34.98737],[-84.08171,34.98737],[-84.08177,34.98737],[-84.08212,34.98737],[-84.08247,34.98737],[-84.0828,34.98737],[-84.08314,34.98737],[-84.08323,34.98738],[-84.08385,34.98738],[-84.08417,34.98738],[-84.08451,34.98738],[-84.08485,34.98738],[-84.08515,34.98738],[-84.08517,34.98738],[-84.08522,34.98738],[-84.0854,34.98739],[-84.08546,34.98739],[-84.08568,34.98739],[-84.08597,34.9874],[-84.08637,34.9874],[-84.0866,34.9874],[-84.08751,34.9874],[-84.09024,34.98741],[-84.09115,34.98741],[-84.09227,34.98741],[-84.0956,34.98742],[-84.09575,34.98742],[-84.09598,34.98742],[-84.09632,34.98742],[-84.09666,34.98742],[-84.09672,34.98742],[-84.097,34.98743],[-84.09706,34.98743],[-84.09734,34.98743],[-84.09769,34.98743],[-84.09803,34.98743],[-84.09837,34.98743],[-84.09871,34.98743],[-84.09905,34.98743],[-84.09939,34.98743],[-84.09973,34.98744],[-84.10007,34.98744],[-84.10041,34.98744],[-84.10075,34.98744],[-84.10109,34.98744],[-84.10178,34.98745],[-84.10212,34.98745],[-84.10247,34.98745],[-84.10251,34.98745],[-84.10281,34.98745],[-84.10315,34.98745],[-84.1035,34.98745],[-84.10384,34.98745],[-84.10419,34.98745],[-84.10453,34.98746],[-84.10487,34.98746],[-84.10504,34.98746],[-84.10522,34.98746],[-84.10539,34.98746],[-84.10556,34.98746],[-84.10591,34.98746],[-84.10625,34.98746],[-84.10633,34.98746],[-84.10707,34.98747],[-84.10728,34.98747],[-84.10763,34.98747],[-84.10797,34.98747],[-84.10832,34.98747],[-84.10866,34.98747],[-84.10884,34.98747],[-84.109,34.98747],[-84.10969,34.98748],[-84.11038,34.98748],[-84.11106,34.98748],[-84.11155,34.98748],[-84.11308,34.98749],[-84.11375,34.98749],[-84.11442,34.9875],[-84.11509,34.9875],[-84.11552,34.9875],[-84.11577,34.9875],[-84.1161,34.9875],[-84.11677,34.98751],[-84.11744,34.98751],[-84.11812,34.98751],[-84.11879,34.98751],[-84.11946,34.98752],[-84.12014,34.98752],[-84.12082,34.98753],[-84.1215,34.98753],[-84.12218,34.98754],[-84.12285,34.98754],[-84.12353,34.98755],[-84.12421,34.98756],[-84.12489,34.98756],[-84.12523,34.98756],[-84.12558,34.98755],[-84.12592,34.98754],[-84.12626,34.98754],[-84.1266,34.98753],[-84.12694,34.98753],[-84.12763,34.98752],[-84.12788,34.98751],[-84.12797,34.98751],[-84.12804,34.98751],[-84.12831,34.98751],[-84.12865,34.98751],[-84.12899,34.98751],[-84.12933,34.98751],[-84.12945,34.98751],[-84.12947,34.98745],[-84.12949,34.98741],[-84.12962,34.98731],[-84.1302,34.98709],[-84.13066,34.98689],[-84.13101,34.98676],[-84.1312,34.98669],[-84.13137,34.98661],[-84.1315,34.9865],[-84.13163,34.98631],[-84.13176,34.986],[-84.13182,34.98574],[-84.13188,34.98533],[-84.13197,34.98504],[-84.1322,34.98462],[-84.13237,34.9844],[-84.13368,34.98319],[-84.13384,34.98309],[-84.13413,34.98299],[-84.13434,34.98297],[-84.13512,34.98289],[-84.13531,34.98283],[-84.13576,34.98263],[-84.136,34.98243],[-84.13619,34.98226],[-84.13707,34.98125],[-84.13763,34.98085],[-84.13769,34.98083],[-84.13778,34.98079],[-84.13792,34.98077],[-84.13865,34.98078],[-84.13894,34.98074],[-84.13912,34.98065],[-84.13943,34.98038],[-84.14003,34.98001],[-84.1403,34.97992],[-84.14058,34.97988],[-84.14122,34.97973],[-84.14138,34.9797],[-84.14153,34.97964],[-84.14165,34.97956],[-84.14176,34.97945],[-84.14182,34.97932],[-84.14185,34.97918],[-84.14187,34.9789],[-84.14184,34.97863],[-84.14191,34.97847],[-84.14201,34.97834],[-84.14217,34.97821],[-84.14276,34.97763],[-84.14297,34.97733],[-84.14298,34.9773],[-84.14321,34.97683],[-84.14333,34.97668],[-84.14343,34.9766],[-84.14361,34.97654],[-84.14377,34.97654],[-84.14459,34.9767],[-84.1449,34.97671],[-84.145,34.97672],[-84.14531,34.97674],[-84.14541,34.97675],[-84.14543,34.97675],[-84.14629,34.97673],[-84.14711,34.97667],[-84.14744,34.97661],[-84.14745,34.97661],[-84.14781,34.9765],[-84.14835,34.97624],[-84.14859,34.97609],[-84.14916,34.97557],[-84.14956,34.97517],[-84.14967,34.97496],[-84.14976,34.97458],[-84.14985,34.97444],[-84.15019,34.97415],[-84.15082,34.9739],[-84.15095,34.97383],[-84.15103,34.97375],[-84.15115,34.97354],[-84.15115,34.97314],[-84.15132,34.97263],[-84.15133,34.97249],[-84.15134,34.97237],[-84.15126,34.97193],[-84.15134,34.97165],[-84.1514,34.97148],[-84.15158,34.97123],[-84.15199,34.97086],[-84.15211,34.97078],[-84.15268,34.97034],[-84.15287,34.97025],[-84.15336,34.97018],[-84.15352,34.97021],[-84.15393,34.97026],[-84.15433,34.97027],[-84.15468,34.97021],[-84.15496,34.97012],[-84.15508,34.97002],[-84.15517,34.9699],[-84.15536,34.96941],[-84.15557,34.96909],[-84.15581,34.96887],[-84.15601,34.96868],[-84.15653,34.96833],[-84.1567,34.96818],[-84.15694,34.96806],[-84.15697,34.96805],[-84.15723,34.96799],[-84.15728,34.96797],[-84.15756,34.96786],[-84.15801,34.96782],[-84.15862,34.9678],[-84.15884,34.96775],[-84.15899,34.96769],[-84.15916,34.96759],[-84.15931,34.96744],[-84.1596,34.96685],[-84.15993,34.96589],[-84.16003,34.96572],[-84.16016,34.96561],[-84.16037,34.96553],[-84.16088,34.96548],[-84.16135,34.96534],[-84.16182,34.96532],[-84.16196,34.96531],[-84.16212,34.96528],[-84.16223,34.96522],[-84.16241,34.96507],[-84.16264,34.96477],[-84.16274,34.96468],[-84.16313,34.96442],[-84.16379,34.9641],[-84.16457,34.96382],[-84.16518,34.96371],[-84.16566,34.96352],[-84.16589,34.96337],[-84.16609,34.96318],[-84.16619,34.96303],[-84.16667,34.96247],[-84.16675,34.96231],[-84.16682,34.96204],[-84.16686,34.9616],[-84.16692,34.96141],[-84.16702,34.96127],[-84.16738,34.96095],[-84.16772,34.96056],[-84.16786,34.96043],[-84.16803,34.96034],[-84.16827,34.96023],[-84.16875,34.96013],[-84.16907,34.96002],[-84.16928,34.95991],[-84.1694,34.95983],[-84.1697,34.95964],[-84.17012,34.95948],[-84.17052,34.95941],[-84.17078,34.95937],[-84.17178,34.95937],[-84.17197,34.95935],[-84.17208,34.95927],[-84.1724,34.95933],[-84.17259,34.9589],[-84.17284,34.95834],[-84.17317,34.95802],[-84.17377,34.95772],[-84.17443,34.95728],[-84.17487,34.95674],[-84.17493,34.95627],[-84.17495,34.9561],[-84.17498,34.95591],[-84.17497,34.95539],[-84.17504,34.95483],[-84.17523,34.95447],[-84.17583,34.95399],[-84.17632,34.95363],[-84.17697,34.95328],[-84.17719,34.9529],[-84.17752,34.95258],[-84.17762,34.9525],[-84.17794,34.95234],[-84.17838,34.95223],[-84.17883,34.95209],[-84.17909,34.95146],[-84.17916,34.95087]]]},"properties":{"GEOID":"13291","BASENAME":"Union"}},{"type":"Feature","properties":{"GEOID":"13011","BASENAME":"Banks"},"geometry":{"type":"Polygon","coordinates":[[[-83.3815,34.42007],[-83.38154,34.42021],[-83.382,34.42537],[-83.38232,34.42571],[-83.38235,34.42575],[-83.38237,34.42578],[-83.38239,34.4258],[-83.3824,34.42582],[-83.38241,34.42583],[-83.38241,34.42585],[-83.38242,34.42587],[-83.38243,34.42589],[-83.38243,34.42591],[-83.38243,34.42593],[-83.38244,34.42597],[-83.38244,34.42599],[-83.38244,34.42601],[-83.38244,34.42604],[-83.38244,34.42606],[-83.38244,34.42609],[-83.38244,34.42612],[-83.38244,34.42615],[-83.38244,34.42618],[-83.38243,34.42621],[-83.38243,34.42624],[-83.38242,34.42628],[-83.38242,34.42631],[-83.38241,34.42635],[-83.38241,34.42639],[-83.3824,34.42642],[-83.3824,34.42646],[-83.38239,34.4265],[-83.38238,34.42653],[-83.38238,34.42657],[-83.38237,34.42661],[-83.38237,34.42665],[-83.38236,34.42669],[-83.38236,34.42673],[-83.38236,34.42677],[-83.38235,34.42681],[-83.38235,34.42686],[-83.38234,34.4269],[-83.38234,34.42694],[-83.38234,34.42698],[-83.38234,34.42702],[-83.38234,34.42706],[-83.38234,34.42709],[-83.38234,34.42712],[-83.38234,34.42714],[-83.38234,34.42716],[-83.38234,34.42718],[-83.38234,34.4272],[-83.38234,34.42722],[-83.38235,34.42724],[-83.38235,34.42726],[-83.38236,34.42727],[-83.38236,34.4273],[-83.38237,34.42732],[-83.38237,34.42734],[-83.38237,34.42737],[-83.38238,34.42739],[-83.38238,34.42742],[-83.38238,34.42745],[-83.38239,34.42748],[-83.38239,34.4275],[-83.38239,34.42754],[-83.38239,34.42757],[-83.38239,34.4276],[-83.38238,34.42763],[-83.38238,34.42766],[-83.38238,34.42769],[-83.38237,34.42772],[-83.38237,34.42775],[-83.38236,34.42778],[-83.38236,34.42781],[-83.38235,34.42783],[-83.38234,34.42786],[-83.38234,34.42789],[-83.38233,34.42792],[-83.38232,34.42794],[-83.38231,34.42797],[-83.3823,34.428],[-83.38229,34.42802],[-83.38228,34.42805],[-83.38227,34.42807],[-83.38226,34.42809],[-83.38225,34.42811],[-83.38225,34.42813],[-83.38224,34.42815],[-83.38224,34.42817],[-83.38223,34.42819],[-83.38223,34.4282],[-83.38223,34.42822],[-83.38222,34.42824],[-83.38222,34.42826],[-83.38222,34.42827],[-83.38221,34.4283],[-83.38221,34.42832],[-83.38221,34.42834],[-83.38221,34.42837],[-83.38221,34.42839],[-83.38221,34.42842],[-83.38221,34.42845],[-83.38221,34.42848],[-83.38221,34.4285],[-83.38222,34.42853],[-83.38222,34.42856],[-83.38223,34.42859],[-83.38224,34.42862],[-83.38225,34.42865],[-83.38226,34.42868],[-83.38227,34.4287],[-83.38228,34.42873],[-83.3823,34.42876],[-83.38231,34.42878],[-83.38233,34.42881],[-83.38235,34.42883],[-83.38237,34.42886],[-83.38239,34.42888],[-83.38241,34.42891],[-83.38244,34.42894],[-83.38247,34.42896],[-83.3825,34.42899],[-83.38253,34.42902],[-83.38256,34.42904],[-83.38262,34.4291],[-83.38269,34.42917],[-83.38271,34.42919],[-83.38274,34.42922],[-83.38276,34.42926],[-83.38279,34.42929],[-83.38282,34.42933],[-83.38284,34.42937],[-83.38287,34.42942],[-83.38289,34.42946],[-83.38291,34.42951],[-83.38293,34.42956],[-83.38294,34.42958],[-83.38295,34.42961],[-83.38297,34.42966],[-83.38299,34.42972],[-83.38301,34.42978],[-83.38302,34.42983],[-83.38304,34.42989],[-83.38306,34.42995],[-83.38308,34.43001],[-83.3831,34.43007],[-83.38312,34.43012],[-83.38314,34.43018],[-83.38317,34.43023],[-83.38319,34.43028],[-83.38322,34.43033],[-83.38325,34.43037],[-83.38328,34.43042],[-83.38331,34.43045],[-83.38334,34.43049],[-83.38337,34.43053],[-83.38341,34.43057],[-83.38344,34.4306],[-83.38348,34.43063],[-83.38351,34.43066],[-83.38354,34.43069],[-83.38358,34.43072],[-83.38362,34.43075],[-83.38366,34.43077],[-83.3837,34.4308],[-83.38374,34.43082],[-83.38378,34.43084],[-83.38382,34.43086],[-83.38386,34.43088],[-83.38392,34.43091],[-83.38404,34.43096],[-83.38409,34.43099],[-83.38413,34.43101],[-83.38418,34.43103],[-83.38422,34.43106],[-83.38426,34.43108],[-83.3843,34.4311],[-83.38434,34.43113],[-83.38437,34.43115],[-83.3844,34.43117],[-83.38443,34.43119],[-83.38446,34.43121],[-83.38448,34.43123],[-83.3845,34.43126],[-83.38452,34.43128],[-83.38453,34.4313],[-83.38455,34.43132],[-83.38456,34.43134],[-83.38458,34.43136],[-83.38459,34.43139],[-83.3846,34.43141],[-83.38462,34.43144],[-83.38463,34.43147],[-83.38464,34.4315],[-83.38465,34.43153],[-83.38467,34.43156],[-83.38468,34.43159],[-83.3847,34.43163],[-83.38471,34.43167],[-83.38473,34.43171],[-83.38475,34.43175],[-83.38477,34.4318],[-83.38479,34.43185],[-83.38482,34.4319],[-83.38485,34.43195],[-83.38487,34.43201],[-83.3849,34.43206],[-83.38493,34.43212],[-83.38495,34.43217],[-83.38498,34.43223],[-83.38501,34.43228],[-83.38503,34.43233],[-83.38505,34.43238],[-83.38507,34.43243],[-83.38509,34.43247],[-83.38511,34.43252],[-83.38513,34.43256],[-83.38515,34.4326],[-83.38517,34.43265],[-83.38519,34.43269],[-83.38521,34.43273],[-83.38523,34.43277],[-83.38525,34.4328],[-83.38527,34.43284],[-83.38529,34.43287],[-83.38531,34.4329],[-83.38532,34.43293],[-83.38534,34.43295],[-83.38536,34.43298],[-83.38537,34.43299],[-83.38539,34.43301],[-83.3854,34.43302],[-83.38542,34.43304],[-83.38543,34.43305],[-83.38544,34.43307],[-83.38546,34.43308],[-83.38547,34.4331],[-83.38548,34.43312],[-83.38549,34.43313],[-83.38551,34.43315],[-83.38552,34.43317],[-83.38553,34.43318],[-83.38554,34.4332],[-83.38569,34.43335],[-83.3857,34.43342],[-83.38572,34.43351],[-83.38575,34.43361],[-83.38577,34.43371],[-83.3858,34.43379],[-83.38581,34.43382],[-83.38582,34.43384],[-83.38585,34.43388],[-83.38588,34.43392],[-83.38591,34.43394],[-83.38593,34.43395],[-83.38594,34.43396],[-83.38596,34.43397],[-83.38598,34.43398],[-83.386,34.43399],[-83.38603,34.43401],[-83.38605,34.43402],[-83.38607,34.43404],[-83.3861,34.43406],[-83.38613,34.43407],[-83.38616,34.43409],[-83.38618,34.43411],[-83.38623,34.43415],[-83.38625,34.43417],[-83.38629,34.43421],[-83.38634,34.43428],[-83.38637,34.43433],[-83.3864,34.43438],[-83.38644,34.43445],[-83.38646,34.43449],[-83.38649,34.43454],[-83.38652,34.43459],[-83.38656,34.43463],[-83.38659,34.43468],[-83.38663,34.43472],[-83.38665,34.43474],[-83.38667,34.43476],[-83.38672,34.4348],[-83.38677,34.43484],[-83.38681,34.43489],[-83.38683,34.43492],[-83.38685,34.43494],[-83.38689,34.435],[-83.38692,34.43506],[-83.38698,34.43518],[-83.3871,34.43546],[-83.38724,34.43655],[-83.38729,34.43673],[-83.3873,34.43693],[-83.38737,34.43703],[-83.38744,34.43723],[-83.38768,34.43779],[-83.3879,34.43838],[-83.38795,34.4389],[-83.38798,34.43906],[-83.38804,34.43937],[-83.38815,34.43971],[-83.38827,34.44001],[-83.38841,34.44042],[-83.38848,34.44073],[-83.38943,34.44302],[-83.39015,34.44468],[-83.39032,34.44506],[-83.39083,34.44603],[-83.39279,34.4499],[-83.39297,34.45026],[-83.39417,34.45261],[-83.39462,34.45348],[-83.39547,34.45506],[-83.39787,34.45946],[-83.39795,34.45962],[-83.39786,34.45975],[-83.39782,34.45979],[-83.39771,34.45994],[-83.39735,34.46019],[-83.39671,34.46064],[-83.39673,34.46064],[-83.39805,34.461],[-83.39851,34.4611],[-83.3995,34.46137],[-83.39994,34.4615],[-83.40024,34.46159],[-83.40065,34.46175],[-83.40097,34.46189],[-83.40147,34.46218],[-83.40171,34.46236],[-83.40177,34.46241],[-83.40192,34.46252],[-83.40215,34.46269],[-83.40232,34.46281],[-83.40248,34.46293],[-83.40263,34.46304],[-83.40278,34.46313],[-83.4029,34.46321],[-83.40301,34.46328],[-83.40312,34.46334],[-83.40323,34.4634],[-83.40334,34.46346],[-83.4034,34.46349],[-83.40346,34.46351],[-83.40355,34.46355],[-83.40425,34.4638],[-83.4045,34.46388],[-83.40486,34.46394],[-83.40514,34.46397],[-83.40546,34.46398],[-83.4058,34.46398],[-83.40638,34.46395],[-83.407,34.46399],[-83.40729,34.46402],[-83.40758,34.46407],[-83.4079,34.46414],[-83.40816,34.46421],[-83.40849,34.46428],[-83.40864,34.46433],[-83.40876,34.46437],[-83.40882,34.46439],[-83.40907,34.46449],[-83.40912,34.46451],[-83.40915,34.46453],[-83.40938,34.46465],[-83.40943,34.46467],[-83.40952,34.46472],[-83.40982,34.46487],[-83.41071,34.46532],[-83.41105,34.46551],[-83.41157,34.46585],[-83.41168,34.46594],[-83.4118,34.46604],[-83.41186,34.46611],[-83.41205,34.4663],[-83.41262,34.46709],[-83.41299,34.46759],[-83.41312,34.46771],[-83.41343,34.46792],[-83.41359,34.46801],[-83.41375,34.46807],[-83.41418,34.46817],[-83.41428,34.46819],[-83.41429,34.46819],[-83.4143,34.46828],[-83.41434,34.46833],[-83.41443,34.4684],[-83.41453,34.46847],[-83.41461,34.46851],[-83.41471,34.46855],[-83.4148,34.4686],[-83.41489,34.46864],[-83.41498,34.46868],[-83.4152,34.46873],[-83.41533,34.46875],[-83.41552,34.46878],[-83.4158,34.46885],[-83.416,34.46892],[-83.4161,34.46897],[-83.41619,34.46905],[-83.41621,34.46914],[-83.41887,34.46991],[-83.41908,34.46992],[-83.41926,34.46996],[-83.4197,34.47009],[-83.41997,34.47019],[-83.42023,34.47027],[-83.42034,34.47031],[-83.42859,34.47333],[-83.43023,34.47392],[-83.43532,34.47576],[-83.44075,34.47771],[-83.44148,34.47797],[-83.44215,34.47821],[-83.44858,34.48049],[-83.45405,34.48242],[-83.45563,34.48296],[-83.45843,34.48393],[-83.45875,34.48329],[-83.45884,34.48312],[-83.45907,34.48266],[-83.45938,34.48203],[-83.45969,34.48141],[-83.45975,34.48129],[-83.45977,34.48114],[-83.45998,34.4812],[-83.46034,34.4813],[-83.46142,34.48161],[-83.46222,34.48184],[-83.46251,34.48192],[-83.46455,34.4825],[-83.46512,34.48267],[-83.46955,34.48398],[-83.46993,34.48406],[-83.4708,34.48415],[-83.47164,34.48424],[-83.47374,34.48447],[-83.47424,34.48452],[-83.47718,34.48481],[-83.48086,34.48518],[-83.48492,34.48559],[-83.49576,34.48673],[-83.49595,34.48675],[-83.49616,34.48677],[-83.49668,34.48682],[-83.4973,34.48689],[-83.49793,34.48695],[-83.49857,34.48702],[-83.49892,34.48706],[-83.49895,34.48706],[-83.49964,34.48714],[-83.49975,34.48715],[-83.50139,34.48732],[-83.50326,34.4875],[-83.5037,34.48749],[-83.50374,34.48748],[-83.50386,34.4875],[-83.50863,34.4882],[-83.50873,34.48822],[-83.50996,34.48837],[-83.51003,34.48838],[-83.51012,34.48839],[-83.5102,34.4884],[-83.51616,34.48913],[-83.51839,34.48941],[-83.5188,34.48946],[-83.52451,34.49013],[-83.52455,34.49014],[-83.52504,34.4902],[-83.52536,34.49024],[-83.52558,34.49027],[-83.52679,34.49035],[-83.5268,34.49035],[-83.52805,34.49049],[-83.52837,34.49054],[-83.52871,34.49059],[-83.5331,34.49106],[-83.53316,34.49106],[-83.53325,34.49108],[-83.53437,34.49123],[-83.53447,34.49124],[-83.53606,34.49151],[-83.5374,34.49173],[-83.53744,34.49173],[-83.53754,34.49172],[-83.53759,34.49169],[-83.53844,34.49101],[-83.53847,34.49099],[-83.53891,34.49064],[-83.53937,34.4903],[-83.54026,34.48963],[-83.54103,34.48898],[-83.54138,34.4887],[-83.54241,34.48788],[-83.54312,34.48732],[-83.54341,34.48709],[-83.54377,34.48681],[-83.54384,34.48677],[-83.5439,34.48673],[-83.54406,34.48663],[-83.54421,34.48656],[-83.54434,34.4865],[-83.5446,34.48639],[-83.54464,34.48638],[-83.54478,34.48632],[-83.54487,34.4863],[-83.54522,34.48622],[-83.54541,34.48619],[-83.54562,34.48618],[-83.54582,34.48616],[-83.54678,34.48613],[-83.54754,34.48608],[-83.5477,34.48607],[-83.54811,34.48605],[-83.54869,34.48601],[-83.54903,34.486],[-83.54982,34.48596],[-83.55043,34.48592],[-83.55076,34.48591],[-83.5508,34.48591],[-83.55135,34.48589],[-83.55166,34.48588],[-83.55177,34.48587],[-83.55208,34.48586],[-83.55238,34.48584],[-83.55241,34.48584],[-83.55244,34.48584],[-83.55245,34.48583],[-83.55248,34.4858],[-83.55253,34.48573],[-83.55263,34.48561],[-83.5527,34.48552],[-83.55278,34.48542],[-83.55288,34.4853],[-83.55291,34.48525],[-83.55308,34.48503],[-83.5533,34.48476],[-83.55369,34.48428],[-83.55403,34.48386],[-83.55438,34.48342],[-83.55478,34.48293],[-83.5549,34.48278],[-83.55496,34.48272],[-83.55506,34.48261],[-83.55511,34.48256],[-83.55516,34.48251],[-83.55524,34.48242],[-83.55533,34.48234],[-83.55543,34.48225],[-83.55553,34.48217],[-83.55576,34.48199],[-83.55595,34.48185],[-83.55609,34.48176],[-83.55637,34.48158],[-83.55653,34.4815],[-83.55698,34.48126],[-83.55854,34.48045],[-83.55907,34.48018],[-83.55978,34.47974],[-83.56023,34.47939],[-83.56072,34.47898],[-83.56119,34.47852],[-83.5614,34.47828],[-83.56155,34.47811],[-83.56185,34.47777],[-83.56237,34.47721],[-83.56531,34.47398],[-83.56632,34.47287],[-83.56671,34.47242],[-83.56684,34.47228],[-83.567,34.47211],[-83.56722,34.47189],[-83.56759,34.4715],[-83.56804,34.47111],[-83.56846,34.4708],[-83.56861,34.47069],[-83.56909,34.47039],[-83.56951,34.47012],[-83.56961,34.47006],[-83.57352,34.46733],[-83.57437,34.46673],[-83.57528,34.46608],[-83.57533,34.46604],[-83.57604,34.46551],[-83.57642,34.46518],[-83.57686,34.46472],[-83.57719,34.46431],[-83.57732,34.46413],[-83.57756,34.46383],[-83.57812,34.46298],[-83.57887,34.46185],[-83.57902,34.46163],[-83.57905,34.46158],[-83.58149,34.45789],[-83.58169,34.45758],[-83.58193,34.45722],[-83.58202,34.45684],[-83.58253,34.45608],[-83.58274,34.45576],[-83.58307,34.45528],[-83.58409,34.45404],[-83.58481,34.45341],[-83.58537,34.45303],[-83.58646,34.45248],[-83.5893,34.45129],[-83.58941,34.45114],[-83.58957,34.45107],[-83.58982,34.45096],[-83.58986,34.45094],[-83.59008,34.45085],[-83.59033,34.45074],[-83.59058,34.45063],[-83.59082,34.45052],[-83.59107,34.45042],[-83.59131,34.45032],[-83.59154,34.45022],[-83.59176,34.45012],[-83.59198,34.45004],[-83.59218,34.44995],[-83.59258,34.44979],[-83.593,34.44962],[-83.59379,34.4493],[-83.5943,34.44909],[-83.59446,34.44903],[-83.59483,34.44888],[-83.59521,34.44872],[-83.5956,34.44856],[-83.59636,34.44825],[-83.59672,34.4481],[-83.59737,34.44784],[-83.59766,34.44772],[-83.59817,34.44751],[-83.59829,34.44746],[-83.59839,34.44742],[-83.59875,34.44728],[-83.5989,34.44722],[-83.59902,34.44717],[-83.59913,34.44713],[-83.59931,34.44706],[-83.59939,34.44703],[-83.59945,34.44701],[-83.59953,34.44698],[-83.59959,34.44696],[-83.59966,34.44693],[-83.59981,34.44689],[-83.59996,34.44684],[-83.60004,34.44682],[-83.60012,34.44679],[-83.6002,34.44677],[-83.6005,34.44668],[-83.60126,34.44648],[-83.60186,34.44632],[-83.6022,34.44623],[-83.60326,34.44594],[-83.60415,34.4457],[-83.60437,34.44563],[-83.60457,34.44558],[-83.60473,34.44553],[-83.60487,34.44548],[-83.605,34.44544],[-83.60511,34.44541],[-83.60522,34.44537],[-83.60532,34.44533],[-83.60542,34.44529],[-83.60551,34.44525],[-83.60561,34.44521],[-83.60569,34.44517],[-83.60578,34.44513],[-83.60586,34.44509],[-83.60595,34.44505],[-83.60603,34.44501],[-83.60611,34.44497],[-83.60618,34.44493],[-83.60626,34.44488],[-83.60634,34.44484],[-83.60641,34.44479],[-83.60648,34.44474],[-83.60656,34.44469],[-83.60663,34.44465],[-83.6067,34.44459],[-83.60677,34.44454],[-83.60684,34.44449],[-83.60691,34.44444],[-83.60698,34.44438],[-83.60705,34.44433],[-83.60711,34.44428],[-83.60717,34.44422],[-83.60719,34.44421],[-83.60723,34.44417],[-83.60729,34.44412],[-83.6074,34.44401],[-83.60751,34.44389],[-83.60762,34.44376],[-83.60774,34.44363],[-83.60779,34.44356],[-83.6079,34.44342],[-83.608,34.44328],[-83.60809,34.44315],[-83.60817,34.44303],[-83.60825,34.4429],[-83.60832,34.44278],[-83.60839,34.44264],[-83.60846,34.44249],[-83.60852,34.44235],[-83.60858,34.4422],[-83.60863,34.44206],[-83.60868,34.44192],[-83.60872,34.44178],[-83.60876,34.44164],[-83.60879,34.44149],[-83.6088,34.44143],[-83.60882,34.44134],[-83.60883,34.44126],[-83.60884,34.44117],[-83.60886,34.44099],[-83.60887,34.4409],[-83.60888,34.44055],[-83.60889,34.43995],[-83.60889,34.43965],[-83.60888,34.43931],[-83.60888,34.43914],[-83.60888,34.43897],[-83.60888,34.43882],[-83.60888,34.43868],[-83.60888,34.43855],[-83.60888,34.43843],[-83.60888,34.43833],[-83.60888,34.43824],[-83.60888,34.43814],[-83.60889,34.43808],[-83.60889,34.43801],[-83.6089,34.43793],[-83.60892,34.43781],[-83.60902,34.43731],[-83.60919,34.43688],[-83.60936,34.43656],[-83.60963,34.43611],[-83.61005,34.43563],[-83.61075,34.43509],[-83.61392,34.43305],[-83.61509,34.43225],[-83.61512,34.43206],[-83.61512,34.43204],[-83.61512,34.43202],[-83.61513,34.432],[-83.61513,34.43197],[-83.61513,34.43194],[-83.61515,34.43188],[-83.61514,34.43183],[-83.61522,34.43171],[-83.61529,34.4316],[-83.61536,34.43148],[-83.6154,34.43143],[-83.61544,34.43139],[-83.61551,34.43132],[-83.61569,34.4312],[-83.61615,34.43096],[-83.6164,34.43085],[-83.61659,34.43075],[-83.61666,34.4307],[-83.61703,34.43036],[-83.61719,34.43017],[-83.61734,34.42997],[-83.61766,34.42952],[-83.61772,34.42944],[-83.61855,34.42832],[-83.61872,34.42809],[-83.61916,34.42748],[-83.61919,34.42742],[-83.61919,34.4274],[-83.61919,34.42739],[-83.61919,34.42737],[-83.61918,34.42735],[-83.61917,34.42733],[-83.61911,34.42726],[-83.61908,34.42725],[-83.61939,34.42687],[-83.61945,34.42674],[-83.61949,34.42655],[-83.61959,34.42613],[-83.6196,34.42607],[-83.61963,34.4257],[-83.61963,34.42568],[-83.61966,34.42549],[-83.61965,34.42541],[-83.61966,34.42534],[-83.61968,34.42523],[-83.61972,34.42506],[-83.61978,34.42489],[-83.61985,34.42473],[-83.61993,34.42456],[-83.61998,34.42447],[-83.62003,34.42437],[-83.62008,34.42428],[-83.6203,34.42388],[-83.6204,34.4237],[-83.62044,34.42362],[-83.62051,34.42348],[-83.62063,34.42319],[-83.62078,34.42283],[-83.62094,34.42243],[-83.62106,34.42217],[-83.62129,34.42175],[-83.62152,34.42135],[-83.62174,34.42097],[-83.62208,34.42047],[-83.62236,34.42009],[-83.62254,34.41984],[-83.62267,34.41967],[-83.62275,34.41957],[-83.62279,34.41953],[-83.62283,34.41949],[-83.6229,34.41944],[-83.62295,34.41941],[-83.62299,34.41939],[-83.62301,34.41937],[-83.6231,34.41934],[-83.62321,34.41932],[-83.62325,34.41931],[-83.62346,34.41929],[-83.62361,34.41928],[-83.62363,34.41928],[-83.62384,34.41927],[-83.62419,34.41927],[-83.62431,34.41926],[-83.62434,34.41926],[-83.62439,34.41926],[-83.62444,34.41926],[-83.62452,34.41925],[-83.62461,34.41925],[-83.62464,34.41924],[-83.62468,34.41924],[-83.62471,34.41924],[-83.62475,34.41924],[-83.62478,34.41924],[-83.62481,34.41924],[-83.62484,34.41924],[-83.62487,34.41925],[-83.6249,34.41925],[-83.62493,34.41926],[-83.62496,34.41927],[-83.625,34.41928],[-83.62506,34.41931],[-83.62512,34.41934],[-83.62516,34.41936],[-83.62518,34.41937],[-83.62524,34.41941],[-83.6253,34.41944],[-83.62535,34.41947],[-83.62539,34.41949],[-83.6254,34.4195],[-83.62542,34.41951],[-83.62545,34.41951],[-83.62549,34.4195],[-83.62553,34.41948],[-83.62556,34.41947],[-83.6256,34.41946],[-83.62564,34.41944],[-83.62568,34.41941],[-83.62574,34.41938],[-83.6258,34.41934],[-83.62587,34.4193],[-83.62594,34.41926],[-83.62602,34.41922],[-83.62609,34.41918],[-83.62618,34.41914],[-83.62625,34.41909],[-83.6265,34.41912],[-83.62687,34.41898],[-83.62713,34.41889],[-83.62787,34.41871],[-83.62783,34.41863],[-83.62789,34.41861],[-83.62776,34.41839],[-83.62882,34.41801],[-83.62971,34.4177],[-83.62983,34.41766],[-83.63057,34.41738],[-83.63236,34.41677],[-83.63249,34.41673],[-83.63273,34.41664],[-83.6333,34.41645],[-83.6342,34.41615],[-83.63514,34.4159],[-83.6361,34.41567],[-83.63639,34.41587],[-83.63665,34.416],[-83.63697,34.41627],[-83.63761,34.41673],[-83.63779,34.41684],[-83.63802,34.41688],[-83.63819,34.41684],[-83.63849,34.41676],[-83.63865,34.41671],[-83.63876,34.41668],[-83.63885,34.41665],[-83.64005,34.41628],[-83.64103,34.41603],[-83.64137,34.41592],[-83.64179,34.41578],[-83.64209,34.4157],[-83.64234,34.4156],[-83.64239,34.41556],[-83.64245,34.41552],[-83.64251,34.41547],[-83.64259,34.4154],[-83.64273,34.41509],[-83.64296,34.41462],[-83.64311,34.41436],[-83.64333,34.41408],[-83.64398,34.41356],[-83.64432,34.41336],[-83.64451,34.41322],[-83.64475,34.41305],[-83.64482,34.41296],[-83.64485,34.41288],[-83.64486,34.41281],[-83.64484,34.41248],[-83.64477,34.41216],[-83.64463,34.41165],[-83.64447,34.41132],[-83.64424,34.41087],[-83.64426,34.4108],[-83.64448,34.40918],[-83.6445,34.40899],[-83.64464,34.40825],[-83.64465,34.4082],[-83.64496,34.40744],[-83.64534,34.40682],[-83.64529,34.40674],[-83.64543,34.40643],[-83.64606,34.40575],[-83.64635,34.40551],[-83.64668,34.40526],[-83.64709,34.40501],[-83.64803,34.40452],[-83.64836,34.40438],[-83.65024,34.4036],[-83.65201,34.40287],[-83.65207,34.40284],[-83.65263,34.40261],[-83.65307,34.40235],[-83.6535,34.40205],[-83.65402,34.40159],[-83.65405,34.40157],[-83.65489,34.40067],[-83.65523,34.40026],[-83.65555,34.39977],[-83.65556,34.39975],[-83.65584,34.39914],[-83.65611,34.39855],[-83.65639,34.39793],[-83.65665,34.39735],[-83.6572,34.39614],[-83.65746,34.39557],[-83.65773,34.39499],[-83.65801,34.39437],[-83.65809,34.3942],[-83.65855,34.39318],[-83.65852,34.39316],[-83.6585,34.39314],[-83.65846,34.39312],[-83.65852,34.39301],[-83.65848,34.39298],[-83.65832,34.39285],[-83.65843,34.39272],[-83.65871,34.39238],[-83.65878,34.3923],[-83.65884,34.39223],[-83.65894,34.3921],[-83.65897,34.39206],[-83.65903,34.392],[-83.65932,34.3917],[-83.65987,34.39121],[-83.65998,34.3911],[-83.66008,34.39098],[-83.66011,34.39092],[-83.66015,34.39083],[-83.66021,34.39057],[-83.66026,34.3902],[-83.66031,34.38989],[-83.66033,34.38966],[-83.66037,34.38933],[-83.66038,34.38918],[-83.66039,34.38907],[-83.66039,34.38864],[-83.66041,34.38785],[-83.66045,34.38737],[-83.66049,34.38697],[-83.66047,34.38675],[-83.66045,34.38656],[-83.66042,34.38634],[-83.66036,34.38592],[-83.66031,34.38553],[-83.66023,34.38488],[-83.66014,34.3841],[-83.66004,34.38296],[-83.66001,34.38175],[-83.66001,34.3816],[-83.66,34.38105],[-83.65999,34.38028],[-83.66002,34.37994],[-83.66005,34.37976],[-83.66013,34.37947],[-83.66024,34.37922],[-83.66035,34.37897],[-83.66059,34.37858],[-83.66065,34.37851],[-83.66081,34.37833],[-83.66099,34.37815],[-83.66109,34.37805],[-83.66126,34.37787],[-83.66177,34.37731],[-83.66189,34.37719],[-83.66223,34.37684],[-83.66236,34.37667],[-83.66254,34.37644],[-83.66269,34.37617],[-83.66268,34.37616],[-83.66267,34.37614],[-83.66283,34.3755],[-83.66295,34.37439],[-83.66299,34.37405],[-83.66307,34.37371],[-83.6632,34.37334],[-83.66339,34.37296],[-83.66363,34.37265],[-83.66423,34.37202],[-83.6647,34.37151],[-83.6654,34.37078],[-83.66543,34.3707],[-83.66541,34.37062],[-83.66552,34.37033],[-83.66556,34.37004],[-83.66554,34.3698],[-83.66547,34.36942],[-83.66547,34.36933],[-83.66577,34.36879],[-83.66592,34.3686],[-83.66611,34.36842],[-83.66676,34.36795],[-83.66721,34.36775],[-83.66748,34.36764],[-83.66788,34.36749],[-83.66828,34.36735],[-83.66863,34.36724],[-83.66872,34.36719],[-83.66894,34.36708],[-83.66903,34.36703],[-83.66906,34.36701],[-83.66907,34.367],[-83.66909,34.36699],[-83.66911,34.36697],[-83.66915,34.36695],[-83.66942,34.3662],[-83.66943,34.36603],[-83.66942,34.36583],[-83.66939,34.36567],[-83.66924,34.36558],[-83.66875,34.36471],[-83.66846,34.36433],[-83.66679,34.3631],[-83.66661,34.3629],[-83.66651,34.36273],[-83.66534,34.35962],[-83.66359,34.3572],[-83.66341,34.35704],[-83.66322,34.35692],[-83.66087,34.35593],[-83.66086,34.35593],[-83.66083,34.35592],[-83.66061,34.3559],[-83.66016,34.35601],[-83.65971,34.35603],[-83.6593,34.356],[-83.65879,34.35588],[-83.65828,34.35566],[-83.65773,34.35538],[-83.6574,34.35516],[-83.65704,34.35492],[-83.6568,34.35473],[-83.65601,34.35312],[-83.65516,34.35247],[-83.65492,34.35225],[-83.65457,34.35205],[-83.65432,34.35187],[-83.65404,34.35162],[-83.65376,34.35134],[-83.65325,34.35095],[-83.65294,34.35065],[-83.65285,34.35054],[-83.65277,34.35043],[-83.6527,34.35037],[-83.65259,34.35035],[-83.65232,34.35004],[-83.65144,34.34906],[-83.65131,34.34882],[-83.65118,34.34837],[-83.65112,34.34797],[-83.65113,34.34774],[-83.65113,34.34756],[-83.65121,34.34731],[-83.65167,34.34631],[-83.65165,34.3454],[-83.65164,34.34498],[-83.65159,34.34457],[-83.65151,34.3441],[-83.65144,34.34371],[-83.65121,34.34324],[-83.65075,34.3424],[-83.65025,34.34144],[-83.64991,34.3406],[-83.64982,34.34033],[-83.64974,34.34],[-83.64967,34.33972],[-83.64947,34.33869],[-83.64933,34.33821],[-83.64915,34.33775],[-83.64911,34.33763],[-83.64891,34.33717],[-83.64826,34.33568],[-83.64806,34.33518],[-83.64799,34.33486],[-83.64794,34.33463],[-83.64793,34.33445],[-83.64794,34.33412],[-83.64842,34.33223],[-83.64882,34.33034],[-83.64906,34.32931],[-83.64912,34.32912],[-83.64931,34.32851],[-83.64943,34.32809],[-83.64944,34.32805],[-83.64947,34.32793],[-83.64962,34.32721],[-83.64965,34.32665],[-83.64962,34.32451],[-83.6496,34.32397],[-83.64956,34.32366],[-83.64952,34.32332],[-83.6495,34.32316],[-83.64948,34.32302],[-83.64945,34.32278],[-83.64937,34.3222],[-83.64935,34.32196],[-83.64932,34.32177],[-83.64924,34.3214],[-83.64919,34.32088],[-83.64916,34.32052],[-83.64913,34.32041],[-83.64795,34.31925],[-83.647,34.31833],[-83.64631,34.31765],[-83.6455,34.31683],[-83.64472,34.31602],[-83.64455,34.31585],[-83.64452,34.31577],[-83.64452,34.31569],[-83.64455,34.3156],[-83.6446,34.3155],[-83.64429,34.31518],[-83.64415,34.31503],[-83.64408,34.31495],[-83.64392,34.31479],[-83.64389,34.31477],[-83.64384,34.31471],[-83.64376,34.31463],[-83.64353,34.3144],[-83.64277,34.31364],[-83.6423,34.31315],[-83.64187,34.3128],[-83.64183,34.31276],[-83.64146,34.3125],[-83.64133,34.31241],[-83.64125,34.31236],[-83.64108,34.31226],[-83.64083,34.31211],[-83.64048,34.3119],[-83.64039,34.31184],[-83.63969,34.31142],[-83.63946,34.31128],[-83.63882,34.31089],[-83.6384,34.31064],[-83.63804,34.31042],[-83.63783,34.3103],[-83.63744,34.31006],[-83.63733,34.30999],[-83.63716,34.30989],[-83.63698,34.30978],[-83.63679,34.30966],[-83.63658,34.30953],[-83.63636,34.30939],[-83.63613,34.30925],[-83.63602,34.30918],[-83.63435,34.30813],[-83.63412,34.30799],[-83.63366,34.3077],[-83.63351,34.3076],[-83.63338,34.30752],[-83.63251,34.30708],[-83.63228,34.30698],[-83.63224,34.30697],[-83.63171,34.30692],[-83.63169,34.30693],[-83.63167,34.30693],[-83.63166,34.30694],[-83.63164,34.30694],[-83.63162,34.30694],[-83.6316,34.30695],[-83.63158,34.30695],[-83.63156,34.30696],[-83.63154,34.30696],[-83.63153,34.30696],[-83.63152,34.30696],[-83.6315,34.30696],[-83.63149,34.30696],[-83.63147,34.30696],[-83.63145,34.30696],[-83.63144,34.30696],[-83.63142,34.30696],[-83.6314,34.30695],[-83.63136,34.30694],[-83.63131,34.30693],[-83.63126,34.30692],[-83.63119,34.3069],[-83.63115,34.30689],[-83.63109,34.30688],[-83.63099,34.30687],[-83.63074,34.30685],[-83.62986,34.3068],[-83.62908,34.30677],[-83.62889,34.30676],[-83.62869,34.30676],[-83.62835,34.30672],[-83.628,34.30669],[-83.62768,34.30667],[-83.62745,34.30666],[-83.62714,34.30664],[-83.62702,34.30664],[-83.62675,34.30663],[-83.62656,34.30662],[-83.62642,34.30662],[-83.62625,34.30659],[-83.62603,34.30656],[-83.62587,34.30653],[-83.62574,34.3065],[-83.62557,34.30646],[-83.62542,34.3064],[-83.62532,34.30636],[-83.62522,34.30631],[-83.62516,34.30625],[-83.62508,34.30618],[-83.62506,34.30615],[-83.62498,34.30607],[-83.62472,34.30585],[-83.62448,34.30558],[-83.62431,34.30527],[-83.6242,34.30498],[-83.62418,34.30489],[-83.62414,34.30478],[-83.62411,34.30466],[-83.62409,34.30449],[-83.6241,34.30429],[-83.6241,34.30409],[-83.62413,34.30399],[-83.62416,34.30388],[-83.62419,34.30374],[-83.62452,34.30325],[-83.62472,34.30284],[-83.62478,34.30252],[-83.62481,34.30232],[-83.62481,34.30228],[-83.62482,34.30222],[-83.62483,34.30207],[-83.62483,34.30198],[-83.62484,34.30194],[-83.62479,34.30189],[-83.62488,34.30162],[-83.62503,34.30131],[-83.6245,34.30083],[-83.62421,34.30056],[-83.624,34.30035],[-83.62365,34.29999],[-83.6234,34.29972],[-83.62321,34.29949],[-83.62297,34.29919],[-83.62286,34.29906],[-83.6227,34.29887],[-83.62252,34.29864],[-83.62229,34.29836],[-83.62217,34.29821],[-83.62201,34.29801],[-83.62167,34.29759],[-83.62114,34.29692],[-83.62096,34.29669],[-83.62062,34.29626],[-83.62027,34.29582],[-83.62006,34.296],[-83.61973,34.29558],[-83.6197,34.29556],[-83.61992,34.29538],[-83.61963,34.29502],[-83.61872,34.29388],[-83.61817,34.29318],[-83.61785,34.29278],[-83.61749,34.29238],[-83.61729,34.29219],[-83.61706,34.29197],[-83.6168,34.29175],[-83.61661,34.29159],[-83.61634,34.29139],[-83.61617,34.29127],[-83.61581,34.29104],[-83.61544,34.29083],[-83.61509,34.29064],[-83.61468,34.29044],[-83.61428,34.29025],[-83.61356,34.28993],[-83.61346,34.28987],[-83.61276,34.28955],[-83.61217,34.28928],[-83.61084,34.28868],[-83.60988,34.28825],[-83.60919,34.28793],[-83.60888,34.28779],[-83.60841,34.28758],[-83.60814,34.28745],[-83.60729,34.28705],[-83.60665,34.28672],[-83.60608,34.2864],[-83.6057,34.28618],[-83.60504,34.28582],[-83.60411,34.28529],[-83.6039,34.28517],[-83.6037,34.28503],[-83.60328,34.28474],[-83.60294,34.28448],[-83.6028,34.28435],[-83.60232,34.28396],[-83.60191,34.28364],[-83.60168,34.28347],[-83.60145,34.28332],[-83.6012,34.2832],[-83.60102,34.28311],[-83.60082,34.28302],[-83.60041,34.28288],[-83.60003,34.28276],[-83.59957,34.28262],[-83.5992,34.28249],[-83.59888,34.2824],[-83.59848,34.28225],[-83.59823,34.28215],[-83.59796,34.282],[-83.5976,34.28176],[-83.59726,34.28149],[-83.59701,34.28124],[-83.59683,34.28104],[-83.59669,34.28086],[-83.59655,34.28067],[-83.59643,34.28046],[-83.59635,34.28031],[-83.59628,34.28011],[-83.59619,34.27986],[-83.59613,34.27962],[-83.59607,34.27931],[-83.59606,34.27906],[-83.59605,34.27879],[-83.59605,34.27846],[-83.59607,34.27831],[-83.59605,34.278],[-83.59605,34.27767],[-83.59602,34.27748],[-83.59598,34.27721],[-83.59593,34.27704],[-83.59586,34.27681],[-83.59576,34.2766],[-83.59567,34.27639],[-83.59558,34.27622],[-83.59548,34.27606],[-83.59522,34.27568],[-83.59496,34.27529],[-83.59471,34.27489],[-83.59449,34.27457],[-83.5943,34.27428],[-83.59416,34.27409],[-83.59403,34.27389],[-83.59391,34.2737],[-83.59375,34.27345],[-83.59357,34.27321],[-83.59344,34.27305],[-83.59333,34.27292],[-83.59322,34.27279],[-83.5931,34.27266],[-83.59292,34.27251],[-83.59266,34.2723],[-83.59239,34.2721],[-83.59218,34.27193],[-83.59206,34.27186],[-83.59198,34.27181],[-83.59184,34.27172],[-83.59143,34.27151],[-83.5913,34.27144],[-83.59116,34.27139],[-83.59096,34.27131],[-83.5908,34.27124],[-83.59048,34.27112],[-83.59014,34.27099],[-83.59001,34.27094],[-83.58958,34.27078],[-83.589,34.27057],[-83.58853,34.27039],[-83.58827,34.27028],[-83.58788,34.2701],[-83.58758,34.26994],[-83.58739,34.26982],[-83.58714,34.26967],[-83.58695,34.26953],[-83.58668,34.26932],[-83.5865,34.26914],[-83.58634,34.26899],[-83.58606,34.26872],[-83.58586,34.26849],[-83.58566,34.26827],[-83.5855,34.26812],[-83.5854,34.26802],[-83.58526,34.26788],[-83.58521,34.26784],[-83.58499,34.26761],[-83.58481,34.26742],[-83.58459,34.26721],[-83.58438,34.26702],[-83.58419,34.26686],[-83.58403,34.26669],[-83.58388,34.26655],[-83.58369,34.26638],[-83.58346,34.26617],[-83.58323,34.26598],[-83.58282,34.26568],[-83.58238,34.26535],[-83.58161,34.26477],[-83.58002,34.2636],[-83.57979,34.26343],[-83.57831,34.26235],[-83.57684,34.26128],[-83.57533,34.26017],[-83.575,34.25992],[-83.57418,34.25933],[-83.57398,34.25918],[-83.57354,34.25885],[-83.57341,34.25875],[-83.57325,34.25866],[-83.57306,34.25856],[-83.57288,34.25847],[-83.57264,34.25837],[-83.57245,34.2583],[-83.5724,34.25828],[-83.57225,34.25822],[-83.57193,34.25812],[-83.57165,34.25804],[-83.57148,34.25799],[-83.57136,34.25796],[-83.57107,34.25789],[-83.57081,34.25783],[-83.57055,34.25776],[-83.57037,34.25769],[-83.57024,34.25766],[-83.57016,34.25764],[-83.57006,34.25762],[-83.56998,34.25759],[-83.56864,34.25722],[-83.56854,34.25719],[-83.56812,34.25709],[-83.56731,34.25686],[-83.56679,34.25672],[-83.56642,34.25661],[-83.5663,34.25658],[-83.56584,34.25644],[-83.5655,34.25633],[-83.56528,34.25622],[-83.56518,34.25617],[-83.56485,34.25603],[-83.56474,34.25598],[-83.56461,34.25591],[-83.56447,34.25584],[-83.56406,34.25556],[-83.56395,34.25547],[-83.56366,34.25524],[-83.56359,34.25518],[-83.56328,34.25488],[-83.56313,34.25473],[-83.56286,34.25437],[-83.56275,34.25422],[-83.56232,34.25365],[-83.56174,34.25298],[-83.56161,34.25284],[-83.56152,34.25271],[-83.56147,34.25272],[-83.56105,34.25277],[-83.56084,34.2528],[-83.56051,34.25284],[-83.55893,34.25306],[-83.55854,34.25311],[-83.55743,34.25326],[-83.55571,34.25349],[-83.55543,34.25351],[-83.5545,34.25362],[-83.55183,34.25397],[-83.55131,34.25404],[-83.55093,34.25409],[-83.54866,34.25438],[-83.54862,34.25439],[-83.54859,34.25439],[-83.54837,34.25442],[-83.54813,34.25445],[-83.54794,34.25447],[-83.54771,34.2545],[-83.54743,34.25454],[-83.54691,34.2546],[-83.54635,34.25466],[-83.54582,34.25472],[-83.54546,34.25475],[-83.54538,34.25476],[-83.54518,34.25478],[-83.54491,34.25482],[-83.54081,34.25535],[-83.54061,34.25537],[-83.53977,34.25547],[-83.53874,34.25559],[-83.53861,34.25561],[-83.53821,34.25566],[-83.53805,34.25568],[-83.53711,34.25579],[-83.53703,34.2558],[-83.53371,34.2562],[-83.53294,34.25629],[-83.53183,34.25642],[-83.53176,34.25644],[-83.53161,34.25643],[-83.53149,34.25643],[-83.53141,34.25643],[-83.53131,34.25643],[-83.53125,34.25643],[-83.53009,34.25644],[-83.52982,34.25644],[-83.52974,34.25644],[-83.52625,34.25647],[-83.52358,34.2565],[-83.51871,34.25648],[-83.51865,34.25648],[-83.51834,34.25647],[-83.51827,34.25647],[-83.51793,34.25647],[-83.51722,34.25646],[-83.51707,34.25646],[-83.50853,34.25646],[-83.50849,34.25646],[-83.5025,34.25646],[-83.50211,34.2567],[-83.50204,34.25674],[-83.50099,34.25738],[-83.50055,34.25761],[-83.49989,34.25804],[-83.49924,34.25847],[-83.49755,34.25955],[-83.49684,34.26],[-83.49483,34.26124],[-83.49474,34.26116],[-83.49238,34.25916],[-83.49092,34.2579],[-83.49049,34.25747],[-83.49047,34.25744],[-83.49046,34.25743],[-83.49044,34.25742],[-83.49042,34.25742],[-83.49033,34.25743],[-83.49025,34.25739],[-83.4897,34.25701],[-83.48875,34.25637],[-83.48607,34.25734],[-83.48521,34.25765],[-83.48224,34.25924],[-83.47953,34.26069],[-83.47924,34.26071],[-83.47803,34.25972],[-83.47698,34.25885],[-83.4758,34.25788],[-83.4754,34.25756],[-83.47316,34.2557],[-83.47236,34.25504],[-83.47074,34.25372],[-83.47053,34.25355],[-83.47029,34.25335],[-83.47014,34.25324],[-83.46901,34.25231],[-83.46864,34.25201],[-83.46859,34.25197],[-83.46837,34.25178],[-83.46818,34.25163],[-83.46766,34.25121],[-83.46731,34.25092],[-83.46569,34.24959],[-83.4646,34.24869],[-83.46377,34.24802],[-83.45811,34.24339],[-83.45782,34.24315],[-83.45776,34.2431],[-83.45767,34.24302],[-83.45751,34.24288],[-83.45726,34.24267],[-83.45307,34.23908],[-83.45212,34.23826],[-83.45174,34.23794],[-83.45157,34.23779],[-83.45152,34.23775],[-83.4515,34.23773],[-83.451,34.2373],[-83.45091,34.23722],[-83.4488,34.23555],[-83.4485,34.23531],[-83.44837,34.23522],[-83.4445,34.23214],[-83.44317,34.23109],[-83.44242,34.23049],[-83.44129,34.22961],[-83.439,34.22778],[-83.43766,34.22673],[-83.43469,34.2246],[-83.43187,34.22257],[-83.42781,34.21966],[-83.4254,34.21793],[-83.42529,34.21786],[-83.4249,34.21758],[-83.4241,34.21701],[-83.4238,34.21679],[-83.42369,34.2167],[-83.42361,34.21663],[-83.42349,34.21652],[-83.42333,34.21634],[-83.42322,34.21619],[-83.42315,34.21607],[-83.42305,34.21585],[-83.42302,34.21569],[-83.42299,34.21552],[-83.42298,34.21543],[-83.423,34.2153],[-83.42312,34.21479],[-83.42323,34.21435],[-83.42338,34.21383],[-83.42341,34.21365],[-83.42339,34.21349],[-83.42339,34.21343],[-83.42332,34.21313],[-83.42326,34.21297],[-83.42316,34.21281],[-83.42307,34.2127],[-83.42296,34.21257],[-83.4228,34.21247],[-83.42258,34.21236],[-83.4223,34.21223],[-83.42158,34.21195],[-83.42122,34.2118],[-83.4212,34.21179],[-83.42109,34.21175],[-83.42088,34.21164],[-83.42063,34.21147],[-83.42008,34.21096],[-83.41953,34.21053],[-83.41892,34.21015],[-83.41867,34.21002],[-83.41803,34.20966],[-83.41687,34.20905],[-83.41542,34.20818],[-83.4152,34.20804],[-83.41254,34.20635],[-83.41232,34.20615],[-83.41215,34.20596],[-83.41178,34.20563],[-83.41138,34.20523],[-83.41123,34.20508],[-83.41109,34.20485],[-83.41062,34.20414],[-83.40988,34.20324],[-83.40982,34.20318],[-83.40971,34.20306],[-83.40956,34.20294],[-83.4092,34.20253],[-83.4091,34.20245],[-83.40899,34.20238],[-83.40884,34.20236],[-83.40847,34.20231],[-83.40815,34.20224],[-83.40776,34.2021],[-83.4071,34.20186],[-83.40698,34.20175],[-83.40698,34.20155],[-83.40681,34.20146],[-83.40621,34.20101],[-83.40601,34.20086],[-83.406,34.20084],[-83.40595,34.20077],[-83.40581,34.20047],[-83.40576,34.20029],[-83.40573,34.20011],[-83.40574,34.20004],[-83.40537,34.19976],[-83.40522,34.19964],[-83.40516,34.19959],[-83.40506,34.1995],[-83.40486,34.19931],[-83.40472,34.1992],[-83.40421,34.19881],[-83.40373,34.19849],[-83.40344,34.1983],[-83.40324,34.19816],[-83.40267,34.19771],[-83.40243,34.1975],[-83.40015,34.20049],[-83.40013,34.20053],[-83.39975,34.20053],[-83.39971,34.20053],[-83.39968,34.20053],[-83.39955,34.20059],[-83.39942,34.20064],[-83.39857,34.20102],[-83.39769,34.20093],[-83.39717,34.20111],[-83.39637,34.20139],[-83.3961,34.20149],[-83.39608,34.20148],[-83.39605,34.20148],[-83.39603,34.20148],[-83.396,34.20148],[-83.39598,34.20148],[-83.39596,34.20149],[-83.39594,34.20149],[-83.39592,34.2015],[-83.39589,34.20152],[-83.39588,34.20153],[-83.39586,34.20155],[-83.39584,34.20157],[-83.39582,34.2016],[-83.39579,34.20162],[-83.39577,34.20164],[-83.39575,34.20167],[-83.39572,34.20169],[-83.39569,34.20171],[-83.39566,34.20173],[-83.39563,34.20175],[-83.3956,34.20176],[-83.39557,34.20178],[-83.39554,34.20179],[-83.39551,34.20181],[-83.39548,34.20182],[-83.39545,34.20184],[-83.39543,34.20185],[-83.3954,34.20187],[-83.39538,34.20188],[-83.39536,34.20189],[-83.39533,34.20191],[-83.39531,34.20192],[-83.39529,34.20194],[-83.39526,34.20195],[-83.39524,34.20196],[-83.39521,34.20197],[-83.39518,34.20198],[-83.39516,34.20199],[-83.39513,34.202],[-83.3951,34.20201],[-83.39508,34.20202],[-83.39506,34.20203],[-83.39503,34.20204],[-83.39501,34.20205],[-83.39498,34.20205],[-83.39496,34.20206],[-83.39494,34.20207],[-83.39492,34.20208],[-83.3949,34.20209],[-83.39488,34.2021],[-83.39486,34.2021],[-83.39484,34.20211],[-83.39482,34.20212],[-83.39479,34.20213],[-83.39477,34.20213],[-83.39474,34.20214],[-83.39472,34.20214],[-83.39469,34.20215],[-83.39465,34.20215],[-83.39461,34.20216],[-83.39458,34.20216],[-83.39454,34.20216],[-83.3945,34.20217],[-83.39446,34.20217],[-83.39441,34.20217],[-83.39437,34.20217],[-83.39433,34.20218],[-83.3943,34.20218],[-83.39426,34.20218],[-83.39422,34.20219],[-83.39419,34.20219],[-83.39415,34.2022],[-83.39412,34.20221],[-83.39409,34.20222],[-83.39406,34.20224],[-83.39404,34.20225],[-83.39401,34.20227],[-83.39398,34.20229],[-83.39395,34.20231],[-83.39392,34.20233],[-83.39389,34.20236],[-83.39385,34.20238],[-83.39381,34.20241],[-83.39377,34.20244],[-83.39373,34.20247],[-83.39369,34.2025],[-83.39365,34.20253],[-83.39361,34.20256],[-83.39357,34.20258],[-83.39353,34.20261],[-83.39349,34.20264],[-83.39346,34.20266],[-83.39342,34.20269],[-83.39338,34.20272],[-83.39335,34.20275],[-83.39331,34.20278],[-83.39326,34.20281],[-83.39322,34.20284],[-83.39317,34.20288],[-83.39312,34.20291],[-83.39307,34.20295],[-83.39301,34.20298],[-83.39296,34.20301],[-83.39291,34.20304],[-83.39286,34.20307],[-83.39281,34.20309],[-83.39276,34.20311],[-83.39272,34.20312],[-83.39268,34.20314],[-83.39263,34.20315],[-83.39259,34.20316],[-83.39255,34.20316],[-83.39251,34.20317],[-83.39246,34.20318],[-83.39242,34.20318],[-83.39238,34.20319],[-83.39233,34.2032],[-83.39229,34.20321],[-83.39224,34.20322],[-83.3922,34.20323],[-83.39215,34.20324],[-83.39211,34.20326],[-83.39206,34.20328],[-83.39201,34.20329],[-83.39197,34.20331],[-83.39192,34.20333],[-83.39188,34.20335],[-83.39184,34.20337],[-83.3918,34.20339],[-83.39176,34.2034],[-83.39173,34.20342],[-83.39169,34.20343],[-83.39166,34.20344],[-83.39163,34.20346],[-83.3916,34.20347],[-83.39158,34.20348],[-83.39155,34.20349],[-83.39152,34.20349],[-83.3915,34.2035],[-83.39147,34.20351],[-83.39144,34.20352],[-83.39142,34.20353],[-83.39139,34.20354],[-83.39136,34.20355],[-83.39133,34.20356],[-83.3913,34.20357],[-83.39127,34.20359],[-83.39124,34.20361],[-83.3912,34.20363],[-83.39117,34.20364],[-83.39113,34.20367],[-83.3911,34.20369],[-83.39105,34.20372],[-83.39101,34.20374],[-83.39097,34.20377],[-83.39092,34.2038],[-83.39088,34.20384],[-83.39083,34.20387],[-83.39078,34.2039],[-83.39073,34.20394],[-83.39068,34.20397],[-83.39064,34.20401],[-83.39059,34.20404],[-83.39055,34.20407],[-83.3905,34.20411],[-83.39045,34.20413],[-83.39041,34.20416],[-83.39036,34.20418],[-83.39032,34.2042],[-83.39027,34.20422],[-83.39022,34.20423],[-83.39018,34.20424],[-83.39009,34.20425],[-83.39004,34.20425],[-83.38969,34.20424],[-83.38922,34.20423],[-83.38914,34.20422],[-83.38907,34.20422],[-83.389,34.20423],[-83.38894,34.20423],[-83.38888,34.20423],[-83.38882,34.20423],[-83.38871,34.20422],[-83.38866,34.20423],[-83.38861,34.20423],[-83.38855,34.20424],[-83.3885,34.20425],[-83.38845,34.20426],[-83.38843,34.20427],[-83.3884,34.20428],[-83.38834,34.20429],[-83.38829,34.20431],[-83.38824,34.20433],[-83.38819,34.20434],[-83.38814,34.20436],[-83.38809,34.20438],[-83.38804,34.20441],[-83.38799,34.20443],[-83.38794,34.20445],[-83.38789,34.20448],[-83.38783,34.20451],[-83.38778,34.20453],[-83.38772,34.20456],[-83.38769,34.20457],[-83.38766,34.20459],[-83.3876,34.20461],[-83.38754,34.20464],[-83.38748,34.20466],[-83.38743,34.20469],[-83.38737,34.20471],[-83.38731,34.20472],[-83.38726,34.20473],[-83.38721,34.20474],[-83.38717,34.20474],[-83.38712,34.20474],[-83.38707,34.20474],[-83.38703,34.20474],[-83.38698,34.20474],[-83.38693,34.20474],[-83.38688,34.20474],[-83.38683,34.20474],[-83.38677,34.20474],[-83.38672,34.20475],[-83.38667,34.20475],[-83.38662,34.20475],[-83.38658,34.20476],[-83.38654,34.20476],[-83.3865,34.20476],[-83.38644,34.20476],[-83.38641,34.20476],[-83.38639,34.20475],[-83.38637,34.20475],[-83.38635,34.20474],[-83.38634,34.20473],[-83.38632,34.20472],[-83.38631,34.20471],[-83.38629,34.20469],[-83.38627,34.20467],[-83.38625,34.20465],[-83.38622,34.20463],[-83.38618,34.2046],[-83.38613,34.20458],[-83.38606,34.20455],[-83.38599,34.20453],[-83.38591,34.20451],[-83.38582,34.20448],[-83.38573,34.20447],[-83.38563,34.20445],[-83.38552,34.20444],[-83.38542,34.20444],[-83.38531,34.20445],[-83.38521,34.20446],[-83.3851,34.20447],[-83.385,34.2045],[-83.38489,34.20453],[-83.38479,34.20456],[-83.38469,34.2046],[-83.38459,34.20464],[-83.38449,34.20468],[-83.38439,34.20473],[-83.3843,34.20478],[-83.38421,34.20483],[-83.38412,34.20488],[-83.38404,34.20493],[-83.38388,34.20503],[-83.38374,34.20511],[-83.3836,34.20518],[-83.38347,34.20524],[-83.38334,34.2053],[-83.3832,34.20536],[-83.38313,34.20539],[-83.38306,34.20542],[-83.38299,34.20544],[-83.38293,34.20547],[-83.38287,34.2055],[-83.38282,34.20552],[-83.38277,34.20554],[-83.38273,34.20557],[-83.38269,34.20559],[-83.38265,34.2056],[-83.3826,34.20562],[-83.3825,34.20567],[-83.3824,34.20568],[-83.38223,34.20568],[-83.38214,34.20568],[-83.38204,34.20568],[-83.38194,34.20568],[-83.38184,34.20568],[-83.38158,34.20568],[-83.38116,34.20569],[-83.38106,34.2057],[-83.38095,34.20571],[-83.38085,34.20572],[-83.38074,34.20573],[-83.38063,34.20574],[-83.38043,34.20576],[-83.38033,34.20577],[-83.38016,34.20579],[-83.38,34.2058],[-83.37993,34.2058],[-83.37985,34.20581],[-83.37978,34.20581],[-83.37971,34.20581],[-83.37963,34.20581],[-83.37955,34.20582],[-83.37946,34.20582],[-83.37937,34.20582],[-83.37928,34.20582],[-83.379,34.20582],[-83.3789,34.20582],[-83.37882,34.20582],[-83.37874,34.20581],[-83.37864,34.20581],[-83.37851,34.2058],[-83.3784,34.20579],[-83.37831,34.20578],[-83.37821,34.20578],[-83.37811,34.20577],[-83.37802,34.20576],[-83.37792,34.20575],[-83.37782,34.20574],[-83.37772,34.20573],[-83.37763,34.20572],[-83.37754,34.20571],[-83.37746,34.2057],[-83.37739,34.20569],[-83.37732,34.20568],[-83.37727,34.20566],[-83.37722,34.20565],[-83.37717,34.20563],[-83.37712,34.20562],[-83.37708,34.2056],[-83.37705,34.20559],[-83.37701,34.20558],[-83.37697,34.20557],[-83.37693,34.20555],[-83.37689,34.20554],[-83.37685,34.20554],[-83.37681,34.20553],[-83.37677,34.20553],[-83.37673,34.20552],[-83.3767,34.20552],[-83.37665,34.20552],[-83.37663,34.20552],[-83.37656,34.20553],[-83.37653,34.20553],[-83.3765,34.20554],[-83.37647,34.20554],[-83.37644,34.20555],[-83.37641,34.20555],[-83.37638,34.20555],[-83.37635,34.20555],[-83.37633,34.20555],[-83.37629,34.20555],[-83.37626,34.20555],[-83.37623,34.20555],[-83.3762,34.20555],[-83.37617,34.20554],[-83.37612,34.20554],[-83.37607,34.20553],[-83.37603,34.20553],[-83.37599,34.20552],[-83.37594,34.20551],[-83.37588,34.20551],[-83.37583,34.2055],[-83.37582,34.2055],[-83.37578,34.20549],[-83.37572,34.20549],[-83.37567,34.20548],[-83.37561,34.20548],[-83.37555,34.20548],[-83.3755,34.20547],[-83.37544,34.20547],[-83.37538,34.20547],[-83.37533,34.20547],[-83.37527,34.20548],[-83.37523,34.20548],[-83.37518,34.20549],[-83.37513,34.2055],[-83.37509,34.20551],[-83.37505,34.20552],[-83.37502,34.20554],[-83.37498,34.20555],[-83.37495,34.20557],[-83.37492,34.20559],[-83.37489,34.2056],[-83.37487,34.20562],[-83.37484,34.20564],[-83.37482,34.20566],[-83.3748,34.20568],[-83.37477,34.20571],[-83.37475,34.20573],[-83.37473,34.20575],[-83.37471,34.20577],[-83.37469,34.2058],[-83.37467,34.20582],[-83.37464,34.20584],[-83.37462,34.20586],[-83.3746,34.20588],[-83.37458,34.2059],[-83.37455,34.20592],[-83.37453,34.20593],[-83.37451,34.20595],[-83.37449,34.20596],[-83.37446,34.20597],[-83.37443,34.20597],[-83.37441,34.20598],[-83.37437,34.20598],[-83.37434,34.20598],[-83.37432,34.20598],[-83.37431,34.20598],[-83.37427,34.20597],[-83.37423,34.20597],[-83.37419,34.20596],[-83.37418,34.20596],[-83.37416,34.20596],[-83.37412,34.20595],[-83.37409,34.20595],[-83.37405,34.20595],[-83.37401,34.20594],[-83.37398,34.20594],[-83.37394,34.20595],[-83.3739,34.20595],[-83.37387,34.20595],[-83.37384,34.20596],[-83.3738,34.20597],[-83.37377,34.20598],[-83.37373,34.20599],[-83.3737,34.206],[-83.37367,34.20601],[-83.37363,34.20602],[-83.3736,34.20603],[-83.37356,34.20604],[-83.37353,34.20604],[-83.3735,34.20604],[-83.37346,34.20604],[-83.37344,34.20604],[-83.37339,34.20604],[-83.37336,34.20603],[-83.37333,34.20603],[-83.37329,34.20602],[-83.37325,34.20602],[-83.37322,34.20602],[-83.37319,34.20602],[-83.37316,34.20601],[-83.37312,34.20602],[-83.37309,34.20602],[-83.37306,34.20602],[-83.37304,34.20603],[-83.37301,34.20603],[-83.37298,34.20604],[-83.37295,34.20605],[-83.37292,34.20606],[-83.3729,34.20608],[-83.37287,34.20609],[-83.37285,34.2061],[-83.37283,34.20612],[-83.3728,34.20613],[-83.37278,34.20614],[-83.37277,34.20615],[-83.37275,34.20617],[-83.37273,34.20618],[-83.37272,34.20619],[-83.37271,34.2062],[-83.3727,34.20622],[-83.37269,34.20623],[-83.37269,34.20624],[-83.37269,34.20625],[-83.37269,34.20627],[-83.37269,34.20628],[-83.3727,34.2063],[-83.3727,34.20631],[-83.37271,34.20632],[-83.37272,34.20634],[-83.37274,34.20635],[-83.37277,34.20637],[-83.37279,34.20639],[-83.3728,34.2064],[-83.37282,34.20641],[-83.37284,34.20643],[-83.37285,34.20644],[-83.37286,34.20645],[-83.37286,34.20647],[-83.37287,34.20648],[-83.37287,34.2065],[-83.37287,34.20651],[-83.37287,34.20653],[-83.37286,34.20655],[-83.37285,34.20656],[-83.37284,34.20658],[-83.37283,34.20659],[-83.3728,34.20662],[-83.37277,34.20664],[-83.37275,34.20666],[-83.37274,34.20667],[-83.37273,34.20668],[-83.37273,34.20669],[-83.37272,34.2067],[-83.37272,34.20671],[-83.37272,34.20673],[-83.37272,34.20674],[-83.37272,34.20675],[-83.37272,34.20676],[-83.37272,34.20679],[-83.37272,34.20683],[-83.37272,34.20684],[-83.37272,34.20686],[-83.37272,34.20688],[-83.37271,34.2069],[-83.37271,34.20692],[-83.3727,34.20693],[-83.37269,34.20695],[-83.37268,34.20697],[-83.37266,34.20698],[-83.37265,34.207],[-83.37262,34.20703],[-83.37259,34.20704],[-83.37256,34.20706],[-83.37253,34.20707],[-83.3725,34.20708],[-83.37246,34.20709],[-83.37243,34.2071],[-83.37239,34.20711],[-83.37236,34.20713],[-83.37234,34.20714],[-83.37231,34.20716],[-83.3723,34.20717],[-83.37229,34.20719],[-83.37228,34.2072],[-83.37228,34.20721],[-83.37228,34.20722],[-83.37228,34.20723],[-83.37228,34.20724],[-83.37228,34.20725],[-83.37229,34.20728],[-83.3723,34.20731],[-83.37231,34.20734],[-83.37232,34.20738],[-83.37233,34.2074],[-83.37233,34.20742],[-83.37233,34.20744],[-83.37233,34.20746],[-83.37233,34.20748],[-83.37233,34.2075],[-83.37233,34.20752],[-83.37233,34.20754],[-83.37233,34.20757],[-83.37232,34.20759],[-83.37232,34.20761],[-83.37231,34.20763],[-83.3723,34.20765],[-83.37229,34.20767],[-83.37227,34.20769],[-83.37226,34.20771],[-83.37222,34.20775],[-83.3722,34.20777],[-83.37217,34.20779],[-83.37214,34.20782],[-83.37212,34.20784],[-83.37209,34.20785],[-83.37206,34.20787],[-83.37203,34.20789],[-83.372,34.2079],[-83.37197,34.20791],[-83.37195,34.20791],[-83.37192,34.20792],[-83.37189,34.20792],[-83.37184,34.20793],[-83.37179,34.20793],[-83.37173,34.20794],[-83.37167,34.20795],[-83.37161,34.20797],[-83.37159,34.20797],[-83.37156,34.20798],[-83.37153,34.20799],[-83.37151,34.20801],[-83.37149,34.20802],[-83.37147,34.20803],[-83.37145,34.20804],[-83.37143,34.20806],[-83.37141,34.20807],[-83.3714,34.20808],[-83.37138,34.2081],[-83.37137,34.20811],[-83.37136,34.20812],[-83.37133,34.20815],[-83.3713,34.20818],[-83.37127,34.20822],[-83.37123,34.20826],[-83.37121,34.20828],[-83.37119,34.20829],[-83.37117,34.20831],[-83.37114,34.20833],[-83.37112,34.20835],[-83.37109,34.20836],[-83.37106,34.20838],[-83.371,34.20841],[-83.37094,34.20843],[-83.37091,34.20844],[-83.37089,34.20846],[-83.37086,34.20847],[-83.37084,34.20849],[-83.37083,34.2085],[-83.37081,34.20851],[-83.37078,34.20854],[-83.37076,34.20857],[-83.37074,34.20859],[-83.37073,34.2086],[-83.37072,34.20861],[-83.37071,34.20861],[-83.3707,34.20862],[-83.37069,34.20863],[-83.37068,34.20863],[-83.37067,34.20864],[-83.37064,34.20865],[-83.37062,34.20865],[-83.37059,34.20866],[-83.37056,34.20867],[-83.37053,34.20869],[-83.37052,34.20869],[-83.3705,34.2087],[-83.37049,34.20871],[-83.37048,34.20872],[-83.37047,34.20874],[-83.37046,34.20875],[-83.37045,34.20877],[-83.37045,34.20878],[-83.37045,34.2088],[-83.37044,34.20882],[-83.37044,34.20884],[-83.37044,34.20885],[-83.37044,34.20889],[-83.37044,34.20893],[-83.37045,34.20897],[-83.37045,34.209],[-83.37045,34.20902],[-83.37044,34.20903],[-83.37044,34.20904],[-83.37044,34.20905],[-83.37043,34.20906],[-83.37042,34.20907],[-83.37041,34.20908],[-83.3704,34.20909],[-83.37038,34.20909],[-83.37036,34.2091],[-83.37034,34.2091],[-83.37031,34.2091],[-83.37029,34.2091],[-83.37026,34.2091],[-83.37024,34.2091],[-83.37023,34.2091],[-83.3702,34.2091],[-83.37018,34.20909],[-83.37016,34.20908],[-83.37013,34.20908],[-83.37011,34.20907],[-83.37009,34.20906],[-83.37006,34.20906],[-83.37004,34.20905],[-83.37001,34.20905],[-83.36999,34.20905],[-83.36997,34.20904],[-83.36994,34.20904],[-83.36993,34.20904],[-83.36991,34.20904],[-83.36988,34.20903],[-83.36986,34.20903],[-83.36984,34.20903],[-83.36981,34.20903],[-83.36979,34.20903],[-83.36977,34.20904],[-83.36975,34.20904],[-83.36973,34.20905],[-83.36971,34.20905],[-83.36969,34.20906],[-83.36968,34.20907],[-83.36966,34.20909],[-83.36964,34.2091],[-83.36962,34.20912],[-83.36961,34.20913],[-83.36959,34.20915],[-83.36958,34.20916],[-83.36956,34.20918],[-83.36954,34.20919],[-83.36952,34.2092],[-83.36951,34.20921],[-83.36949,34.20921],[-83.36947,34.2092],[-83.36945,34.2092],[-83.36943,34.20919],[-83.36941,34.20918],[-83.36939,34.20916],[-83.36937,34.20915],[-83.36935,34.20914],[-83.36934,34.20913],[-83.36932,34.20912],[-83.36931,34.20911],[-83.36929,34.2091],[-83.36928,34.20909],[-83.36926,34.20908],[-83.36925,34.20908],[-83.36923,34.20907],[-83.36921,34.20906],[-83.36919,34.20906],[-83.36917,34.20906],[-83.36915,34.20905],[-83.36913,34.20905],[-83.36911,34.20905],[-83.36908,34.20905],[-83.36906,34.20905],[-83.36903,34.20906],[-83.36901,34.20906],[-83.36897,34.20907],[-83.36894,34.20908],[-83.36892,34.20909],[-83.36889,34.20909],[-83.36887,34.2091],[-83.36884,34.2091],[-83.36881,34.2091],[-83.36879,34.20911],[-83.36873,34.20911],[-83.36867,34.20911],[-83.36861,34.20911],[-83.36854,34.20912],[-83.36847,34.20912],[-83.36841,34.20912],[-83.36834,34.20913],[-83.36828,34.20914],[-83.36821,34.20914],[-83.36819,34.20914],[-83.36815,34.20915],[-83.36812,34.20915],[-83.36809,34.20915],[-83.36806,34.20915],[-83.36803,34.20914],[-83.36797,34.20914],[-83.36791,34.20914],[-83.36788,34.20915],[-83.36786,34.20915],[-83.36784,34.20915],[-83.36782,34.20916],[-83.36781,34.20916],[-83.3678,34.20917],[-83.36779,34.20918],[-83.36778,34.20919],[-83.36778,34.20921],[-83.36778,34.20922],[-83.36778,34.20923],[-83.36778,34.20925],[-83.36779,34.20926],[-83.36779,34.20928],[-83.36781,34.20931],[-83.36783,34.20935],[-83.36785,34.20938],[-83.36786,34.20941],[-83.36787,34.20943],[-83.36787,34.20944],[-83.36787,34.20946],[-83.36786,34.20947],[-83.36786,34.20948],[-83.36785,34.20949],[-83.36783,34.20949],[-83.36782,34.2095],[-83.36779,34.20951],[-83.36777,34.20952],[-83.36775,34.20952],[-83.36773,34.20952],[-83.36772,34.20952],[-83.3677,34.20953],[-83.36766,34.20953],[-83.36762,34.20953],[-83.36758,34.20953],[-83.36756,34.20953],[-83.36755,34.20953],[-83.36753,34.20954],[-83.36751,34.20954],[-83.36749,34.20954],[-83.36747,34.20955],[-83.36746,34.20956],[-83.36744,34.20957],[-83.36743,34.20958],[-83.36742,34.2096],[-83.36739,34.20962],[-83.36737,34.20964],[-83.36736,34.20965],[-83.36735,34.20966],[-83.36734,34.20967],[-83.36731,34.20968],[-83.36729,34.20969],[-83.36727,34.20969],[-83.36725,34.2097],[-83.36721,34.20971],[-83.36719,34.20972],[-83.36716,34.20973],[-83.36714,34.20973],[-83.36711,34.20973],[-83.36709,34.20973],[-83.36706,34.20973],[-83.36702,34.20972],[-83.367,34.20972],[-83.36698,34.20972],[-83.36694,34.20971],[-83.36691,34.20971],[-83.3669,34.20971],[-83.36688,34.20971],[-83.36686,34.20972],[-83.36685,34.20973],[-83.36684,34.20973],[-83.36683,34.20975],[-83.36682,34.20976],[-83.36682,34.20978],[-83.3668,34.20982],[-83.3668,34.20984],[-83.36679,34.20986],[-83.36678,34.20992],[-83.36678,34.20996],[-83.36677,34.20998],[-83.36677,34.21],[-83.36676,34.21003],[-83.36675,34.21006],[-83.36674,34.21008],[-83.36673,34.21011],[-83.36672,34.21014],[-83.36671,34.21017],[-83.36669,34.21021],[-83.36667,34.21025],[-83.36665,34.21029],[-83.36663,34.21033],[-83.3666,34.21038],[-83.36658,34.21042],[-83.36655,34.21047],[-83.36651,34.21051],[-83.36648,34.21055],[-83.36644,34.21059],[-83.3664,34.21063],[-83.36636,34.21066],[-83.36632,34.21069],[-83.36628,34.21071],[-83.36624,34.21073],[-83.36619,34.21075],[-83.36615,34.21077],[-83.3661,34.21079],[-83.36605,34.21081],[-83.36601,34.21083],[-83.36596,34.21085],[-83.36591,34.21087],[-83.36586,34.21089],[-83.36581,34.21092],[-83.36576,34.21094],[-83.36571,34.21096],[-83.36566,34.21099],[-83.36561,34.21102],[-83.36556,34.21104],[-83.36551,34.21107],[-83.36546,34.2111],[-83.36541,34.21113],[-83.36536,34.21116],[-83.36531,34.21119],[-83.36526,34.21121],[-83.36521,34.21124],[-83.36516,34.21127],[-83.36511,34.21129],[-83.36506,34.21132],[-83.36502,34.21135],[-83.36498,34.21137],[-83.36494,34.21141],[-83.36491,34.21144],[-83.36488,34.21147],[-83.36485,34.2115],[-83.36482,34.21154],[-83.3648,34.21157],[-83.36478,34.21161],[-83.36475,34.21165],[-83.36473,34.2117],[-83.3647,34.21178],[-83.36468,34.21183],[-83.36466,34.21187],[-83.36464,34.21191],[-83.36461,34.21196],[-83.36459,34.212],[-83.36457,34.21203],[-83.36454,34.21207],[-83.36451,34.2121],[-83.36448,34.21213],[-83.36446,34.21216],[-83.36443,34.21219],[-83.3644,34.21222],[-83.36438,34.21224],[-83.36435,34.21227],[-83.36434,34.21228],[-83.36431,34.21242],[-83.36441,34.21304],[-83.36435,34.2132],[-83.36435,34.21322],[-83.36433,34.21324],[-83.36434,34.21326],[-83.36433,34.21331],[-83.36432,34.21337],[-83.36432,34.21342],[-83.36432,34.21348],[-83.36432,34.21353],[-83.36432,34.21359],[-83.36432,34.21364],[-83.36432,34.21369],[-83.36431,34.21373],[-83.36431,34.21377],[-83.3643,34.21381],[-83.36428,34.21384],[-83.36427,34.21387],[-83.36426,34.21389],[-83.36424,34.21392],[-83.36422,34.21395],[-83.36421,34.21397],[-83.36419,34.214],[-83.36417,34.21403],[-83.36416,34.21407],[-83.36414,34.2141],[-83.36413,34.21415],[-83.36411,34.21419],[-83.3641,34.21424],[-83.36409,34.2143],[-83.36407,34.21436],[-83.36406,34.21442],[-83.36404,34.21449],[-83.36403,34.21456],[-83.36401,34.21463],[-83.36399,34.2147],[-83.36397,34.21477],[-83.36394,34.21483],[-83.36391,34.21489],[-83.36388,34.21495],[-83.36384,34.215],[-83.3638,34.21506],[-83.36377,34.21511],[-83.36373,34.21516],[-83.3637,34.21521],[-83.36367,34.21526],[-83.36365,34.21532],[-83.36363,34.21537],[-83.36361,34.21543],[-83.3636,34.21548],[-83.36359,34.21554],[-83.36358,34.21559],[-83.36357,34.21564],[-83.36356,34.21569],[-83.36355,34.21574],[-83.36354,34.21579],[-83.36353,34.21583],[-83.36352,34.21588],[-83.36351,34.21592],[-83.36349,34.21596],[-83.36347,34.216],[-83.36345,34.21605],[-83.36343,34.21609],[-83.3634,34.21613],[-83.36337,34.21618],[-83.36334,34.21622],[-83.3633,34.21626],[-83.36327,34.2163],[-83.36323,34.21633],[-83.36319,34.21637],[-83.36315,34.21639],[-83.36312,34.21642],[-83.36308,34.21644],[-83.36304,34.21646],[-83.363,34.21648],[-83.36296,34.2165],[-83.36292,34.21651],[-83.36288,34.21653],[-83.36284,34.21654],[-83.3628,34.21656],[-83.36275,34.21657],[-83.36271,34.21659],[-83.36266,34.21661],[-83.36261,34.21662],[-83.36256,34.21664],[-83.36251,34.21666],[-83.36246,34.21669],[-83.3624,34.21671],[-83.36235,34.21673],[-83.36229,34.21676],[-83.36224,34.21679],[-83.36218,34.21681],[-83.36213,34.21684],[-83.36208,34.21687],[-83.36203,34.2169],[-83.36197,34.21693],[-83.36192,34.21696],[-83.36187,34.21698],[-83.36182,34.21701],[-83.36177,34.21704],[-83.36171,34.21706],[-83.36166,34.21708],[-83.36159,34.2171],[-83.36153,34.21712],[-83.36146,34.21714],[-83.36139,34.21715],[-83.36133,34.21717],[-83.36126,34.21717],[-83.36119,34.21718],[-83.36112,34.21718],[-83.36106,34.21718],[-83.361,34.21717],[-83.36094,34.21717],[-83.36088,34.21716],[-83.36082,34.21715],[-83.36077,34.21714],[-83.36071,34.21713],[-83.36066,34.21712],[-83.3606,34.21711],[-83.36055,34.21711],[-83.36049,34.2171],[-83.36044,34.2171],[-83.36039,34.2171],[-83.36034,34.21711],[-83.36029,34.21711],[-83.36024,34.21712],[-83.36019,34.21712],[-83.36013,34.21713],[-83.36008,34.21715],[-83.36003,34.21716],[-83.35997,34.21718],[-83.35991,34.2172],[-83.35985,34.21723],[-83.35977,34.21727],[-83.3597,34.2173],[-83.35961,34.21735],[-83.35952,34.2174],[-83.3594,34.21746],[-83.35926,34.21753],[-83.3591,34.21762],[-83.3589,34.21771],[-83.35867,34.21782],[-83.35859,34.21815],[-83.35857,34.21882],[-83.35855,34.21971],[-83.35859,34.2203],[-83.35862,34.2205],[-83.35884,34.22192],[-83.35883,34.22224],[-83.35882,34.22244],[-83.35877,34.22275],[-83.35864,34.22301],[-83.35848,34.22312],[-83.35835,34.22321],[-83.35825,34.22326],[-83.35818,34.2233],[-83.35812,34.22333],[-83.35807,34.22334],[-83.35803,34.22335],[-83.35799,34.22335],[-83.35794,34.22335],[-83.3579,34.22335],[-83.35785,34.22335],[-83.35781,34.22335],[-83.35776,34.22335],[-83.35772,34.22335],[-83.35767,34.22334],[-83.35763,34.22334],[-83.35758,34.22334],[-83.35754,34.22333],[-83.35749,34.22333],[-83.35745,34.22333],[-83.35741,34.22333],[-83.35736,34.22333],[-83.35732,34.22334],[-83.35727,34.22334],[-83.35723,34.22335],[-83.35718,34.22336],[-83.35714,34.22337],[-83.35709,34.22339],[-83.35705,34.2234],[-83.35701,34.22342],[-83.35696,34.22343],[-83.35692,34.22345],[-83.35688,34.22347],[-83.35685,34.22349],[-83.35681,34.2235],[-83.35677,34.22352],[-83.35674,34.22354],[-83.3567,34.22355],[-83.35667,34.22357],[-83.35663,34.22358],[-83.3566,34.22359],[-83.35656,34.2236],[-83.35653,34.22361],[-83.35649,34.22362],[-83.35645,34.22362],[-83.35642,34.22363],[-83.35638,34.22363],[-83.35633,34.22363],[-83.35629,34.22363],[-83.35624,34.22364],[-83.3562,34.22363],[-83.35615,34.22363],[-83.35611,34.22363],[-83.35606,34.22363],[-83.35602,34.22363],[-83.35597,34.22363],[-83.35593,34.22363],[-83.35588,34.22363],[-83.35584,34.22363],[-83.3558,34.22364],[-83.35576,34.22364],[-83.35572,34.22364],[-83.35568,34.22365],[-83.35565,34.22365],[-83.35561,34.22366],[-83.35557,34.22366],[-83.35553,34.22367],[-83.3555,34.22367],[-83.35546,34.22368],[-83.35543,34.22369],[-83.3554,34.2237],[-83.35536,34.22371],[-83.35533,34.22372],[-83.3553,34.22373],[-83.35527,34.22374],[-83.35524,34.22385],[-83.35517,34.22407],[-83.35489,34.22502],[-83.35406,34.22792],[-83.35266,34.2308],[-83.3526,34.23092],[-83.35241,34.23129],[-83.35193,34.23219],[-83.35189,34.23232],[-83.3519,34.2324],[-83.35188,34.2326],[-83.35186,34.23268],[-83.3518,34.23284],[-83.35173,34.23302],[-83.35163,34.23319],[-83.35146,34.2334],[-83.35118,34.23384],[-83.35102,34.23418],[-83.35089,34.2344],[-83.35083,34.23453],[-83.35066,34.23479],[-83.3506,34.23486],[-83.35058,34.23489],[-83.35055,34.23493],[-83.35052,34.23496],[-83.35049,34.235],[-83.35045,34.23504],[-83.35042,34.23507],[-83.35038,34.23511],[-83.35034,34.23514],[-83.3503,34.23518],[-83.35028,34.2352],[-83.3502,34.23526],[-83.35015,34.2353],[-83.3501,34.23534],[-83.35004,34.23538],[-83.34998,34.23543],[-83.34987,34.23552],[-83.34976,34.2356],[-83.34967,34.23568],[-83.34959,34.23575],[-83.34956,34.23578],[-83.34953,34.23582],[-83.34951,34.23585],[-83.34948,34.23588],[-83.34946,34.23591],[-83.34941,34.23597],[-83.34938,34.23603],[-83.34934,34.23608],[-83.34931,34.23612],[-83.34927,34.23617],[-83.34924,34.2362],[-83.3492,34.23623],[-83.34916,34.23627],[-83.34912,34.23629],[-83.34909,34.23632],[-83.34894,34.23646],[-83.3489,34.23651],[-83.34888,34.23653],[-83.3488,34.2366],[-83.34868,34.23671],[-83.34857,34.23681],[-83.34852,34.23685],[-83.34839,34.23698],[-83.34834,34.23703],[-83.34828,34.23709],[-83.34823,34.23713],[-83.3481,34.23723],[-83.34746,34.23772],[-83.34727,34.23789],[-83.34697,34.23811],[-83.34673,34.23822],[-83.34632,34.23832],[-83.34594,34.23835],[-83.34555,34.23837],[-83.34515,34.2383],[-83.34499,34.23827],[-83.34469,34.23824],[-83.34443,34.23826],[-83.3442,34.23839],[-83.34394,34.23853],[-83.34319,34.23906],[-83.34317,34.23909],[-83.34305,34.23945],[-83.34304,34.23959],[-83.34312,34.24016],[-83.34326,34.24095],[-83.34331,34.24122],[-83.34368,34.24337],[-83.34376,34.24398],[-83.34408,34.24553],[-83.34406,34.24564],[-83.34404,34.24569],[-83.34399,34.24588],[-83.34374,34.24617],[-83.34331,34.24655],[-83.34324,34.24662],[-83.34303,34.24682],[-83.34273,34.2471],[-83.34208,34.24776],[-83.34165,34.24817],[-83.34134,34.2485],[-83.34125,34.24858],[-83.3411,34.24875],[-83.34102,34.24886],[-83.34096,34.24896],[-83.34093,34.24905],[-83.34091,34.24917],[-83.34091,34.24934],[-83.34094,34.24964],[-83.34104,34.25009],[-83.34106,34.25021],[-83.34114,34.25066],[-83.3412,34.25101],[-83.34124,34.25137],[-83.34125,34.2516],[-83.34125,34.25173],[-83.34125,34.25191],[-83.34126,34.25201],[-83.34105,34.2523],[-83.34102,34.25233],[-83.34086,34.25251],[-83.34079,34.25255],[-83.34041,34.25316],[-83.34035,34.25328],[-83.34002,34.25402],[-83.33989,34.25433],[-83.33943,34.25539],[-83.33921,34.25597],[-83.3391,34.25651],[-83.33905,34.25686],[-83.339,34.25712],[-83.33899,34.25717],[-83.33897,34.25728],[-83.33896,34.25733],[-83.33886,34.25759],[-83.33828,34.25899],[-83.33812,34.25943],[-83.33802,34.26004],[-83.33799,34.26022],[-83.33798,34.26031],[-83.33795,34.26048],[-83.33794,34.26057],[-83.33793,34.26065],[-83.33792,34.2608],[-83.33791,34.26087],[-83.33791,34.26093],[-83.3379,34.26104],[-83.3379,34.26111],[-83.3379,34.26122],[-83.3379,34.26128],[-83.33791,34.2614],[-83.33792,34.26148],[-83.33794,34.26155],[-83.33796,34.26163],[-83.33798,34.26171],[-83.33801,34.26179],[-83.33804,34.26187],[-83.33808,34.26196],[-83.33813,34.26205],[-83.33818,34.26214],[-83.33824,34.26224],[-83.33832,34.26237],[-83.33842,34.26251],[-83.33864,34.26283],[-83.33897,34.26331],[-83.33898,34.26333],[-83.33901,34.26338],[-83.33903,34.26341],[-83.33909,34.2635],[-83.33933,34.26387],[-83.33935,34.26389],[-83.33939,34.26395],[-83.33962,34.26431],[-83.33965,34.26435],[-83.34655,34.27191],[-83.34774,34.27322],[-83.34889,34.27448],[-83.3497,34.27539],[-83.34972,34.27541],[-83.34979,34.27548],[-83.34981,34.27549],[-83.35054,34.27629],[-83.35278,34.27867],[-83.3538,34.27975],[-83.35462,34.28062],[-83.3582,34.28443],[-83.36112,34.28755],[-83.36229,34.28878],[-83.36457,34.29121],[-83.36548,34.29235],[-83.3657,34.29263],[-83.36586,34.29283],[-83.36596,34.29295],[-83.36688,34.2941],[-83.36953,34.29742],[-83.37016,34.29812],[-83.37289,34.30119],[-83.37297,34.30128],[-83.37352,34.30187],[-83.37471,34.3032],[-83.37494,34.30348],[-83.37653,34.30535],[-83.37694,34.30578],[-83.37706,34.30592],[-83.3771,34.30596],[-83.37725,34.30613],[-83.37748,34.30638],[-83.3775,34.30641],[-83.37819,34.30716],[-83.37887,34.30791],[-83.37901,34.30806],[-83.37915,34.30822],[-83.37923,34.30831],[-83.38023,34.30943],[-83.38166,34.31102],[-83.38179,34.31116],[-83.38183,34.3112],[-83.38186,34.31124],[-83.38545,34.31525],[-83.38699,34.31697],[-83.39392,34.3248],[-83.39369,34.32634],[-83.39343,34.32836],[-83.39336,34.32896],[-83.39317,34.33019],[-83.39314,34.33044],[-83.39296,34.33165],[-83.39266,34.33372],[-83.39266,34.33376],[-83.39265,34.33381],[-83.39263,34.33392],[-83.39255,34.33446],[-83.39247,34.335],[-83.39234,34.33594],[-83.3921,34.33764],[-83.39194,34.3388],[-83.39183,34.3396],[-83.39177,34.34006],[-83.39162,34.34112],[-83.39138,34.34291],[-83.39128,34.34364],[-83.39121,34.34412],[-83.39119,34.34434],[-83.39115,34.34456],[-83.39107,34.34518],[-83.39097,34.34588],[-83.38998,34.35325],[-83.38974,34.355],[-83.38933,34.35798],[-83.38891,34.36095],[-83.38887,34.36126],[-83.38882,34.3616],[-83.38756,34.3707],[-83.3871,34.37573],[-83.3871,34.37603],[-83.38711,34.3776],[-83.38712,34.37948],[-83.38585,34.38389],[-83.38577,34.38415],[-83.38563,34.38504],[-83.38559,34.3853],[-83.38544,34.38622],[-83.38522,34.38762],[-83.3851,34.38839],[-83.38504,34.3885],[-83.38429,34.38953],[-83.38421,34.38972],[-83.38416,34.39008],[-83.38415,34.39044],[-83.38411,34.39069],[-83.38402,34.39106],[-83.38402,34.39124],[-83.38385,34.39182],[-83.38283,34.3955],[-83.38254,34.39653],[-83.38001,34.40395],[-83.37981,34.40852],[-83.37971,34.41069],[-83.38084,34.41736],[-83.3815,34.42007]]]}},{"type":"Feature","properties":{"GEOID":"13157","BASENAME":"Jackson"},"geometry":{"type":"Polygon","coordinates":[[[-83.42203,34.01689],[-83.42199,34.0169],[-83.42198,34.01691],[-83.42196,34.01692],[-83.42174,34.01703],[-83.42159,34.01707],[-83.42139,34.01714],[-83.42136,34.01715],[-83.42106,34.01728],[-83.42093,34.01731],[-83.42079,34.01734],[-83.42059,34.01739],[-83.42044,34.01744],[-83.4157,34.01905],[-83.41282,34.02015],[-83.40325,34.0238],[-83.40055,34.02476],[-83.40008,34.02493],[-83.39919,34.02526],[-83.39916,34.02528],[-83.39896,34.02535],[-83.39889,34.02538],[-83.39626,34.02636],[-83.39314,34.02755],[-83.38818,34.02942],[-83.38751,34.02967],[-83.3859,34.03029],[-83.38396,34.03102],[-83.38405,34.03119],[-83.38851,34.03246],[-83.38936,34.03269],[-83.39296,34.03372],[-83.39266,34.03385],[-83.38976,34.03508],[-83.38993,34.03538],[-83.39036,34.03613],[-83.38993,34.0363],[-83.386,34.03789],[-83.38442,34.03853],[-83.38288,34.0355],[-83.38189,34.03611],[-83.38019,34.03716],[-83.37984,34.03738],[-83.37966,34.03704],[-83.3777,34.03338],[-83.37261,34.0353],[-83.36848,34.03687],[-83.36835,34.03691],[-83.36829,34.03694],[-83.36764,34.03719],[-83.36432,34.03844],[-83.36357,34.03872],[-83.36314,34.03889],[-83.36173,34.03942],[-83.36161,34.03947],[-83.3595,34.04029],[-83.36003,34.04057],[-83.36757,34.04327],[-83.37488,34.04578],[-83.37813,34.04693],[-83.37845,34.04705],[-83.37875,34.04715],[-83.38183,34.04824],[-83.38594,34.04977],[-83.3864,34.04994],[-83.38691,34.05013],[-83.38691,34.05015],[-83.38691,34.05019],[-83.38676,34.05024],[-83.38628,34.05047],[-83.38611,34.05057],[-83.3861,34.05058],[-83.38586,34.05072],[-83.38575,34.05079],[-83.38564,34.05093],[-83.38558,34.05101],[-83.38561,34.05133],[-83.38562,34.0518],[-83.38566,34.05204],[-83.3857,34.05229],[-83.3857,34.05286],[-83.38542,34.05356],[-83.3856,34.05356],[-83.38535,34.05454],[-83.38532,34.05455],[-83.38529,34.05456],[-83.38428,34.055],[-83.38328,34.05543],[-83.38327,34.05545],[-83.38327,34.05548],[-83.38326,34.05727],[-83.38322,34.05774],[-83.38322,34.05782],[-83.3832,34.05797],[-83.38312,34.05845],[-83.38285,34.0589],[-83.38244,34.05928],[-83.3824,34.05933],[-83.38238,34.05934],[-83.38247,34.05949],[-83.38248,34.05951],[-83.38261,34.05972],[-83.38262,34.05973],[-83.3827,34.05988],[-83.38272,34.05988],[-83.38299,34.06036],[-83.38306,34.06112],[-83.38279,34.06133],[-83.38232,34.06142],[-83.38206,34.06144],[-83.38202,34.06145],[-83.38181,34.06157],[-83.38179,34.06158],[-83.3815,34.06185],[-83.38127,34.06246],[-83.38129,34.0626],[-83.38133,34.06286],[-83.38141,34.06343],[-83.38152,34.06384],[-83.38216,34.06623],[-83.3822,34.06668],[-83.3823,34.06687],[-83.38207,34.06703],[-83.38208,34.06717],[-83.38196,34.06724],[-83.38191,34.06727],[-83.38185,34.0673],[-83.38169,34.06739],[-83.38159,34.0674],[-83.38151,34.06741],[-83.38122,34.06742],[-83.38083,34.06744],[-83.38028,34.06727],[-83.37906,34.0669],[-83.37904,34.0669],[-83.37872,34.0671],[-83.37827,34.06738],[-83.37799,34.06755],[-83.37776,34.06765],[-83.37736,34.0677],[-83.37712,34.06775],[-83.3771,34.06805],[-83.37681,34.06824],[-83.37679,34.06835],[-83.3768,34.0685],[-83.3768,34.06868],[-83.3768,34.06882],[-83.37681,34.0689],[-83.37693,34.06912],[-83.37692,34.06917],[-83.37688,34.06925],[-83.37686,34.06931],[-83.37683,34.06936],[-83.37663,34.06964],[-83.37655,34.06981],[-83.37654,34.06993],[-83.37658,34.07016],[-83.37651,34.07036],[-83.37613,34.07065],[-83.3759,34.07083],[-83.37492,34.07126],[-83.37497,34.07198],[-83.37506,34.07285],[-83.37521,34.07334],[-83.37539,34.07394],[-83.3757,34.07425],[-83.37615,34.07471],[-83.37697,34.07511],[-83.37752,34.07553],[-83.37771,34.07589],[-83.37776,34.076],[-83.37823,34.07614],[-83.3787,34.07628],[-83.37895,34.07637],[-83.37921,34.07688],[-83.37942,34.07729],[-83.37947,34.0774],[-83.37978,34.07756],[-83.3801,34.07773],[-83.38094,34.07794],[-83.38113,34.07805],[-83.38125,34.07846],[-83.38135,34.07853],[-83.38136,34.07854],[-83.38128,34.0786],[-83.38045,34.07915],[-83.38028,34.07926],[-83.38018,34.07931],[-83.37974,34.07952],[-83.37968,34.07954],[-83.37912,34.0798],[-83.37811,34.08054],[-83.37666,34.0805],[-83.37633,34.08049],[-83.37625,34.08058],[-83.37622,34.08061],[-83.37632,34.08068],[-83.3761,34.0808],[-83.37592,34.0809],[-83.37556,34.08149],[-83.37529,34.0816],[-83.37484,34.08186],[-83.3746,34.08199],[-83.37453,34.08203],[-83.3743,34.08215],[-83.37427,34.08217],[-83.37424,34.08221],[-83.3742,34.08227],[-83.37413,34.08237],[-83.37413,34.08292],[-83.37398,34.0832],[-83.37393,34.08391],[-83.3738,34.08444],[-83.37395,34.08521],[-83.3739,34.08592],[-83.3742,34.0866],[-83.37416,34.0871],[-83.37423,34.08832],[-83.37393,34.0891],[-83.37403,34.08979],[-83.37402,34.09014],[-83.37386,34.0905],[-83.37379,34.09057],[-83.37372,34.09066],[-83.37359,34.09081],[-83.37355,34.09086],[-83.3732,34.09108],[-83.37313,34.09113],[-83.37295,34.09125],[-83.3717,34.09205],[-83.37146,34.09224],[-83.3714,34.09234],[-83.37127,34.09256],[-83.37121,34.09262],[-83.37119,34.09271],[-83.37099,34.09309],[-83.37074,34.0933],[-83.37051,34.09348],[-83.36997,34.09532],[-83.37001,34.09558],[-83.37029,34.09589],[-83.37036,34.09606],[-83.37036,34.0964],[-83.3703,34.09665],[-83.37004,34.09687],[-83.36996,34.09691],[-83.36978,34.09701],[-83.36941,34.09707],[-83.36907,34.09721],[-83.369,34.09728],[-83.36884,34.09743],[-83.36864,34.09789],[-83.36868,34.09803],[-83.36877,34.09837],[-83.36877,34.09848],[-83.36871,34.09858],[-83.3686,34.09869],[-83.36842,34.09876],[-83.36792,34.09872],[-83.36779,34.09877],[-83.36778,34.09879],[-83.36772,34.09886],[-83.36768,34.09891],[-83.36768,34.0992],[-83.36783,34.09959],[-83.36783,34.09961],[-83.36795,34.09991],[-83.368,34.10005],[-83.36805,34.10025],[-83.36813,34.10058],[-83.36814,34.10064],[-83.36813,34.10083],[-83.3681,34.10138],[-83.36796,34.10175],[-83.36761,34.10224],[-83.36695,34.1029],[-83.36685,34.1031],[-83.36683,34.10336],[-83.36682,34.10343],[-83.36682,34.10344],[-83.36682,34.10348],[-83.36681,34.1036],[-83.36674,34.10374],[-83.36615,34.10416],[-83.36584,34.10453],[-83.36576,34.10489],[-83.36572,34.10508],[-83.3657,34.10555],[-83.36568,34.10583],[-83.36559,34.10612],[-83.36537,34.10646],[-83.36486,34.10688],[-83.36405,34.10707],[-83.36381,34.10719],[-83.36371,34.10733],[-83.36359,34.10788],[-83.36328,34.10885],[-83.36328,34.10901],[-83.36339,34.10921],[-83.3637,34.10977],[-83.36372,34.1098],[-83.3637,34.10989],[-83.36366,34.11006],[-83.36365,34.1101],[-83.36343,34.11035],[-83.36305,34.1105],[-83.36281,34.11066],[-83.36221,34.1115],[-83.36193,34.11173],[-83.3614,34.11202],[-83.36113,34.11223],[-83.36043,34.11318],[-83.36034,34.11331],[-83.35984,34.11369],[-83.35941,34.11387],[-83.35909,34.114],[-83.35887,34.11425],[-83.3587,34.11478],[-83.35868,34.11482],[-83.35846,34.11515],[-83.35842,34.1152],[-83.35815,34.11541],[-83.35808,34.11544],[-83.35793,34.11551],[-83.35716,34.11611],[-83.35713,34.11613],[-83.35708,34.11617],[-83.35705,34.1162],[-83.35712,34.11922],[-83.35713,34.11966],[-83.35719,34.12252],[-83.35724,34.12408],[-83.35732,34.1252],[-83.35742,34.12793],[-83.35747,34.12949],[-83.35747,34.12955],[-83.35747,34.1296],[-83.35759,34.13286],[-83.35759,34.13288],[-83.35759,34.13291],[-83.35761,34.13349],[-83.35762,34.13393],[-83.35768,34.13569],[-83.35848,34.13877],[-83.35917,34.14139],[-83.35918,34.1414],[-83.35938,34.14219],[-83.36101,34.14836],[-83.36133,34.14962],[-83.36145,34.15623],[-83.36149,34.15739],[-83.36155,34.15835],[-83.36157,34.15841],[-83.36159,34.15846],[-83.36161,34.15852],[-83.36265,34.16123],[-83.36384,34.16406],[-83.36706,34.16557],[-83.37393,34.1688],[-83.37504,34.16933],[-83.37542,34.1695],[-83.37907,34.17114],[-83.37944,34.1713],[-83.38185,34.17555],[-83.3819,34.17565],[-83.38427,34.17983],[-83.38551,34.18201],[-83.38552,34.18204],[-83.38557,34.18215],[-83.3856,34.18224],[-83.39382,34.18524],[-83.39379,34.18545],[-83.39376,34.1857],[-83.39373,34.18595],[-83.39373,34.18598],[-83.39373,34.18606],[-83.39376,34.18612],[-83.39378,34.18615],[-83.39381,34.1862],[-83.39386,34.18625],[-83.39404,34.18644],[-83.39422,34.18664],[-83.39432,34.18678],[-83.39439,34.18693],[-83.39446,34.18708],[-83.39452,34.18722],[-83.39457,34.18736],[-83.39464,34.18763],[-83.39467,34.18776],[-83.39469,34.18784],[-83.3947,34.18788],[-83.39479,34.18812],[-83.3949,34.18836],[-83.39508,34.18862],[-83.39524,34.18883],[-83.39622,34.19014],[-83.39627,34.19021],[-83.39684,34.19098],[-83.39732,34.19166],[-83.39772,34.19225],[-83.39786,34.19246],[-83.39816,34.19286],[-83.39829,34.19303],[-83.39851,34.19333],[-83.39857,34.19344],[-83.3988,34.19381],[-83.39894,34.19407],[-83.39913,34.19447],[-83.39921,34.1946],[-83.39928,34.1947],[-83.39936,34.19479],[-83.39944,34.19487],[-83.39952,34.19494],[-83.40036,34.19553],[-83.40067,34.19577],[-83.40078,34.19586],[-83.40085,34.19592],[-83.40091,34.19599],[-83.40115,34.19628],[-83.40127,34.19645],[-83.40139,34.1966],[-83.40143,34.19665],[-83.40146,34.19671],[-83.4015,34.19685],[-83.40157,34.19687],[-83.40161,34.19688],[-83.40174,34.19696],[-83.40177,34.19698],[-83.4019,34.19706],[-83.402,34.19714],[-83.40206,34.19719],[-83.40223,34.19733],[-83.40243,34.1975],[-83.40267,34.19771],[-83.40324,34.19816],[-83.40344,34.1983],[-83.40373,34.19849],[-83.40421,34.19881],[-83.40472,34.1992],[-83.40486,34.19931],[-83.40506,34.1995],[-83.40516,34.19959],[-83.40522,34.19964],[-83.40537,34.19976],[-83.40574,34.20004],[-83.40573,34.20011],[-83.40576,34.20029],[-83.40581,34.20047],[-83.40595,34.20077],[-83.406,34.20084],[-83.40601,34.20086],[-83.40621,34.20101],[-83.40681,34.20146],[-83.40698,34.20155],[-83.40698,34.20175],[-83.4071,34.20186],[-83.40776,34.2021],[-83.40815,34.20224],[-83.40847,34.20231],[-83.40884,34.20236],[-83.40899,34.20238],[-83.4091,34.20245],[-83.4092,34.20253],[-83.40956,34.20294],[-83.40971,34.20306],[-83.40982,34.20318],[-83.40988,34.20324],[-83.41062,34.20414],[-83.41109,34.20485],[-83.41123,34.20508],[-83.41138,34.20523],[-83.41178,34.20563],[-83.41215,34.20596],[-83.41232,34.20615],[-83.41254,34.20635],[-83.4152,34.20804],[-83.41542,34.20818],[-83.41687,34.20905],[-83.41803,34.20966],[-83.41867,34.21002],[-83.41892,34.21015],[-83.41953,34.21053],[-83.42008,34.21096],[-83.42063,34.21147],[-83.42088,34.21164],[-83.42109,34.21175],[-83.4212,34.21179],[-83.42122,34.2118],[-83.42158,34.21195],[-83.4223,34.21223],[-83.42258,34.21236],[-83.4228,34.21247],[-83.42296,34.21257],[-83.42307,34.2127],[-83.42316,34.21281],[-83.42326,34.21297],[-83.42332,34.21313],[-83.42339,34.21343],[-83.42339,34.21349],[-83.42341,34.21365],[-83.42338,34.21383],[-83.42323,34.21435],[-83.42312,34.21479],[-83.423,34.2153],[-83.42298,34.21543],[-83.42299,34.21552],[-83.42302,34.21569],[-83.42305,34.21585],[-83.42315,34.21607],[-83.42322,34.21619],[-83.42333,34.21634],[-83.42349,34.21652],[-83.42361,34.21663],[-83.42369,34.2167],[-83.4238,34.21679],[-83.4241,34.21701],[-83.4249,34.21758],[-83.42529,34.21786],[-83.4254,34.21793],[-83.42781,34.21966],[-83.43187,34.22257],[-83.43469,34.2246],[-83.43766,34.22673],[-83.439,34.22778],[-83.44129,34.22961],[-83.44242,34.23049],[-83.44317,34.23109],[-83.4445,34.23214],[-83.44837,34.23522],[-83.4485,34.23531],[-83.4488,34.23555],[-83.45091,34.23722],[-83.451,34.2373],[-83.4515,34.23773],[-83.45152,34.23775],[-83.45157,34.23779],[-83.45174,34.23794],[-83.45212,34.23826],[-83.45307,34.23908],[-83.45726,34.24267],[-83.45751,34.24288],[-83.45767,34.24302],[-83.45776,34.2431],[-83.45782,34.24315],[-83.45811,34.24339],[-83.46377,34.24802],[-83.4646,34.24869],[-83.46569,34.24959],[-83.46731,34.25092],[-83.46766,34.25121],[-83.46818,34.25163],[-83.46837,34.25178],[-83.46859,34.25197],[-83.46864,34.25201],[-83.46901,34.25231],[-83.47014,34.25324],[-83.47029,34.25335],[-83.47053,34.25355],[-83.47074,34.25372],[-83.47236,34.25504],[-83.47316,34.2557],[-83.4754,34.25756],[-83.4758,34.25788],[-83.47698,34.25885],[-83.47803,34.25972],[-83.47924,34.26071],[-83.47953,34.26069],[-83.48224,34.25924],[-83.48521,34.25765],[-83.48607,34.25734],[-83.48875,34.25637],[-83.4897,34.25701],[-83.49025,34.25739],[-83.49033,34.25743],[-83.49042,34.25742],[-83.49044,34.25742],[-83.49046,34.25743],[-83.49047,34.25744],[-83.49049,34.25747],[-83.49092,34.2579],[-83.49238,34.25916],[-83.49474,34.26116],[-83.49483,34.26124],[-83.49684,34.26],[-83.49755,34.25955],[-83.49924,34.25847],[-83.49989,34.25804],[-83.50055,34.25761],[-83.50099,34.25738],[-83.50204,34.25674],[-83.50211,34.2567],[-83.5025,34.25646],[-83.50849,34.25646],[-83.50853,34.25646],[-83.51707,34.25646],[-83.51722,34.25646],[-83.51793,34.25647],[-83.51827,34.25647],[-83.51834,34.25647],[-83.51865,34.25648],[-83.51871,34.25648],[-83.52358,34.2565],[-83.52625,34.25647],[-83.52974,34.25644],[-83.52982,34.25644],[-83.53009,34.25644],[-83.53125,34.25643],[-83.53131,34.25643],[-83.53141,34.25643],[-83.53149,34.25643],[-83.53161,34.25643],[-83.53176,34.25644],[-83.53183,34.25642],[-83.53294,34.25629],[-83.53371,34.2562],[-83.53703,34.2558],[-83.53711,34.25579],[-83.53805,34.25568],[-83.53821,34.25566],[-83.53861,34.25561],[-83.53874,34.25559],[-83.53977,34.25547],[-83.54061,34.25537],[-83.54081,34.25535],[-83.54491,34.25482],[-83.54518,34.25478],[-83.54538,34.25476],[-83.54546,34.25475],[-83.54582,34.25472],[-83.54635,34.25466],[-83.54691,34.2546],[-83.54743,34.25454],[-83.54771,34.2545],[-83.54794,34.25447],[-83.54813,34.25445],[-83.54837,34.25442],[-83.54859,34.25439],[-83.54862,34.25439],[-83.54866,34.25438],[-83.55093,34.25409],[-83.55131,34.25404],[-83.55183,34.25397],[-83.5545,34.25362],[-83.55543,34.25351],[-83.55571,34.25349],[-83.55743,34.25326],[-83.55854,34.25311],[-83.55893,34.25306],[-83.56051,34.25284],[-83.56084,34.2528],[-83.56105,34.25277],[-83.56147,34.25272],[-83.56152,34.25271],[-83.56161,34.25284],[-83.56174,34.25298],[-83.56232,34.25365],[-83.56275,34.25422],[-83.56286,34.25437],[-83.56313,34.25473],[-83.56328,34.25488],[-83.56359,34.25518],[-83.56366,34.25524],[-83.56395,34.25547],[-83.56406,34.25556],[-83.56447,34.25584],[-83.56461,34.25591],[-83.56474,34.25598],[-83.56485,34.25603],[-83.56518,34.25617],[-83.56528,34.25622],[-83.5655,34.25633],[-83.56584,34.25644],[-83.5663,34.25658],[-83.56642,34.25661],[-83.56679,34.25672],[-83.56731,34.25686],[-83.56812,34.25709],[-83.56854,34.25719],[-83.56864,34.25722],[-83.56998,34.25759],[-83.57006,34.25762],[-83.57016,34.25764],[-83.57024,34.25766],[-83.57037,34.25769],[-83.57055,34.25776],[-83.57081,34.25783],[-83.57107,34.25789],[-83.57136,34.25796],[-83.57148,34.25799],[-83.57165,34.25804],[-83.57193,34.25812],[-83.57225,34.25822],[-83.5724,34.25828],[-83.57245,34.2583],[-83.57264,34.25837],[-83.57288,34.25847],[-83.57306,34.25856],[-83.57325,34.25866],[-83.57341,34.25875],[-83.57354,34.25885],[-83.57398,34.25918],[-83.57418,34.25933],[-83.575,34.25992],[-83.57533,34.26017],[-83.57684,34.26128],[-83.57831,34.26235],[-83.57979,34.26343],[-83.58002,34.2636],[-83.58161,34.26477],[-83.58238,34.26535],[-83.58282,34.26568],[-83.58323,34.26598],[-83.58346,34.26617],[-83.58369,34.26638],[-83.58388,34.26655],[-83.58403,34.26669],[-83.58419,34.26686],[-83.58438,34.26702],[-83.58459,34.26721],[-83.58481,34.26742],[-83.58499,34.26761],[-83.58521,34.26784],[-83.58526,34.26788],[-83.5854,34.26802],[-83.5855,34.26812],[-83.58566,34.26827],[-83.58586,34.26849],[-83.58606,34.26872],[-83.58634,34.26899],[-83.5865,34.26914],[-83.58668,34.26932],[-83.58695,34.26953],[-83.58714,34.26967],[-83.58739,34.26982],[-83.58758,34.26994],[-83.58788,34.2701],[-83.58827,34.27028],[-83.58853,34.27039],[-83.589,34.27057],[-83.58958,34.27078],[-83.59001,34.27094],[-83.59014,34.27099],[-83.59048,34.27112],[-83.5908,34.27124],[-83.59096,34.27131],[-83.59116,34.27139],[-83.5913,34.27144],[-83.59143,34.27151],[-83.59184,34.27172],[-83.59198,34.27181],[-83.59206,34.27186],[-83.59218,34.27193],[-83.59239,34.2721],[-83.59266,34.2723],[-83.59292,34.27251],[-83.5931,34.27266],[-83.59322,34.27279],[-83.59333,34.27292],[-83.59344,34.27305],[-83.59357,34.27321],[-83.59375,34.27345],[-83.59391,34.2737],[-83.59403,34.27389],[-83.59416,34.27409],[-83.5943,34.27428],[-83.59449,34.27457],[-83.59471,34.27489],[-83.59496,34.27529],[-83.59522,34.27568],[-83.59548,34.27606],[-83.59558,34.27622],[-83.59567,34.27639],[-83.59576,34.2766],[-83.59586,34.27681],[-83.59593,34.27704],[-83.59598,34.27721],[-83.59602,34.27748],[-83.59605,34.27767],[-83.59605,34.278],[-83.59607,34.27831],[-83.59605,34.27846],[-83.59605,34.27879],[-83.59606,34.27906],[-83.59607,34.27931],[-83.59613,34.27962],[-83.59619,34.27986],[-83.59628,34.28011],[-83.59635,34.28031],[-83.59643,34.28046],[-83.59655,34.28067],[-83.59669,34.28086],[-83.59683,34.28104],[-83.59701,34.28124],[-83.59726,34.28149],[-83.5976,34.28176],[-83.59796,34.282],[-83.59823,34.28215],[-83.59848,34.28225],[-83.59888,34.2824],[-83.5992,34.28249],[-83.59957,34.28262],[-83.60003,34.28276],[-83.60041,34.28288],[-83.60082,34.28302],[-83.60102,34.28311],[-83.6012,34.2832],[-83.60145,34.28332],[-83.60168,34.28347],[-83.60191,34.28364],[-83.60232,34.28396],[-83.6028,34.28435],[-83.60294,34.28448],[-83.60328,34.28474],[-83.6037,34.28503],[-83.6039,34.28517],[-83.60411,34.28529],[-83.60504,34.28582],[-83.6057,34.28618],[-83.60608,34.2864],[-83.60665,34.28672],[-83.60729,34.28705],[-83.60814,34.28745],[-83.60841,34.28758],[-83.60888,34.28779],[-83.60919,34.28793],[-83.60988,34.28825],[-83.61084,34.28868],[-83.61217,34.28928],[-83.61276,34.28955],[-83.61346,34.28987],[-83.61356,34.28993],[-83.61428,34.29025],[-83.61468,34.29044],[-83.61509,34.29064],[-83.61544,34.29083],[-83.61581,34.29104],[-83.61617,34.29127],[-83.61634,34.29139],[-83.61661,34.29159],[-83.6168,34.29175],[-83.61706,34.29197],[-83.61729,34.29219],[-83.61749,34.29238],[-83.61785,34.29278],[-83.61817,34.29318],[-83.61872,34.29388],[-83.61963,34.29502],[-83.61992,34.29538],[-83.6197,34.29556],[-83.61973,34.29558],[-83.62006,34.296],[-83.62027,34.29582],[-83.62109,34.29511],[-83.62267,34.29377],[-83.62344,34.29311],[-83.62369,34.2929],[-83.62504,34.29175],[-83.63054,34.28705],[-83.63138,34.28632],[-83.63159,34.28615],[-83.63361,34.28442],[-83.64183,34.2774],[-83.65382,34.26716],[-83.6599,34.26197],[-83.67247,34.25123],[-83.6763,34.24796],[-83.67657,34.24773],[-83.67694,34.24742],[-83.67768,34.24679],[-83.6836,34.24173],[-83.68395,34.24143],[-83.68663,34.23914],[-83.68853,34.23751],[-83.69003,34.23623],[-83.69143,34.23504],[-83.6918,34.23472],[-83.69321,34.23352],[-83.69456,34.23236],[-83.69654,34.23068],[-83.69707,34.23022],[-83.69853,34.22898],[-83.70489,34.22354],[-83.70939,34.21969],[-83.71412,34.21566],[-83.72087,34.20989],[-83.72988,34.20219],[-83.7312,34.20107],[-83.73716,34.19598],[-83.73793,34.19532],[-83.73847,34.19486],[-83.73886,34.19452],[-83.73955,34.19394],[-83.7461,34.18834],[-83.74786,34.18684],[-83.74839,34.18639],[-83.75,34.18501],[-83.75025,34.1848],[-83.75154,34.1837],[-83.75288,34.18256],[-83.75565,34.18019],[-83.75616,34.17975],[-83.75624,34.17969],[-83.76083,34.17576],[-83.76932,34.16851],[-83.77237,34.16591],[-83.77342,34.165],[-83.77492,34.16373],[-83.77703,34.16193],[-83.77944,34.15986],[-83.77952,34.1598],[-83.78332,34.15656],[-83.78366,34.15626],[-83.78551,34.15468],[-83.78979,34.15103],[-83.79695,34.14491],[-83.79881,34.14333],[-83.80246,34.1402],[-83.80753,34.13587],[-83.80804,34.13545],[-83.81724,34.12758],[-83.81727,34.12756],[-83.81745,34.12756],[-83.8176,34.12752],[-83.81762,34.12751],[-83.81766,34.12749],[-83.81768,34.12749],[-83.81766,34.12748],[-83.8176,34.12751],[-83.81714,34.12745],[-83.81701,34.12741],[-83.81695,34.12743],[-83.81689,34.12743],[-83.81668,34.12737],[-83.81649,34.12726],[-83.8163,34.12716],[-83.81613,34.12701],[-83.816,34.12688],[-83.81586,34.12667],[-83.81584,34.12664],[-83.81583,34.1266],[-83.81575,34.12633],[-83.81573,34.12605],[-83.81572,34.12598],[-83.81576,34.12575],[-83.81579,34.12562],[-83.81627,34.12464],[-83.81634,34.12449],[-83.81645,34.12426],[-83.81656,34.12402],[-83.81659,34.12328],[-83.8165,34.12278],[-83.81644,34.12264],[-83.81653,34.12253],[-83.81646,34.12245],[-83.8158,34.12164],[-83.81555,34.12145],[-83.81526,34.12141],[-83.81525,34.12142],[-83.81521,34.1215],[-83.8145,34.12151],[-83.81423,34.12149],[-83.81381,34.12143],[-83.81339,34.12134],[-83.81303,34.12124],[-83.81278,34.12114],[-83.81274,34.12111],[-83.8126,34.12102],[-83.81253,34.12098],[-83.81232,34.12079],[-83.81222,34.12062],[-83.81218,34.12052],[-83.81215,34.12043],[-83.81212,34.12023],[-83.81213,34.12004],[-83.81236,34.1196],[-83.81284,34.11882],[-83.81307,34.11845],[-83.81314,34.11817],[-83.81315,34.11785],[-83.81307,34.11745],[-83.81299,34.11729],[-83.81288,34.11716],[-83.81273,34.11705],[-83.81256,34.11696],[-83.81208,34.11685],[-83.81175,34.11675],[-83.81143,34.11662],[-83.8111,34.11646],[-83.81102,34.11639],[-83.81094,34.11633],[-83.81083,34.11615],[-83.8108,34.11597],[-83.81085,34.11578],[-83.81096,34.11563],[-83.81111,34.11552],[-83.81247,34.11498],[-83.81344,34.11474],[-83.81385,34.11467],[-83.81439,34.11459],[-83.81502,34.11436],[-83.81515,34.11428],[-83.81524,34.11416],[-83.81526,34.11402],[-83.81524,34.11386],[-83.81521,34.11379],[-83.8152,34.11376],[-83.81517,34.1137],[-83.81507,34.11358],[-83.81494,34.11348],[-83.81477,34.11341],[-83.81365,34.11314],[-83.81311,34.11306],[-83.81196,34.11289],[-83.81176,34.11285],[-83.81127,34.11266],[-83.81077,34.11239],[-83.81039,34.11209],[-83.8101,34.11175],[-83.80992,34.11138],[-83.80989,34.11127],[-83.80977,34.11086],[-83.80958,34.11058],[-83.80942,34.11045],[-83.80937,34.11042],[-83.80921,34.11034],[-83.8082,34.1097],[-83.80778,34.1094],[-83.80757,34.10935],[-83.80747,34.10936],[-83.80741,34.10937],[-83.80735,34.10938],[-83.80724,34.10945],[-83.80704,34.10966],[-83.80671,34.1099],[-83.80656,34.10996],[-83.80648,34.10999],[-83.80632,34.11],[-83.80614,34.10998],[-83.80611,34.10996],[-83.80599,34.10992],[-83.80585,34.10982],[-83.80569,34.10961],[-83.80563,34.10939],[-83.80571,34.10911],[-83.80579,34.10912],[-83.80594,34.10821],[-83.8059,34.10794],[-83.80576,34.10769],[-83.80543,34.10742],[-83.80495,34.10711],[-83.80478,34.10702],[-83.8045,34.10692],[-83.80432,34.10686],[-83.80416,34.10675],[-83.80412,34.10671],[-83.80411,34.10669],[-83.80408,34.10667],[-83.80403,34.10662],[-83.804,34.10655],[-83.80395,34.10644],[-83.80372,34.1062],[-83.80312,34.10568],[-83.8024,34.10505],[-83.80233,34.10499],[-83.80225,34.10494],[-83.80218,34.10488],[-83.8021,34.10481],[-83.802,34.1047],[-83.80193,34.10464],[-83.80161,34.10437],[-83.80149,34.10427],[-83.80088,34.1037],[-83.80049,34.10334],[-83.80017,34.10305],[-83.79986,34.10285],[-83.7998,34.10283],[-83.79977,34.10282],[-83.7997,34.1028],[-83.79961,34.10276],[-83.79952,34.10272],[-83.79939,34.10268],[-83.79931,34.10265],[-83.79921,34.10263],[-83.79879,34.10255],[-83.79841,34.10248],[-83.79836,34.10248],[-83.79808,34.10244],[-83.79807,34.10244],[-83.79803,34.10244],[-83.79782,34.10243],[-83.79772,34.10242],[-83.79766,34.10242],[-83.79727,34.10236],[-83.79722,34.10235],[-83.79702,34.10231],[-83.79674,34.10226],[-83.79598,34.10207],[-83.79579,34.10201],[-83.79512,34.10177],[-83.79454,34.1016],[-83.79392,34.10133],[-83.79355,34.10116],[-83.79352,34.10114],[-83.79349,34.10112],[-83.79326,34.10096],[-83.79306,34.1009],[-83.79287,34.10084],[-83.79283,34.10078],[-83.7928,34.10073],[-83.79278,34.10069],[-83.79259,34.10059],[-83.79227,34.10035],[-83.79222,34.1003],[-83.79205,34.10004],[-83.79163,34.09921],[-83.79146,34.09879],[-83.79119,34.09813],[-83.79094,34.09681],[-83.7907,34.09619],[-83.79043,34.09529],[-83.79022,34.09467],[-83.79019,34.09456],[-83.79012,34.09439],[-83.79001,34.09406],[-83.78994,34.09373],[-83.78993,34.09358],[-83.78993,34.09353],[-83.78992,34.09327],[-83.78992,34.09319],[-83.78992,34.09315],[-83.78994,34.09309],[-83.79003,34.09268],[-83.79008,34.09252],[-83.79034,34.09205],[-83.79049,34.0913],[-83.79126,34.08919],[-83.7914,34.08881],[-83.79143,34.08855],[-83.79143,34.0883],[-83.79135,34.08784],[-83.79122,34.08751],[-83.79103,34.08719],[-83.79079,34.08688],[-83.79051,34.08663],[-83.78948,34.08618],[-83.78919,34.08602],[-83.78773,34.08495],[-83.78727,34.08458],[-83.78709,34.08453],[-83.78688,34.08435],[-83.78641,34.08406],[-83.78625,34.08397],[-83.78609,34.08389],[-83.78517,34.08346],[-83.78481,34.08329],[-83.78461,34.0832],[-83.78459,34.08319],[-83.78454,34.08316],[-83.7842,34.08298],[-83.78414,34.08295],[-83.78393,34.08284],[-83.78335,34.08254],[-83.783,34.08236],[-83.78124,34.08162],[-83.78012,34.08101],[-83.77835,34.08005],[-83.77798,34.07982],[-83.77776,34.07965],[-83.77764,34.07956],[-83.7776,34.07953],[-83.77755,34.07948],[-83.77718,34.0791],[-83.77653,34.07838],[-83.77649,34.07833],[-83.77635,34.07817],[-83.77591,34.07758],[-83.77555,34.07703],[-83.77514,34.0763],[-83.77384,34.07424],[-83.77344,34.07383],[-83.77328,34.07373],[-83.77321,34.07371],[-83.77299,34.07365],[-83.77249,34.07366],[-83.77216,34.0737],[-83.77213,34.0737],[-83.77204,34.07371],[-83.77161,34.07369],[-83.77094,34.07366],[-83.77067,34.07361],[-83.77039,34.07352],[-83.7701,34.07338],[-83.76988,34.07323],[-83.7697,34.07304],[-83.76958,34.07283],[-83.76952,34.07261],[-83.76932,34.07093],[-83.76921,34.07041],[-83.76914,34.06984],[-83.76911,34.06958],[-83.7691,34.06944],[-83.7691,34.0694],[-83.76904,34.06923],[-83.76892,34.06894],[-83.76857,34.06813],[-83.76856,34.0681],[-83.76784,34.06681],[-83.76765,34.06656],[-83.76753,34.06645],[-83.76548,34.06545],[-83.76544,34.06544],[-83.76528,34.06538],[-83.76524,34.06536],[-83.76513,34.06529],[-83.76488,34.06514],[-83.76452,34.06493],[-83.76384,34.06468],[-83.76331,34.06487],[-83.76326,34.06525],[-83.76318,34.06541],[-83.76283,34.06616],[-83.76174,34.06661],[-83.76084,34.06668],[-83.75924,34.06657],[-83.75791,34.06632],[-83.75698,34.06602],[-83.75659,34.06563],[-83.75582,34.06517],[-83.75492,34.06517],[-83.75458,34.06511],[-83.75392,34.06487],[-83.75275,34.06451],[-83.75201,34.06423],[-83.75178,34.06418],[-83.75158,34.06417],[-83.75138,34.0642],[-83.75004,34.06453],[-83.75,34.06454],[-83.74845,34.06492],[-83.74796,34.06496],[-83.74703,34.06494],[-83.74677,34.06499],[-83.74625,34.06513],[-83.74566,34.06523],[-83.74529,34.06529],[-83.74522,34.0653],[-83.74468,34.06532],[-83.74464,34.06532],[-83.74411,34.06528],[-83.74387,34.06519],[-83.74361,34.0651],[-83.74327,34.06507],[-83.74249,34.06517],[-83.74233,34.06524],[-83.7422,34.06535],[-83.74211,34.06548],[-83.74207,34.06562],[-83.74207,34.06578],[-83.7421,34.06591],[-83.7422,34.06608],[-83.74253,34.06636],[-83.74257,34.06639],[-83.74283,34.06665],[-83.74321,34.06712],[-83.74327,34.06725],[-83.74333,34.0674],[-83.74341,34.06773],[-83.74343,34.06803],[-83.74339,34.06834],[-83.74328,34.06864],[-83.74309,34.06893],[-83.7429,34.0691],[-83.7428,34.06919],[-83.74268,34.06925],[-83.74252,34.06933],[-83.74212,34.06945],[-83.7416,34.06953],[-83.74103,34.06954],[-83.74058,34.0695],[-83.74033,34.06938],[-83.74016,34.06921],[-83.74009,34.06908],[-83.73982,34.06829],[-83.7391,34.06719],[-83.73899,34.06707],[-83.73891,34.06697],[-83.73867,34.06676],[-83.73856,34.06667],[-83.73772,34.06639],[-83.73755,34.06636],[-83.73738,34.06636],[-83.73721,34.0664],[-83.73704,34.06647],[-83.73646,34.0669],[-83.73613,34.06703],[-83.73579,34.06711],[-83.73507,34.0672],[-83.73453,34.06731],[-83.73448,34.06732],[-83.73408,34.06736],[-83.73373,34.06734],[-83.7336,34.0673],[-83.73344,34.06715],[-83.73333,34.06692],[-83.73331,34.06666],[-83.73362,34.06613],[-83.73385,34.06564],[-83.73406,34.06496],[-83.73434,34.06406],[-83.73437,34.06386],[-83.73434,34.06364],[-83.7343,34.06351],[-83.73392,34.06291],[-83.73361,34.06249],[-83.73341,34.06214],[-83.73323,34.06179],[-83.73287,34.06091],[-83.73272,34.06065],[-83.73254,34.06045],[-83.73234,34.06028],[-83.73208,34.06018],[-83.73199,34.06016],[-83.7318,34.06012],[-83.73105,34.06009],[-83.73032,34.06015],[-83.7295,34.06033],[-83.72888,34.06042],[-83.72842,34.06054],[-83.72793,34.0607],[-83.7279,34.06072],[-83.72765,34.06086],[-83.72739,34.06115],[-83.72717,34.06133],[-83.72555,34.06219],[-83.72541,34.06231],[-83.72525,34.0625],[-83.72503,34.06268],[-83.72479,34.06284],[-83.72443,34.06303],[-83.72419,34.06321],[-83.72377,34.06342],[-83.72361,34.06345],[-83.72318,34.06345],[-83.72305,34.06343],[-83.72288,34.06336],[-83.72242,34.06318],[-83.72212,34.06303],[-83.72183,34.06284],[-83.72159,34.06263],[-83.72149,34.06238],[-83.72147,34.0623],[-83.72147,34.06169],[-83.72147,34.06124],[-83.72142,34.0608],[-83.72133,34.0604],[-83.72122,34.06023],[-83.7211,34.06014],[-83.72095,34.06012],[-83.72073,34.06017],[-83.72059,34.06012],[-83.72047,34.05991],[-83.72035,34.05957],[-83.72024,34.05911],[-83.72025,34.05895],[-83.72029,34.05881],[-83.7204,34.05861],[-83.72087,34.0582],[-83.72096,34.05801],[-83.72096,34.05789],[-83.72093,34.05778],[-83.72096,34.05711],[-83.72093,34.057],[-83.72083,34.05691],[-83.72051,34.05678],[-83.72042,34.05669],[-83.72038,34.05657],[-83.72045,34.05625],[-83.72058,34.05582],[-83.72072,34.05568],[-83.7208,34.0555],[-83.7208,34.0554],[-83.72073,34.05524],[-83.72064,34.05513],[-83.7205,34.05505],[-83.72034,34.055],[-83.72008,34.05498],[-83.71992,34.0549],[-83.71978,34.05458],[-83.71968,34.05444],[-83.71949,34.05428],[-83.71925,34.05413],[-83.71919,34.05398],[-83.71883,34.0536],[-83.71876,34.05355],[-83.71863,34.05351],[-83.71852,34.05351],[-83.7184,34.05354],[-83.71801,34.05373],[-83.71784,34.05385],[-83.7177,34.05407],[-83.71764,34.05441],[-83.71756,34.05461],[-83.71742,34.05475],[-83.71709,34.05505],[-83.71708,34.05507],[-83.71695,34.05518],[-83.71636,34.05558],[-83.71576,34.05595],[-83.7154,34.0561],[-83.71512,34.05619],[-83.71458,34.0563],[-83.71452,34.05632],[-83.7139,34.05638],[-83.71349,34.05638],[-83.71324,34.05628],[-83.71313,34.0562],[-83.71302,34.05603],[-83.71295,34.05585],[-83.71292,34.05568],[-83.71261,34.05512],[-83.71245,34.05483],[-83.71235,34.05464],[-83.71229,34.05443],[-83.71228,34.05423],[-83.71229,34.05402],[-83.71256,34.05295],[-83.71266,34.05274],[-83.71287,34.05233],[-83.713,34.05217],[-83.71313,34.05205],[-83.71336,34.05192],[-83.71362,34.05178],[-83.71378,34.0517],[-83.71397,34.05139],[-83.71412,34.05107],[-83.71427,34.05067],[-83.71437,34.05024],[-83.71439,34.05016],[-83.7144,34.05002],[-83.71436,34.04989],[-83.71426,34.04975],[-83.7141,34.04963],[-83.71359,34.04947],[-83.71324,34.04926],[-83.71308,34.04914],[-83.71269,34.04854],[-83.71245,34.04805],[-83.71226,34.0475],[-83.71224,34.04737],[-83.71213,34.04737],[-83.71191,34.04649],[-83.7118,34.04631],[-83.71164,34.04613],[-83.71138,34.04598],[-83.71056,34.04564],[-83.70958,34.04522],[-83.70938,34.04516],[-83.70918,34.04513],[-83.70907,34.04515],[-83.709,34.0452],[-83.70878,34.04547],[-83.70829,34.04597],[-83.70807,34.04607],[-83.70785,34.04613],[-83.70762,34.04616],[-83.70688,34.04617],[-83.70587,34.04614],[-83.70475,34.04621],[-83.70443,34.04629],[-83.7043,34.04636],[-83.7042,34.04645],[-83.70409,34.04665],[-83.70408,34.04673],[-83.70403,34.04719],[-83.70394,34.04739],[-83.70362,34.04779],[-83.70273,34.04845],[-83.70261,34.04852],[-83.70253,34.04861],[-83.70247,34.04871],[-83.70241,34.04901],[-83.70241,34.04949],[-83.70259,34.05013],[-83.7026,34.05043],[-83.70252,34.05068],[-83.70217,34.05129],[-83.70211,34.05148],[-83.70205,34.05175],[-83.70201,34.05209],[-83.70201,34.05216],[-83.70201,34.05233],[-83.70207,34.05258],[-83.70206,34.05275],[-83.70202,34.05291],[-83.70181,34.05314],[-83.70165,34.05328],[-83.70126,34.05363],[-83.70104,34.05393],[-83.70087,34.05432],[-83.7008,34.05437],[-83.70071,34.05438],[-83.70054,34.05432],[-83.7003,34.05406],[-83.70013,34.05399],[-83.69988,34.05399],[-83.69977,34.05402],[-83.69971,34.05407],[-83.69964,34.05412],[-83.69922,34.05345],[-83.69913,34.05319],[-83.69894,34.05296],[-83.69858,34.05271],[-83.69835,34.05262],[-83.69814,34.05261],[-83.69793,34.05267],[-83.69779,34.05278],[-83.69751,34.05314],[-83.69736,34.05328],[-83.69711,34.05342],[-83.69674,34.05353],[-83.6966,34.05363],[-83.69652,34.05373],[-83.69635,34.05428],[-83.69606,34.05543],[-83.69599,34.05579],[-83.69588,34.05608],[-83.6958,34.05617],[-83.69568,34.05624],[-83.69556,34.05628],[-83.69474,34.05626],[-83.69459,34.05626],[-83.69443,34.05618],[-83.69442,34.05617],[-83.6942,34.05589],[-83.69389,34.05524],[-83.69373,34.05491],[-83.69369,34.05473],[-83.69372,34.0545],[-83.69393,34.05392],[-83.69409,34.05334],[-83.6941,34.05322],[-83.69408,34.0531],[-83.69396,34.05292],[-83.69344,34.05251],[-83.69313,34.05222],[-83.69273,34.05195],[-83.69249,34.05182],[-83.69235,34.05179],[-83.69215,34.05169],[-83.69181,34.05162],[-83.69137,34.05162],[-83.69082,34.05173],[-83.69058,34.0518],[-83.69017,34.05203],[-83.69004,34.05212],[-83.68993,34.05232],[-83.68992,34.05258],[-83.68986,34.05272],[-83.68974,34.05285],[-83.68912,34.05319],[-83.68807,34.05367],[-83.68775,34.05376],[-83.68717,34.05379],[-83.68652,34.05376],[-83.68594,34.05363],[-83.68582,34.05359],[-83.68551,34.05344],[-83.68544,34.05329],[-83.68542,34.05311],[-83.68548,34.05286],[-83.6857,34.05242],[-83.68576,34.05103],[-83.68587,34.05053],[-83.68597,34.0503],[-83.68608,34.05016],[-83.6862,34.05005],[-83.68656,34.0494],[-83.68666,34.04913],[-83.6867,34.04886],[-83.68666,34.04847],[-83.68656,34.04818],[-83.68654,34.04817],[-83.6865,34.04806],[-83.68637,34.04788],[-83.6863,34.04778],[-83.6858,34.04725],[-83.68559,34.0471],[-83.68532,34.04696],[-83.6851,34.04692],[-83.68494,34.04694],[-83.68414,34.04718],[-83.68366,34.04729],[-83.68236,34.04744],[-83.68166,34.04754],[-83.68112,34.04749],[-83.68014,34.04732],[-83.67991,34.0473],[-83.6797,34.04736],[-83.67963,34.04735],[-83.67946,34.04741],[-83.67934,34.04752],[-83.67926,34.04765],[-83.67916,34.04804],[-83.67883,34.04889],[-83.67869,34.04931],[-83.67866,34.04968],[-83.67874,34.05017],[-83.67895,34.05048],[-83.67914,34.05075],[-83.67935,34.05104],[-83.67952,34.05126],[-83.67963,34.05144],[-83.6796,34.05156],[-83.67949,34.05173],[-83.6794,34.05185],[-83.67938,34.05187],[-83.67927,34.05198],[-83.67913,34.05214],[-83.67895,34.05232],[-83.67872,34.05247],[-83.67853,34.05253],[-83.67834,34.05254],[-83.67764,34.05245],[-83.67712,34.05243],[-83.67693,34.05249],[-83.67669,34.0529],[-83.67654,34.0531],[-83.67643,34.05326],[-83.67627,34.05349],[-83.67619,34.05359],[-83.67611,34.05365],[-83.67606,34.05369],[-83.67591,34.05376],[-83.67575,34.05378],[-83.67559,34.05375],[-83.67518,34.05357],[-83.67487,34.05339],[-83.67472,34.0533],[-83.67451,34.053],[-83.67448,34.05295],[-83.67438,34.05273],[-83.67435,34.05259],[-83.67423,34.0525],[-83.67394,34.05245],[-83.67381,34.05247],[-83.67371,34.05251],[-83.67363,34.05268],[-83.67361,34.05271],[-83.67359,34.0528],[-83.67357,34.05291],[-83.67355,34.05297],[-83.67352,34.05301],[-83.67345,34.05304],[-83.67315,34.05294],[-83.67295,34.05284],[-83.67259,34.05272],[-83.67245,34.05264],[-83.67229,34.05247],[-83.67221,34.05225],[-83.67221,34.05206],[-83.67229,34.05172],[-83.67224,34.05148],[-83.67217,34.05137],[-83.67207,34.05129],[-83.67179,34.05116],[-83.67168,34.05106],[-83.6716,34.05094],[-83.67158,34.05076],[-83.67149,34.05064],[-83.67168,34.05065],[-83.67138,34.05055],[-83.67123,34.05044],[-83.67104,34.05029],[-83.67084,34.05019],[-83.67058,34.0501],[-83.67019,34.05008],[-83.67003,34.04999],[-83.66997,34.04987],[-83.66996,34.04951],[-83.66995,34.04946],[-83.66985,34.04918],[-83.66971,34.04891],[-83.66965,34.04884],[-83.66945,34.04858],[-83.66931,34.04841],[-83.66912,34.04834],[-83.6687,34.04833],[-83.66861,34.04833],[-83.66851,34.04828],[-83.66841,34.04822],[-83.66824,34.04811],[-83.66795,34.04802],[-83.66787,34.048],[-83.66776,34.04798],[-83.66766,34.04798],[-83.66761,34.04798],[-83.66757,34.04801],[-83.66714,34.04804],[-83.66698,34.04804],[-83.66656,34.04804],[-83.66592,34.04811],[-83.66578,34.04816],[-83.66567,34.04823],[-83.66537,34.0486],[-83.66524,34.0487],[-83.6651,34.04877],[-83.66484,34.04881],[-83.66395,34.0487],[-83.66378,34.0487],[-83.66349,34.04871],[-83.66327,34.04878],[-83.66312,34.0489],[-83.66312,34.04906],[-83.66316,34.04921],[-83.66325,34.04934],[-83.66347,34.04948],[-83.66362,34.0496],[-83.66376,34.04975],[-83.66381,34.04991],[-83.66371,34.05023],[-83.66365,34.05043],[-83.66367,34.05067],[-83.66372,34.05088],[-83.6639,34.05115],[-83.66401,34.05137],[-83.66401,34.05157],[-83.66393,34.05172],[-83.66372,34.05195],[-83.66324,34.05227],[-83.66309,34.05238],[-83.66267,34.05247],[-83.66239,34.05247],[-83.66199,34.05245],[-83.66151,34.05238],[-83.66048,34.05234],[-83.66013,34.05237],[-83.65913,34.05269],[-83.65871,34.05295],[-83.65804,34.05329],[-83.65763,34.05338],[-83.65744,34.05338],[-83.65727,34.05338],[-83.65701,34.05333],[-83.65685,34.05325],[-83.65666,34.05305],[-83.65654,34.05279],[-83.65649,34.05259],[-83.65649,34.05232],[-83.65655,34.05096],[-83.6565,34.05033],[-83.65648,34.05004],[-83.65636,34.04957],[-83.6563,34.04945],[-83.65605,34.04884],[-83.6557,34.0482],[-83.65543,34.04786],[-83.65508,34.04748],[-83.65484,34.04733],[-83.6542,34.04719],[-83.65414,34.04718],[-83.65372,34.04705],[-83.65315,34.04684],[-83.65258,34.04658],[-83.65219,34.04649],[-83.65192,34.04647],[-83.65123,34.04633],[-83.65062,34.04626],[-83.64996,34.04639],[-83.64963,34.04639],[-83.64948,34.04635],[-83.64932,34.04631],[-83.64899,34.0461],[-83.64888,34.04596],[-83.64883,34.04594],[-83.64876,34.0459],[-83.64825,34.04584],[-83.6481,34.04586],[-83.64796,34.0459],[-83.64784,34.04599],[-83.64724,34.04651],[-83.64707,34.04671],[-83.64705,34.04675],[-83.64699,34.04688],[-83.64692,34.04718],[-83.64687,34.04737],[-83.64684,34.04778],[-83.64675,34.04876],[-83.64673,34.04905],[-83.64672,34.04913],[-83.64675,34.04941],[-83.64676,34.04959],[-83.64675,34.04964],[-83.64668,34.04984],[-83.64666,34.0499],[-83.64664,34.04998],[-83.6466,34.05001],[-83.64658,34.05006],[-83.64654,34.05014],[-83.64629,34.05041],[-83.64623,34.05047],[-83.64608,34.05059],[-83.64593,34.05068],[-83.64558,34.0508],[-83.64548,34.05081],[-83.64499,34.05088],[-83.64477,34.05088],[-83.64431,34.05088],[-83.64404,34.0509],[-83.64377,34.05085],[-83.64366,34.0508],[-83.64357,34.0507],[-83.64353,34.05059],[-83.64356,34.05058],[-83.6436,34.05055],[-83.6437,34.05043],[-83.6438,34.05033],[-83.64392,34.05021],[-83.64396,34.05017],[-83.6441,34.05002],[-83.64414,34.04991],[-83.64409,34.04975],[-83.64403,34.04966],[-83.64397,34.04953],[-83.64378,34.04928],[-83.64349,34.04919],[-83.64301,34.04903],[-83.64285,34.04896],[-83.64257,34.04878],[-83.64238,34.04871],[-83.64218,34.04866],[-83.64103,34.04863],[-83.64076,34.0486],[-83.63978,34.04838],[-83.63952,34.04833],[-83.63924,34.04833],[-83.63891,34.04836],[-83.63876,34.04835],[-83.63862,34.0483],[-83.63827,34.04805],[-83.63814,34.04797],[-83.63795,34.04792],[-83.63771,34.04791],[-83.63756,34.04786],[-83.63744,34.04778],[-83.63738,34.04773],[-83.63733,34.04769],[-83.63733,34.04761],[-83.63729,34.0475],[-83.63729,34.04748],[-83.63726,34.04708],[-83.63715,34.04702],[-83.63698,34.04693],[-83.6369,34.04686],[-83.63685,34.0468],[-83.63671,34.04664],[-83.63659,34.04649],[-83.63631,34.04616],[-83.63618,34.04601],[-83.63613,34.04595],[-83.63608,34.04593],[-83.636,34.04591],[-83.63567,34.04582],[-83.63561,34.04585],[-83.63557,34.04587],[-83.63541,34.04607],[-83.63537,34.04614],[-83.63533,34.04617],[-83.63529,34.04621],[-83.63522,34.04625],[-83.6351,34.04627],[-83.63504,34.04625],[-83.63499,34.04624],[-83.6349,34.04621],[-83.63445,34.04626],[-83.63422,34.0462],[-83.63366,34.04587],[-83.63341,34.04582],[-83.63322,34.04586],[-83.63292,34.04605],[-83.63287,34.04607],[-83.63277,34.04611],[-83.63276,34.04611],[-83.63274,34.04611],[-83.63268,34.04613],[-83.63265,34.04613],[-83.6321,34.0462],[-83.63141,34.04621],[-83.6309,34.04619],[-83.63081,34.04615],[-83.63071,34.04602],[-83.63071,34.04591],[-83.63066,34.04578],[-83.63061,34.04566],[-83.63057,34.04556],[-83.63048,34.04549],[-83.63044,34.04523],[-83.63042,34.04515],[-83.63035,34.04485],[-83.63032,34.04481],[-83.63033,34.04476],[-83.63026,34.04462],[-83.63021,34.04459],[-83.63017,34.04466],[-83.63008,34.04464],[-83.62992,34.04467],[-83.62973,34.04481],[-83.6297,34.04485],[-83.62958,34.045],[-83.6295,34.04513],[-83.62934,34.04527],[-83.62929,34.04528],[-83.62921,34.04533],[-83.62915,34.04534],[-83.62903,34.04537],[-83.62885,34.04542],[-83.62814,34.04544],[-83.62799,34.04545],[-83.6279,34.04545],[-83.62787,34.04547],[-83.62779,34.04551],[-83.62774,34.04559],[-83.62769,34.04571],[-83.62759,34.04575],[-83.62753,34.04579],[-83.62734,34.04593],[-83.62734,34.04596],[-83.6273,34.04598],[-83.62727,34.04599],[-83.62723,34.046],[-83.62718,34.04599],[-83.62715,34.04596],[-83.6271,34.04591],[-83.62704,34.04585],[-83.62701,34.04584],[-83.62695,34.04573],[-83.62702,34.04564],[-83.62698,34.04559],[-83.62689,34.04553],[-83.62676,34.04535],[-83.62635,34.04523],[-83.62599,34.04519],[-83.62546,34.04515],[-83.62524,34.04514],[-83.62511,34.04514],[-83.62493,34.0452],[-83.62461,34.04541],[-83.62429,34.04557],[-83.62389,34.04563],[-83.62344,34.04568],[-83.62321,34.04578],[-83.62314,34.04594],[-83.62323,34.04616],[-83.62328,34.04646],[-83.62319,34.04658],[-83.62292,34.04664],[-83.62269,34.04668],[-83.62246,34.0466],[-83.62244,34.04662],[-83.62232,34.0467],[-83.62206,34.0468],[-83.62174,34.04684],[-83.62145,34.04673],[-83.62129,34.04657],[-83.62111,34.04633],[-83.62107,34.04631],[-83.62094,34.0463],[-83.62068,34.04631],[-83.6204,34.04639],[-83.62003,34.04664],[-83.61992,34.04669],[-83.61958,34.04684],[-83.61939,34.0469],[-83.61935,34.04692],[-83.61895,34.04709],[-83.61877,34.04713],[-83.6186,34.04712],[-83.61845,34.04703],[-83.61836,34.04695],[-83.61814,34.04658],[-83.61808,34.04655],[-83.61798,34.04654],[-83.61789,34.04659],[-83.61729,34.04738],[-83.61721,34.04743],[-83.61705,34.04753],[-83.61687,34.04754],[-83.61674,34.04751],[-83.61668,34.0475],[-83.61653,34.04739],[-83.61649,34.04737],[-83.61637,34.04729],[-83.61634,34.04721],[-83.61629,34.04714],[-83.61614,34.04708],[-83.616,34.04707],[-83.61576,34.04715],[-83.61562,34.0472],[-83.61533,34.04722],[-83.61525,34.04721],[-83.61523,34.04721],[-83.61516,34.04721],[-83.615,34.0472],[-83.61478,34.04717],[-83.61465,34.04716],[-83.61452,34.04711],[-83.61446,34.04704],[-83.61442,34.04692],[-83.61446,34.04665],[-83.61452,34.04651],[-83.61455,34.04644],[-83.61472,34.04615],[-83.61483,34.04605],[-83.61493,34.04601],[-83.61504,34.04608],[-83.61515,34.04624],[-83.61524,34.04626],[-83.61532,34.04623],[-83.61544,34.04607],[-83.61554,34.04586],[-83.61557,34.0457],[-83.61557,34.04562],[-83.61558,34.04555],[-83.61555,34.0455],[-83.61552,34.04539],[-83.61543,34.04524],[-83.61516,34.04499],[-83.61499,34.04489],[-83.61471,34.04471],[-83.61422,34.04452],[-83.61378,34.04441],[-83.61365,34.04438],[-83.61321,34.04431],[-83.61291,34.04431],[-83.61262,34.04433],[-83.61211,34.04445],[-83.61194,34.04447],[-83.61172,34.04444],[-83.61155,34.04434],[-83.61147,34.04424],[-83.61145,34.04414],[-83.61154,34.04371],[-83.61153,34.04358],[-83.6115,34.04334],[-83.61137,34.04302],[-83.61108,34.04265],[-83.61104,34.04245],[-83.61107,34.04232],[-83.61115,34.04222],[-83.61163,34.04212],[-83.61169,34.04209],[-83.61175,34.04197],[-83.61174,34.04185],[-83.61168,34.04173],[-83.61162,34.04162],[-83.61162,34.04153],[-83.61166,34.04138],[-83.61167,34.04126],[-83.61156,34.04096],[-83.61148,34.04087],[-83.61126,34.04078],[-83.6112,34.04073],[-83.61114,34.04067],[-83.611,34.04045],[-83.61086,34.0401],[-83.61071,34.03989],[-83.61053,34.03975],[-83.61033,34.03965],[-83.61009,34.0396],[-83.60977,34.0396],[-83.60963,34.03958],[-83.60949,34.03953],[-83.6094,34.03943],[-83.60939,34.03938],[-83.60941,34.03933],[-83.6096,34.03922],[-83.60981,34.03916],[-83.61015,34.03915],[-83.61031,34.03906],[-83.61035,34.03896],[-83.61034,34.0388],[-83.61027,34.03866],[-83.61015,34.03851],[-83.60995,34.03837],[-83.60974,34.03828],[-83.60954,34.03824],[-83.60909,34.03817],[-83.60884,34.03819],[-83.6087,34.03821],[-83.60851,34.03822],[-83.60824,34.03829],[-83.60807,34.03837],[-83.60776,34.0384],[-83.60746,34.03848],[-83.60738,34.03865],[-83.60738,34.03894],[-83.60735,34.03906],[-83.60715,34.03911],[-83.60692,34.03906],[-83.60662,34.03887],[-83.60622,34.03865],[-83.60584,34.03856],[-83.60559,34.03862],[-83.60522,34.03881],[-83.60506,34.03881],[-83.60482,34.0387],[-83.6047,34.03847],[-83.60455,34.03816],[-83.60422,34.03795],[-83.60378,34.03784],[-83.60336,34.0378],[-83.60317,34.03772],[-83.60304,34.03753],[-83.60305,34.03716],[-83.60303,34.03684],[-83.60291,34.03655],[-83.6028,34.0365],[-83.60234,34.0364],[-83.60213,34.0363],[-83.60179,34.03602],[-83.6016,34.03591],[-83.60134,34.03587],[-83.60113,34.03591],[-83.601,34.03596],[-83.60092,34.03596],[-83.60088,34.0359],[-83.60088,34.03569],[-83.60082,34.03553],[-83.60068,34.03538],[-83.60054,34.0353],[-83.60035,34.0353],[-83.60025,34.03535],[-83.6,34.03558],[-83.59964,34.03577],[-83.59938,34.03613],[-83.59955,34.03658],[-83.59906,34.03686],[-83.59872,34.03738],[-83.59848,34.03731],[-83.59829,34.03697],[-83.59783,34.03664],[-83.59737,34.03644],[-83.5971,34.03644],[-83.59659,34.03675],[-83.5964,34.03675],[-83.59633,34.03659],[-83.59608,34.03647],[-83.5958,34.03647],[-83.59574,34.03647],[-83.59526,34.03648],[-83.59477,34.03667],[-83.59443,34.03686],[-83.5942,34.03705],[-83.59376,34.0371],[-83.59336,34.03703],[-83.59308,34.03695],[-83.59271,34.03701],[-83.59238,34.03713],[-83.59207,34.03732],[-83.59183,34.03735],[-83.5914,34.03716],[-83.59115,34.03722],[-83.59058,34.03719],[-83.59024,34.0373],[-83.58987,34.03757],[-83.58946,34.03792],[-83.58909,34.03816],[-83.58851,34.03821],[-83.58801,34.03807],[-83.58787,34.03802],[-83.58772,34.038],[-83.58753,34.03802],[-83.58729,34.0381],[-83.58709,34.03822],[-83.58691,34.03841],[-83.58675,34.03865],[-83.58658,34.03907],[-83.58648,34.03915],[-83.58632,34.03918],[-83.58566,34.03907],[-83.5855,34.03897],[-83.5854,34.03883],[-83.58532,34.0388],[-83.58513,34.03884],[-83.58487,34.03898],[-83.58476,34.039],[-83.58467,34.03898],[-83.58457,34.03893],[-83.58451,34.03885],[-83.5845,34.03877],[-83.58452,34.03868],[-83.58449,34.0386],[-83.58436,34.03852],[-83.58416,34.03853],[-83.58398,34.03864],[-83.58364,34.03926],[-83.58362,34.0394],[-83.5837,34.03962],[-83.5839,34.03996],[-83.58413,34.04027],[-83.58438,34.04055],[-83.58444,34.04066],[-83.58446,34.04078],[-83.58443,34.04091],[-83.58441,34.04094],[-83.58439,34.04095],[-83.58438,34.04098],[-83.58436,34.041],[-83.58434,34.04101],[-83.58428,34.04103],[-83.58424,34.04105],[-83.58416,34.04106],[-83.58395,34.04099],[-83.58355,34.04082],[-83.58311,34.04064],[-83.58256,34.04047],[-83.58231,34.04045],[-83.58197,34.04037],[-83.58176,34.04029],[-83.58164,34.04028],[-83.58161,34.04028],[-83.5815,34.04027],[-83.58143,34.04026],[-83.58128,34.04023],[-83.58122,34.04021],[-83.58094,34.04013],[-83.58089,34.04011],[-83.58073,34.04006],[-83.58052,34.03999],[-83.58048,34.03995],[-83.58041,34.03996],[-83.57951,34.03965],[-83.57804,34.03951],[-83.57739,34.03956],[-83.57684,34.03968],[-83.5761,34.03975],[-83.57589,34.0398],[-83.57573,34.03979],[-83.57548,34.03976],[-83.57528,34.0397],[-83.57525,34.03969],[-83.57468,34.0396],[-83.57415,34.03946],[-83.57396,34.0394],[-83.57382,34.03935],[-83.57374,34.03931],[-83.57356,34.03919],[-83.57344,34.03906],[-83.57336,34.0389],[-83.57333,34.03872],[-83.57333,34.03858],[-83.57373,34.03782],[-83.57384,34.03738],[-83.57385,34.03715],[-83.5738,34.03689],[-83.57371,34.0366],[-83.5736,34.03642],[-83.57309,34.03584],[-83.57272,34.0353],[-83.57229,34.03444],[-83.57184,34.03343],[-83.57152,34.03269],[-83.5715,34.03265],[-83.57145,34.03253],[-83.57135,34.03216],[-83.57135,34.03199],[-83.57134,34.03175],[-83.5713,34.03161],[-83.57111,34.0314],[-83.57081,34.03122],[-83.57046,34.03111],[-83.56944,34.03097],[-83.56909,34.03097],[-83.56871,34.03102],[-83.56852,34.03113],[-83.5682,34.03133],[-83.56754,34.03181],[-83.56725,34.03195],[-83.56697,34.03203],[-83.56669,34.03206],[-83.56612,34.03222],[-83.56516,34.03237],[-83.56482,34.03237],[-83.56451,34.03233],[-83.56444,34.03233],[-83.56385,34.03209],[-83.56351,34.03195],[-83.56339,34.03191],[-83.56328,34.03186],[-83.56326,34.03184],[-83.56323,34.03174],[-83.5632,34.03168],[-83.56317,34.03161],[-83.55979,34.02319],[-83.55968,34.02291],[-83.55957,34.02265],[-83.55953,34.02253],[-83.55946,34.02236],[-83.55908,34.02142],[-83.55771,34.01802],[-83.55714,34.0166],[-83.55709,34.01647],[-83.55468,34.01049],[-83.55425,34.00943],[-83.55182,34.00337],[-83.55159,34.00277],[-83.55082,34.00086],[-83.55037,33.99974],[-83.55025,33.99945],[-83.55004,33.9989],[-83.54979,33.99768],[-83.54962,33.99727],[-83.54928,33.99642],[-83.5492,33.99623],[-83.54882,33.9953],[-83.54822,33.99383],[-83.54763,33.99239],[-83.54603,33.98849],[-83.54526,33.98663],[-83.54509,33.98616],[-83.54168,33.97787],[-83.54093,33.976],[-83.54032,33.97455],[-83.53857,33.97028],[-83.53712,33.96672],[-83.5369,33.96618],[-83.53184,33.96895],[-83.52725,33.97148],[-83.52724,33.97149],[-83.52721,33.9715],[-83.5271,33.97156],[-83.52618,33.97213],[-83.51536,33.97804],[-83.51372,33.97891],[-83.51246,33.9796],[-83.51122,33.98028],[-83.5112,33.98029],[-83.51059,33.98062],[-83.50998,33.98096],[-83.50972,33.9811],[-83.50946,33.98124],[-83.50945,33.98126],[-83.50895,33.98152],[-83.50892,33.98154],[-83.50845,33.98181],[-83.50841,33.98183],[-83.50226,33.98521],[-83.49988,33.98658],[-83.49844,33.98742],[-83.49834,33.98747],[-83.49824,33.98753],[-83.49837,33.98783],[-83.49854,33.98824],[-83.49875,33.98841],[-83.49939,33.98887],[-83.49984,33.98902],[-83.49992,33.98911],[-83.50002,33.98921],[-83.50061,33.9896],[-83.50099,33.98984],[-83.50106,33.98989],[-83.5016,33.99021],[-83.50173,33.99032],[-83.50183,33.99042],[-83.50199,33.99064],[-83.50205,33.99073],[-83.50214,33.99094],[-83.50216,33.991],[-83.50233,33.99151],[-83.50236,33.9916],[-83.50235,33.99168],[-83.50232,33.99256],[-83.50235,33.9927],[-83.50239,33.99286],[-83.50247,33.99316],[-83.50277,33.99385],[-83.50285,33.99432],[-83.50287,33.99438],[-83.50299,33.99501],[-83.503,33.99513],[-83.50304,33.99567],[-83.50318,33.99622],[-83.50322,33.99637],[-83.5033,33.99666],[-83.50357,33.99761],[-83.50363,33.99767],[-83.50365,33.99773],[-83.50368,33.9979],[-83.50368,33.99808],[-83.50367,33.99813],[-83.50366,33.99815],[-83.50365,33.9982],[-83.50362,33.99829],[-83.50357,33.99831],[-83.50358,33.9985],[-83.50355,33.99866],[-83.50351,33.99881],[-83.50348,33.99896],[-83.50345,33.99903],[-83.50331,33.99922],[-83.50322,33.99935],[-83.50317,33.9994],[-83.50312,33.99948],[-83.50305,33.99958],[-83.50315,33.99894],[-83.50319,33.99855],[-83.50313,33.99795],[-83.50313,33.99788],[-83.50307,33.99764],[-83.50264,33.99699],[-83.50235,33.99664],[-83.50221,33.99652],[-83.5019,33.99625],[-83.50113,33.9961],[-83.50088,33.99621],[-83.5006,33.99634],[-83.49895,33.99708],[-83.49839,33.99755],[-83.4978,33.99766],[-83.49699,33.99753],[-83.49693,33.99755],[-83.49648,33.99759],[-83.49614,33.9976],[-83.49611,33.99761],[-83.49571,33.99752],[-83.49543,33.99752],[-83.4947,33.99739],[-83.49383,33.99719],[-83.49303,33.99701],[-83.4922,33.9968],[-83.49198,33.99671],[-83.49134,33.99647],[-83.4905,33.99614],[-83.48991,33.99583],[-83.48953,33.99552],[-83.48895,33.9953],[-83.48886,33.99523],[-83.48797,33.99484],[-83.48775,33.99475],[-83.48749,33.99461],[-83.48744,33.99458],[-83.48698,33.99431],[-83.48681,33.99416],[-83.48664,33.99401],[-83.48659,33.99395],[-83.48638,33.99369],[-83.48622,33.99348],[-83.48589,33.99311],[-83.48546,33.99302],[-83.48514,33.99296],[-83.48489,33.99291],[-83.48478,33.99289],[-83.48449,33.99283],[-83.48447,33.99283],[-83.48244,33.9936],[-83.47921,33.99484],[-83.4761,33.99602],[-83.47562,33.9962],[-83.47544,33.99627],[-83.47535,33.99631],[-83.47507,33.99642],[-83.475,33.99644],[-83.47497,33.99643],[-83.47478,33.9963],[-83.47427,33.99664],[-83.47378,33.99688],[-83.47331,33.99709],[-83.47306,33.99723],[-83.47259,33.99747],[-83.47248,33.99754],[-83.47223,33.99764],[-83.47193,33.99772],[-83.47153,33.9978],[-83.4713,33.99786],[-83.47102,33.99799],[-83.47084,33.99806],[-83.47074,33.99815],[-83.47069,33.99821],[-83.4703,33.99837],[-83.46924,33.99875],[-83.46709,33.99958],[-83.46615,33.99992],[-83.46559,34.00012],[-83.46289,34.00108],[-83.46249,34.00123],[-83.45897,34.00261],[-83.45719,34.0033],[-83.45525,34.00406],[-83.45388,34.00458],[-83.45356,34.00471],[-83.45325,34.00483],[-83.45258,34.00509],[-83.4461,34.00761],[-83.44507,34.008],[-83.44355,34.00859],[-83.44042,34.00979],[-83.43551,34.01168],[-83.43544,34.0117],[-83.43408,34.01223],[-83.43319,34.01257],[-83.43152,34.01321],[-83.43122,34.01333],[-83.43102,34.01341],[-83.4308,34.01349],[-83.43038,34.01365],[-83.4298,34.01388],[-83.42945,34.01401],[-83.42762,34.01472],[-83.42678,34.01505],[-83.42248,34.01672],[-83.42223,34.01681],[-83.42214,34.01685],[-83.4221,34.01686],[-83.42203,34.01689]]]}},{"type":"Feature","properties":{"GEOID":"13137","BASENAME":"Habersham"},"geometry":{"type":"Polygon","coordinates":[[[-83.41466,34.57403],[-83.41263,34.57826],[-83.41068,34.58226],[-83.41052,34.5826],[-83.41034,34.58297],[-83.40922,34.58527],[-83.40764,34.5885],[-83.40578,34.59231],[-83.40519,34.59363],[-83.40507,34.59391],[-83.40411,34.59581],[-83.4025,34.59922],[-83.40167,34.60092],[-83.40079,34.60272],[-83.3994,34.60551],[-83.39905,34.6062],[-83.39881,34.6067],[-83.39725,34.60991],[-83.39612,34.61225],[-83.39591,34.61267],[-83.39571,34.61309],[-83.39515,34.61426],[-83.39415,34.61639],[-83.39405,34.6166],[-83.39313,34.6184],[-83.3931,34.61855],[-83.39307,34.61862],[-83.39283,34.61909],[-83.39257,34.61964],[-83.39059,34.62375],[-83.38913,34.62679],[-83.38701,34.63104],[-83.38513,34.6348],[-83.38421,34.63663],[-83.38388,34.63728],[-83.38344,34.63818],[-83.37528,34.65468],[-83.37488,34.6555],[-83.37357,34.65812],[-83.3719,34.66146],[-83.37128,34.66271],[-83.37007,34.66513],[-83.3679,34.66959],[-83.36668,34.67212],[-83.36504,34.67531],[-83.35904,34.67791],[-83.35605,34.67924],[-83.35371,34.68027],[-83.34962,34.68203],[-83.34926,34.68218],[-83.3484,34.68256],[-83.34782,34.68281],[-83.34764,34.68289],[-83.34668,34.68331],[-83.34645,34.68341],[-83.34637,34.68344],[-83.34625,34.6835],[-83.34622,34.68351],[-83.34605,34.68358],[-83.34602,34.6836],[-83.34598,34.68361],[-83.34532,34.6839],[-83.34457,34.68423],[-83.34269,34.68506],[-83.33834,34.68715],[-83.33823,34.68719],[-83.33819,34.68746],[-83.33817,34.68758],[-83.33819,34.68796],[-83.33829,34.68833],[-83.33837,34.68854],[-83.33863,34.68895],[-83.33949,34.69031],[-83.34,34.69094],[-83.34006,34.69108],[-83.34006,34.69129],[-83.34006,34.69132],[-83.34013,34.69148],[-83.3402,34.69155],[-83.34026,34.69162],[-83.34034,34.69167],[-83.34041,34.69171],[-83.34053,34.69185],[-83.34072,34.69208],[-83.34105,34.69243],[-83.34158,34.6929],[-83.34235,34.69343],[-83.3426,34.69361],[-83.34315,34.69395],[-83.34339,34.69406],[-83.34392,34.69428],[-83.34441,34.69443],[-83.3459,34.69482],[-83.34966,34.69578],[-83.35107,34.69614],[-83.35181,34.6964],[-83.35186,34.69643],[-83.35245,34.69671],[-83.35294,34.69706],[-83.35337,34.69743],[-83.35356,34.6977],[-83.35362,34.69779],[-83.35379,34.69817],[-83.35384,34.69837],[-83.3539,34.69861],[-83.3539,34.69912],[-83.35391,34.69922],[-83.35393,34.69948],[-83.35383,34.69978],[-83.35368,34.70007],[-83.35348,34.70034],[-83.35325,34.7006],[-83.35299,34.70084],[-83.35245,34.70129],[-83.35216,34.70151],[-83.35185,34.7017],[-83.35146,34.70186],[-83.35117,34.70197],[-83.35048,34.70219],[-83.34972,34.70241],[-83.34899,34.70262],[-83.34884,34.70266],[-83.34862,34.70272],[-83.34834,34.7028],[-83.34815,34.70286],[-83.3479,34.70293],[-83.34753,34.70305],[-83.3472,34.70319],[-83.34689,34.70338],[-83.34678,34.70352],[-83.34665,34.70422],[-83.34677,34.70449],[-83.34697,34.70482],[-83.34715,34.70512],[-83.34737,34.70539],[-83.34743,34.70547],[-83.34792,34.706],[-83.348,34.70609],[-83.34846,34.70664],[-83.34972,34.70834],[-83.35004,34.7089],[-83.35024,34.7094],[-83.35049,34.70969],[-83.35053,34.71002],[-83.35082,34.71118],[-83.35088,34.71207],[-83.35091,34.7122],[-83.35101,34.71264],[-83.35103,34.71273],[-83.35107,34.71283],[-83.3511,34.7129],[-83.35115,34.71303],[-83.35133,34.71347],[-83.35152,34.71392],[-83.35171,34.71437],[-83.35177,34.71452],[-83.35181,34.71462],[-83.35201,34.71498],[-83.35216,34.71535],[-83.35245,34.71613],[-83.35253,34.71612],[-83.353,34.71608],[-83.35316,34.71607],[-83.35319,34.71606],[-83.35345,34.71604],[-83.35374,34.71602],[-83.35406,34.71601],[-83.3544,34.71601],[-83.35467,34.71604],[-83.35506,34.71604],[-83.35562,34.71605],[-83.3558,34.71612],[-83.35593,34.71616],[-83.35605,34.71618],[-83.35637,34.71626],[-83.35658,34.71632],[-83.35668,34.71635],[-83.35681,34.71639],[-83.35689,34.71641],[-83.35699,34.71646],[-83.35727,34.71657],[-83.35755,34.71669],[-83.3576,34.7167],[-83.35767,34.71673],[-83.35781,34.71682],[-83.35787,34.71685],[-83.358,34.71692],[-83.35815,34.71701],[-83.35841,34.71717],[-83.35875,34.7174],[-83.35894,34.71753],[-83.35905,34.71761],[-83.35908,34.71763],[-83.35916,34.71769],[-83.35995,34.71819],[-83.36036,34.71851],[-83.36057,34.71867],[-83.36091,34.71888],[-83.36134,34.71912],[-83.36206,34.71946],[-83.36242,34.71964],[-83.36244,34.71964],[-83.36299,34.71991],[-83.36365,34.72014],[-83.36439,34.72039],[-83.36526,34.72088],[-83.36577,34.72121],[-83.36653,34.72179],[-83.36684,34.72207],[-83.36702,34.72223],[-83.36709,34.7223],[-83.3673,34.72251],[-83.36733,34.72254],[-83.36734,34.72255],[-83.36749,34.72268],[-83.36751,34.7227],[-83.36753,34.72271],[-83.36754,34.72273],[-83.36755,34.72274],[-83.36771,34.72292],[-83.36777,34.723],[-83.36778,34.72302],[-83.36782,34.72308],[-83.36812,34.72348],[-83.36846,34.72383],[-83.36864,34.72396],[-83.3688,34.72408],[-83.36925,34.72433],[-83.36984,34.72472],[-83.37001,34.72489],[-83.37015,34.72507],[-83.37032,34.7253],[-83.37069,34.72591],[-83.37116,34.72642],[-83.3716,34.72691],[-83.37193,34.72732],[-83.37208,34.72746],[-83.37225,34.72762],[-83.37293,34.72819],[-83.37325,34.72847],[-83.3743,34.7297],[-83.37441,34.7299],[-83.37444,34.73002],[-83.37459,34.73037],[-83.37459,34.73055],[-83.3746,34.73071],[-83.3746,34.73073],[-83.37463,34.73083],[-83.37472,34.73105],[-83.37479,34.73115],[-83.37489,34.7313],[-83.37494,34.73141],[-83.37494,34.73168],[-83.37489,34.73185],[-83.37485,34.73189],[-83.37482,34.73193],[-83.37483,34.73197],[-83.37484,34.73199],[-83.37485,34.732],[-83.37489,34.73202],[-83.37497,34.73198],[-83.37499,34.73198],[-83.37501,34.73196],[-83.37503,34.73197],[-83.37505,34.73197],[-83.37508,34.73197],[-83.37522,34.73199],[-83.37528,34.73201],[-83.37556,34.73213],[-83.3757,34.73219],[-83.37588,34.73223],[-83.37596,34.73222],[-83.37598,34.7322],[-83.37611,34.7322],[-83.37619,34.73219],[-83.37623,34.73218],[-83.37636,34.73213],[-83.3766,34.73203],[-83.37681,34.73192],[-83.37692,34.73189],[-83.377,34.73185],[-83.37757,34.73158],[-83.37798,34.73138],[-83.37806,34.73136],[-83.3781,34.73133],[-83.37856,34.73128],[-83.37881,34.73126],[-83.37949,34.73124],[-83.37989,34.73123],[-83.38001,34.73122],[-83.38021,34.73124],[-83.38036,34.73125],[-83.38052,34.73127],[-83.38079,34.7313],[-83.38089,34.73129],[-83.38104,34.7313],[-83.38115,34.73132],[-83.38126,34.73134],[-83.3815,34.73141],[-83.38169,34.73147],[-83.38185,34.73152],[-83.38229,34.73164],[-83.38238,34.73169],[-83.38255,34.73182],[-83.3827,34.73199],[-83.38286,34.73224],[-83.3829,34.73239],[-83.38296,34.73251],[-83.38334,34.73286],[-83.38364,34.73307],[-83.38399,34.73325],[-83.38417,34.7333],[-83.38452,34.73335],[-83.38502,34.73335],[-83.38537,34.73338],[-83.38572,34.73341],[-83.38597,34.73343],[-83.38611,34.73345],[-83.38624,34.73354],[-83.38624,34.73363],[-83.3861,34.73385],[-83.38604,34.73389],[-83.38577,34.73407],[-83.38546,34.73432],[-83.38506,34.73462],[-83.38499,34.73468],[-83.38494,34.73477],[-83.38493,34.73479],[-83.38493,34.73491],[-83.38497,34.735],[-83.38508,34.73512],[-83.38541,34.73545],[-83.38623,34.73619],[-83.38668,34.7366],[-83.38679,34.73674],[-83.38685,34.73678],[-83.38689,34.73682],[-83.38693,34.73687],[-83.38699,34.73695],[-83.3872,34.73719],[-83.38734,34.73735],[-83.38738,34.73739],[-83.38742,34.73736],[-83.38838,34.73669],[-83.38947,34.73593],[-83.38959,34.73585],[-83.38982,34.73574],[-83.39027,34.73572],[-83.39037,34.73567],[-83.39042,34.73564],[-83.39049,34.73561],[-83.39052,34.7356],[-83.39068,34.73552],[-83.3909,34.73541],[-83.39094,34.7354],[-83.39098,34.73538],[-83.3913,34.73522],[-83.39144,34.73516],[-83.39161,34.73507],[-83.39286,34.73439],[-83.39301,34.73427],[-83.39313,34.73414],[-83.39333,34.73373],[-83.39346,34.73358],[-83.39358,34.73344],[-83.39386,34.73325],[-83.39423,34.733],[-83.39458,34.73264],[-83.39487,34.73239],[-83.39535,34.73209],[-83.39588,34.73188],[-83.39651,34.73168],[-83.39726,34.7315],[-83.39758,34.73146],[-83.39784,34.73141],[-83.39789,34.7314],[-83.39867,34.73115],[-83.40022,34.73046],[-83.40043,34.73037],[-83.40149,34.72989],[-83.40192,34.7297],[-83.40247,34.72945],[-83.4025,34.72944],[-83.40253,34.72943],[-83.40366,34.72892],[-83.40384,34.72916],[-83.40407,34.7295],[-83.40425,34.72975],[-83.40496,34.73074],[-83.40527,34.7311],[-83.4056,34.73134],[-83.40647,34.7318],[-83.40671,34.73189],[-83.40745,34.73205],[-83.40762,34.73209],[-83.40926,34.73225],[-83.41057,34.73262],[-83.41083,34.73266],[-83.41106,34.73266],[-83.41168,34.73272],[-83.41233,34.73279],[-83.41252,34.73284],[-83.41281,34.73297],[-83.41341,34.73309],[-83.41432,34.73307],[-83.415,34.733],[-83.41534,34.73294],[-83.41573,34.73293],[-83.41596,34.73297],[-83.4163,34.73316],[-83.4164,34.73322],[-83.41666,34.73338],[-83.41725,34.73368],[-83.41758,34.73395],[-83.41811,34.73438],[-83.4183,34.7345],[-83.41859,34.73463],[-83.41907,34.73475],[-83.41947,34.73489],[-83.41997,34.73495],[-83.42016,34.73509],[-83.42039,34.7353],[-83.42074,34.73546],[-83.42104,34.73549],[-83.42149,34.73558],[-83.42182,34.7356],[-83.42225,34.73559],[-83.42244,34.73566],[-83.42299,34.73608],[-83.42322,34.73633],[-83.42326,34.73642],[-83.42326,34.73656],[-83.42287,34.73745],[-83.42291,34.73766],[-83.42304,34.73784],[-83.42361,34.73833],[-83.42403,34.73878],[-83.42442,34.73908],[-83.42452,34.73922],[-83.42457,34.73938],[-83.42464,34.74015],[-83.42457,34.74055],[-83.4245,34.74075],[-83.42336,34.74259],[-83.4231,34.74301],[-83.4229,34.74324],[-83.42284,34.74342],[-83.42284,34.74351],[-83.42289,34.7436],[-83.42329,34.74408],[-83.4234,34.74424],[-83.42373,34.74494],[-83.42388,34.74508],[-83.4245,34.7455],[-83.42503,34.74599],[-83.42571,34.74662],[-83.42596,34.74675],[-83.42625,34.7468],[-83.42673,34.74676],[-83.42722,34.7468],[-83.4277,34.74676],[-83.42866,34.74676],[-83.429,34.74682],[-83.42935,34.74698],[-83.43002,34.7472],[-83.43037,34.74728],[-83.43122,34.74735],[-83.43135,34.74733],[-83.43146,34.74727],[-83.43168,34.74706],[-83.43204,34.74657],[-83.4324,34.74617],[-83.43292,34.74535],[-83.43316,34.74505],[-83.43364,34.7447],[-83.43446,34.74411],[-83.43514,34.74313],[-83.43539,34.74285],[-83.43577,34.74247],[-83.43593,34.74235],[-83.43612,34.74227],[-83.43661,34.74213],[-83.43741,34.74199],[-83.43764,34.742],[-83.43791,34.74206],[-83.43816,34.74215],[-83.43838,34.74226],[-83.43864,34.74244],[-83.43896,34.74272],[-83.43913,34.74283],[-83.43935,34.74292],[-83.4397,34.74302],[-83.44079,34.74303],[-83.44568,34.74305],[-83.44608,34.74305],[-83.44711,34.74215],[-83.44729,34.74204],[-83.44742,34.74181],[-83.44748,34.74156],[-83.44743,34.74129],[-83.44715,34.74069],[-83.44701,34.74047],[-83.44691,34.74023],[-83.44674,34.73948],[-83.4462,34.73846],[-83.44624,34.73795],[-83.44637,34.73686],[-83.44646,34.73676],[-83.44656,34.73669],[-83.44794,34.7362],[-83.4498,34.73464],[-83.45019,34.73435],[-83.45034,34.73427],[-83.45139,34.73395],[-83.45182,34.73372],[-83.45229,34.73342],[-83.45262,34.73327],[-83.4532,34.73311],[-83.45386,34.73302],[-83.45481,34.73279],[-83.45509,34.73268],[-83.45529,34.73263],[-83.45584,34.73247],[-83.45663,34.73211],[-83.45702,34.73202],[-83.45756,34.73185],[-83.45768,34.73187],[-83.45805,34.73215],[-83.45859,34.73247],[-83.4595,34.73248],[-83.45984,34.73256],[-83.46036,34.73282],[-83.46055,34.73289],[-83.46094,34.73308],[-83.46102,34.7331],[-83.46119,34.73309],[-83.46156,34.73297],[-83.46215,34.73286],[-83.46294,34.73259],[-83.46329,34.73252],[-83.46344,34.73253],[-83.46366,34.73262],[-83.46444,34.73335],[-83.46472,34.73352],[-83.46503,34.73361],[-83.46543,34.73366],[-83.46581,34.73364],[-83.46612,34.73357],[-83.46635,34.73349],[-83.46677,34.73328],[-83.46746,34.73276],[-83.46798,34.73222],[-83.46843,34.73181],[-83.46874,34.73154],[-83.46915,34.73111],[-83.4692,34.73099],[-83.46921,34.73077],[-83.46909,34.73025],[-83.46904,34.73016],[-83.46904,34.73006],[-83.4691,34.72994],[-83.46947,34.72961],[-83.46973,34.72933],[-83.4699,34.72918],[-83.47079,34.72862],[-83.47167,34.72795],[-83.47206,34.72776],[-83.47273,34.72755],[-83.47312,34.72733],[-83.47375,34.72696],[-83.47407,34.72681],[-83.47465,34.72643],[-83.47485,34.72625],[-83.47521,34.72611],[-83.47605,34.72558],[-83.4765,34.72538],[-83.4772,34.72521],[-83.47746,34.72509],[-83.4777,34.7249],[-83.47852,34.72399],[-83.47862,34.72395],[-83.47893,34.72394],[-83.48022,34.7239],[-83.48032,34.72392],[-83.48059,34.72411],[-83.48142,34.72493],[-83.48169,34.7251],[-83.48201,34.7252],[-83.48319,34.72542],[-83.4835,34.72545],[-83.48365,34.72551],[-83.48383,34.72569],[-83.48402,34.72604],[-83.48422,34.72634],[-83.48447,34.72659],[-83.48473,34.72669],[-83.48496,34.7267],[-83.48547,34.72653],[-83.48601,34.72623],[-83.48611,34.7262],[-83.48635,34.7262],[-83.48658,34.72623],[-83.48708,34.72638],[-83.48764,34.72669],[-83.48788,34.72678],[-83.48844,34.72692],[-83.4888,34.72695],[-83.49039,34.72697],[-83.49127,34.72697],[-83.49192,34.72696],[-83.49203,34.72699],[-83.49211,34.72705],[-83.4929,34.72787],[-83.49376,34.72877],[-83.49395,34.7289],[-83.4942,34.72897],[-83.49437,34.72898],[-83.49506,34.72889],[-83.49597,34.72885],[-83.49638,34.72887],[-83.49664,34.72893],[-83.49683,34.72904],[-83.49772,34.72973],[-83.49804,34.72999],[-83.49809,34.73002],[-83.49811,34.73003],[-83.4982,34.73018],[-83.49832,34.73039],[-83.49857,34.73062],[-83.49889,34.73081],[-83.4994,34.73138],[-83.49955,34.73166],[-83.49963,34.73194],[-83.49991,34.73249],[-83.49999,34.73264],[-83.50008,34.73279],[-83.50025,34.73294],[-83.50053,34.73304],[-83.50084,34.73307],[-83.50117,34.73304],[-83.50144,34.73298],[-83.50178,34.73289],[-83.502,34.73289],[-83.50222,34.73295],[-83.50234,34.73302],[-83.50258,34.73336],[-83.50259,34.73339],[-83.50263,34.73344],[-83.50275,34.73367],[-83.5029,34.73385],[-83.50308,34.73404],[-83.50326,34.73419],[-83.50349,34.73429],[-83.50403,34.7343],[-83.50431,34.73428],[-83.50457,34.73424],[-83.50491,34.73414],[-83.50552,34.73398],[-83.50553,34.73397],[-83.5059,34.73387],[-83.50609,34.73385],[-83.50682,34.73379],[-83.50715,34.73372],[-83.50731,34.73369],[-83.50809,34.73347],[-83.50816,34.73346],[-83.5082,34.73345],[-83.50829,34.73341],[-83.50863,34.73332],[-83.50894,34.7333],[-83.50925,34.73327],[-83.50971,34.73319],[-83.50985,34.73312],[-83.51047,34.73268],[-83.51083,34.73247],[-83.5115,34.73195],[-83.51181,34.73177],[-83.51209,34.73167],[-83.51213,34.73166],[-83.51218,34.73166],[-83.51235,34.73169],[-83.51246,34.73169],[-83.51256,34.73169],[-83.51267,34.73168],[-83.51279,34.73168],[-83.51302,34.73181],[-83.51321,34.73196],[-83.51328,34.73201],[-83.5135,34.73218],[-83.51367,34.73226],[-83.51383,34.73234],[-83.51406,34.73239],[-83.51432,34.73245],[-83.51462,34.73255],[-83.51488,34.73269],[-83.51499,34.73278],[-83.5151,34.73286],[-83.51523,34.733],[-83.51534,34.73322],[-83.51545,34.73361],[-83.51548,34.73372],[-83.51558,34.73386],[-83.51584,34.73419],[-83.51614,34.73463],[-83.51623,34.73482],[-83.51626,34.73487],[-83.51638,34.735],[-83.51673,34.73524],[-83.51678,34.73526],[-83.5171,34.73537],[-83.51732,34.73541],[-83.51754,34.73544],[-83.5182,34.73548],[-83.51826,34.73548],[-83.51831,34.73549],[-83.51839,34.73549],[-83.51933,34.73549],[-83.51979,34.73553],[-83.52017,34.73562],[-83.52056,34.73571],[-83.52096,34.73583],[-83.52098,34.73583],[-83.52107,34.73586],[-83.52117,34.73593],[-83.52125,34.73604],[-83.52151,34.73644],[-83.52162,34.73658],[-83.52175,34.73663],[-83.52214,34.73672],[-83.52251,34.73683],[-83.52271,34.73694],[-83.52294,34.73703],[-83.5233,34.73723],[-83.5238,34.73756],[-83.52405,34.73769],[-83.5255,34.73865],[-83.52636,34.73905],[-83.52664,34.73913],[-83.52716,34.73917],[-83.52757,34.73914],[-83.52793,34.73903],[-83.52835,34.73882],[-83.52863,34.73872],[-83.52919,34.73858],[-83.52953,34.73857],[-83.5303,34.73868],[-83.53078,34.73885],[-83.53115,34.73894],[-83.53122,34.73895],[-83.53186,34.73901],[-83.53295,34.73905],[-83.53307,34.73912],[-83.53321,34.73939],[-83.53342,34.73961],[-83.53382,34.73985],[-83.53422,34.74002],[-83.53439,34.74005],[-83.53468,34.74006],[-83.5349,34.74001],[-83.53508,34.73991],[-83.53526,34.73985],[-83.53538,34.73983],[-83.53548,34.7399],[-83.53548,34.73996],[-83.53545,34.74001],[-83.53529,34.74083],[-83.53526,34.74123],[-83.53529,34.74147],[-83.53539,34.74169],[-83.53549,34.74178],[-83.53574,34.74228],[-83.5361,34.74275],[-83.53626,34.74301],[-83.53638,34.74342],[-83.53644,34.74402],[-83.53709,34.74503],[-83.53719,34.7453],[-83.53723,34.7456],[-83.53722,34.74588],[-83.53716,34.74606],[-83.53708,34.74619],[-83.53693,34.74634],[-83.53645,34.74669],[-83.53587,34.74705],[-83.53529,34.74728],[-83.53514,34.74737],[-83.53513,34.74742],[-83.53571,34.74768],[-83.53606,34.74788],[-83.53644,34.74815],[-83.53666,34.74836],[-83.53687,34.74859],[-83.53697,34.74864],[-83.53773,34.74869],[-83.53862,34.74867],[-83.53982,34.7485],[-83.5402,34.74846],[-83.54041,34.74847],[-83.54099,34.74855],[-83.54133,34.74858],[-83.5415,34.74863],[-83.54162,34.74873],[-83.5419,34.74927],[-83.54215,34.74953],[-83.54232,34.74966],[-83.54253,34.74976],[-83.54273,34.74984],[-83.54298,34.74989],[-83.54323,34.74992],[-83.54518,34.74997],[-83.54555,34.74996],[-83.54636,34.74985],[-83.54728,34.74959],[-83.54772,34.74946],[-83.54806,34.7494],[-83.54842,34.74939],[-83.54884,34.74942],[-83.54899,34.74945],[-83.54929,34.74962],[-83.54964,34.74974],[-83.55033,34.74986],[-83.55096,34.74993],[-83.55103,34.74997],[-83.55177,34.75068],[-83.55202,34.75115],[-83.55207,34.75136],[-83.55199,34.75167],[-83.552,34.75196],[-83.55205,34.75216],[-83.55216,34.75236],[-83.5522,34.75257],[-83.55229,34.75275],[-83.55265,34.75312],[-83.5534,34.75364],[-83.55382,34.75402],[-83.55402,34.75425],[-83.55429,34.75438],[-83.55441,34.75447],[-83.55488,34.75499],[-83.55553,34.75592],[-83.55567,34.7562],[-83.55577,34.75656],[-83.55586,34.75674],[-83.55624,34.75719],[-83.55643,34.75733],[-83.55669,34.75748],[-83.55681,34.75765],[-83.55684,34.75779],[-83.55681,34.75789],[-83.5564,34.75839],[-83.55609,34.75893],[-83.55605,34.75941],[-83.5561,34.75986],[-83.55629,34.7609],[-83.55627,34.76117],[-83.55617,34.76132],[-83.55589,34.76148],[-83.55578,34.76163],[-83.5557,34.76188],[-83.55566,34.76263],[-83.55563,34.76275],[-83.5555,34.76294],[-83.55512,34.76321],[-83.55505,34.7634],[-83.55506,34.76358],[-83.55513,34.76376],[-83.55521,34.76391],[-83.55564,34.76449],[-83.55566,34.76457],[-83.55565,34.76471],[-83.55556,34.76487],[-83.55515,34.76515],[-83.55505,34.76524],[-83.55483,34.76562],[-83.55479,34.76575],[-83.55487,34.76627],[-83.55524,34.76675],[-83.55535,34.76695],[-83.5554,34.76707],[-83.55552,34.7672],[-83.55592,34.76757],[-83.55614,34.76772],[-83.55637,34.76782],[-83.55663,34.7679],[-83.55746,34.76802],[-83.55763,34.76811],[-83.5578,34.76824],[-83.55786,34.76835],[-83.55799,34.76902],[-83.55802,34.76937],[-83.55809,34.76975],[-83.55814,34.76989],[-83.55827,34.7701],[-83.55843,34.77031],[-83.5586,34.77047],[-83.55878,34.77058],[-83.55904,34.77069],[-83.55913,34.77075],[-83.55937,34.77109],[-83.55956,34.77128],[-83.55981,34.77143],[-83.56017,34.77155],[-83.56029,34.77163],[-83.5604,34.77177],[-83.56046,34.7719],[-83.56043,34.772],[-83.56033,34.77205],[-83.5602,34.77207],[-83.56013,34.7721],[-83.55998,34.77228],[-83.55983,34.77257],[-83.55971,34.77301],[-83.55955,34.77328],[-83.5593,34.7735],[-83.55897,34.77388],[-83.55893,34.77399],[-83.55887,34.77424],[-83.55885,34.77449],[-83.55892,34.77521],[-83.55893,34.77559],[-83.55899,34.77582],[-83.55911,34.77607],[-83.55919,34.77633],[-83.55936,34.777],[-83.5596,34.77763],[-83.55997,34.77834],[-83.56062,34.7794],[-83.561,34.7799],[-83.5612,34.78002],[-83.56133,34.78003],[-83.56145,34.78008],[-83.56183,34.78053],[-83.56221,34.7811],[-83.56225,34.78128],[-83.56221,34.78141],[-83.56214,34.78147],[-83.562,34.78152],[-83.56181,34.78156],[-83.56164,34.78156],[-83.56132,34.78167],[-83.56116,34.78189],[-83.56101,34.7823],[-83.56078,34.78257],[-83.56053,34.78275],[-83.55984,34.7831],[-83.55923,34.78351],[-83.55894,34.78363],[-83.55837,34.78381],[-83.55769,34.78406],[-83.55695,34.78429],[-83.55661,34.78446],[-83.5565,34.78454],[-83.55647,34.78463],[-83.55657,34.78489],[-83.55659,34.78492],[-83.55664,34.78506],[-83.55676,34.78517],[-83.55715,34.78541],[-83.55743,34.78564],[-83.55763,34.78584],[-83.55782,34.78616],[-83.55788,34.78622],[-83.55805,34.78629],[-83.55841,34.78628],[-83.55868,34.78638],[-83.5593,34.78684],[-83.55975,34.78728],[-83.56016,34.78761],[-83.5605,34.78784],[-83.56085,34.78802],[-83.5611,34.78811],[-83.56133,34.78814],[-83.56195,34.78804],[-83.56228,34.78801],[-83.56244,34.78807],[-83.56255,34.78821],[-83.56261,34.78848],[-83.56274,34.78873],[-83.5629,34.78894],[-83.56316,34.78918],[-83.56335,34.78927],[-83.56356,34.7893],[-83.56367,34.78934],[-83.56377,34.78941],[-83.56389,34.78957],[-83.56421,34.78974],[-83.56443,34.78979],[-83.56516,34.78988],[-83.56538,34.78994],[-83.5656,34.79004],[-83.56579,34.79015],[-83.56597,34.79031],[-83.56612,34.7905],[-83.56638,34.79086],[-83.56663,34.79104],[-83.56685,34.79116],[-83.56706,34.79122],[-83.56731,34.79125],[-83.5677,34.79126],[-83.56812,34.79124],[-83.56921,34.79144],[-83.5696,34.79144],[-83.56976,34.79142],[-83.56993,34.79136],[-83.57017,34.79122],[-83.57038,34.79119],[-83.57067,34.79124],[-83.57089,34.79134],[-83.57105,34.79147],[-83.57123,34.79172],[-83.57133,34.79187],[-83.57137,34.79205],[-83.57136,34.79228],[-83.57136,34.79231],[-83.57146,34.79251],[-83.57168,34.79272],[-83.57192,34.79286],[-83.57213,34.79297],[-83.57237,34.79318],[-83.57263,34.79354],[-83.57272,34.79366],[-83.57276,34.79372],[-83.5728,34.79379],[-83.57292,34.79403],[-83.57303,34.79429],[-83.57314,34.79448],[-83.57338,34.79476],[-83.57365,34.795],[-83.57393,34.79521],[-83.57418,34.79529],[-83.57505,34.79543],[-83.57557,34.79544],[-83.57625,34.79549],[-83.57634,34.79557],[-83.57632,34.79575],[-83.57626,34.79588],[-83.57597,34.79613],[-83.57587,34.7963],[-83.57579,34.79661],[-83.57578,34.79687],[-83.57584,34.79717],[-83.57597,34.79747],[-83.57598,34.79767],[-83.57593,34.79781],[-83.57584,34.79818],[-83.57573,34.79847],[-83.57557,34.79875],[-83.57541,34.79892],[-83.57531,34.79911],[-83.57526,34.79935],[-83.57527,34.79956],[-83.57544,34.79978],[-83.57579,34.80003],[-83.57621,34.80024],[-83.57664,34.8004],[-83.57715,34.80065],[-83.57751,34.80083],[-83.57776,34.80101],[-83.57783,34.80113],[-83.57786,34.80127],[-83.57776,34.80234],[-83.57766,34.80269],[-83.57754,34.8029],[-83.57742,34.80303],[-83.57742,34.80309],[-83.57744,34.80313],[-83.57751,34.80324],[-83.57764,34.80334],[-83.57873,34.80378],[-83.5789,34.80388],[-83.57901,34.80397],[-83.57937,34.80422],[-83.57956,34.80432],[-83.57983,34.8044],[-83.58021,34.80445],[-83.58058,34.80467],[-83.58068,34.8047],[-83.5808,34.80468],[-83.58089,34.8047],[-83.58102,34.80479],[-83.58114,34.80492],[-83.58121,34.80501],[-83.58125,34.80517],[-83.58126,34.80555],[-83.5814,34.80593],[-83.5814,34.80625],[-83.58146,34.80643],[-83.58158,34.80655],[-83.58193,34.80672],[-83.58216,34.80701],[-83.58227,34.80705],[-83.58235,34.80712],[-83.58245,34.80729],[-83.58247,34.80743],[-83.58245,34.80753],[-83.58215,34.80799],[-83.58212,34.8081],[-83.58215,34.8082],[-83.58228,34.8084],[-83.58245,34.80858],[-83.58264,34.80873],[-83.58289,34.80889],[-83.58298,34.80897],[-83.58302,34.80908],[-83.58304,34.80921],[-83.58301,34.8093],[-83.58293,34.80938],[-83.58283,34.80943],[-83.58272,34.80945],[-83.58247,34.80939],[-83.58238,34.8094],[-83.5822,34.8095],[-83.58207,34.80965],[-83.58186,34.80996],[-83.58176,34.81019],[-83.5817,34.81062],[-83.58171,34.81079],[-83.5818,34.811],[-83.58195,34.81115],[-83.58268,34.81159],[-83.58338,34.81193],[-83.58379,34.81218],[-83.5842,34.81248],[-83.58431,34.81262],[-83.58446,34.81305],[-83.58461,34.81377],[-83.58462,34.81396],[-83.58459,34.81414],[-83.58456,34.8143],[-83.58441,34.8148],[-83.58435,34.81489],[-83.58423,34.81497],[-83.58412,34.81513],[-83.58414,34.81525],[-83.58482,34.81599],[-83.58517,34.81623],[-83.58578,34.81653],[-83.58609,34.81663],[-83.58654,34.81673],[-83.58682,34.81687],[-83.58704,34.81711],[-83.58726,34.8175],[-83.58758,34.81797],[-83.58769,34.81823],[-83.58775,34.8185],[-83.58777,34.81885],[-83.58773,34.81908],[-83.58766,34.81927],[-83.58753,34.81944],[-83.58739,34.81955],[-83.58708,34.81973],[-83.58691,34.8199],[-83.5869,34.81999],[-83.587,34.82008],[-83.58716,34.82014],[-83.58731,34.82023],[-83.58782,34.82063],[-83.58792,34.82068],[-83.58808,34.82069],[-83.58867,34.82053],[-83.58885,34.82056],[-83.589,34.82061],[-83.58914,34.82068],[-83.58935,34.82085],[-83.58944,34.82096],[-83.58953,34.82115],[-83.5896,34.82124],[-83.58973,34.82132],[-83.58992,34.82138],[-83.5902,34.82142],[-83.59046,34.82138],[-83.5905,34.82138],[-83.59064,34.82137],[-83.59166,34.82148],[-83.59192,34.82153],[-83.59217,34.82163],[-83.59289,34.82204],[-83.59351,34.82257],[-83.59367,34.82267],[-83.59378,34.82273],[-83.59436,34.82289],[-83.59455,34.823],[-83.59559,34.82414],[-83.59605,34.82453],[-83.5965,34.82479],[-83.59782,34.82533],[-83.59798,34.82534],[-83.59833,34.82525],[-83.59855,34.82527],[-83.59897,34.82542],[-83.59942,34.8255],[-83.60054,34.82602],[-83.60081,34.82604],[-83.60103,34.82608],[-83.60116,34.82618],[-83.60122,34.82636],[-83.60129,34.82646],[-83.60141,34.82654],[-83.60157,34.82662],[-83.60181,34.82665],[-83.60198,34.82668],[-83.60262,34.82668],[-83.60296,34.82682],[-83.60354,34.82694],[-83.60395,34.82714],[-83.60415,34.82716],[-83.60438,34.82714],[-83.60459,34.82717],[-83.60552,34.82761],[-83.60589,34.8277],[-83.60645,34.82774],[-83.6068,34.82772],[-83.60762,34.82759],[-83.60786,34.82749],[-83.60812,34.82734],[-83.60863,34.82692],[-83.6089,34.82673],[-83.60964,34.82636],[-83.61045,34.82604],[-83.61098,34.82592],[-83.61136,34.82587],[-83.61141,34.82582],[-83.61143,34.82574],[-83.61134,34.82556],[-83.61132,34.82541],[-83.6114,34.82514],[-83.61141,34.82498],[-83.61125,34.82443],[-83.6113,34.82408],[-83.61201,34.82284],[-83.61231,34.8223],[-83.61246,34.82215],[-83.61253,34.82212],[-83.61282,34.82204],[-83.61308,34.82202],[-83.61327,34.82203],[-83.61345,34.82208],[-83.61405,34.82241],[-83.61454,34.8226],[-83.61502,34.82275],[-83.61563,34.82291],[-83.61619,34.82299],[-83.61679,34.82312],[-83.6179,34.82351],[-83.61877,34.82366],[-83.61921,34.82367],[-83.61988,34.82359],[-83.62,34.82354],[-83.62025,34.82336],[-83.62051,34.82322],[-83.62139,34.82291],[-83.62155,34.82288],[-83.62199,34.82282],[-83.62239,34.82281],[-83.62269,34.82286],[-83.62288,34.82295],[-83.6231,34.82299],[-83.62405,34.82297],[-83.62479,34.82299],[-83.62497,34.82302],[-83.62551,34.82326],[-83.62599,34.82356],[-83.62684,34.82385],[-83.62736,34.82397],[-83.62783,34.82416],[-83.62824,34.82439],[-83.62856,34.82465],[-83.62888,34.8248],[-83.62914,34.82496],[-83.62958,34.82533],[-83.62968,34.82537],[-83.6298,34.82538],[-83.63022,34.82527],[-83.63108,34.82519],[-83.63138,34.8251],[-83.63171,34.82495],[-83.632,34.82487],[-83.63234,34.82481],[-83.63264,34.82478],[-83.63286,34.82474],[-83.63349,34.82454],[-83.63385,34.82437],[-83.634,34.82426],[-83.63466,34.82369],[-83.63505,34.8234],[-83.63534,34.82323],[-83.63554,34.82316],[-83.63572,34.82312],[-83.63645,34.8231],[-83.63721,34.82304],[-83.6386,34.82284],[-83.63945,34.82277],[-83.63975,34.82278],[-83.64001,34.82284],[-83.64036,34.82297],[-83.64102,34.82329],[-83.6412,34.82333],[-83.64157,34.82335],[-83.64192,34.82342],[-83.64215,34.82351],[-83.64259,34.82374],[-83.64302,34.82388],[-83.64358,34.824],[-83.64409,34.82397],[-83.64441,34.82402],[-83.64474,34.82412],[-83.6451,34.82419],[-83.64556,34.82442],[-83.64579,34.8245],[-83.64633,34.82453],[-83.64714,34.82464],[-83.6473,34.82471],[-83.64749,34.82484],[-83.64805,34.8253],[-83.64834,34.82537],[-83.64868,34.82537],[-83.64888,34.82533],[-83.64907,34.82526],[-83.64965,34.82482],[-83.65001,34.82442],[-83.65021,34.82415],[-83.65045,34.82392],[-83.65129,34.82343],[-83.65172,34.82314],[-83.65177,34.8231],[-83.65187,34.82306],[-83.65207,34.82302],[-83.65219,34.82299],[-83.65219,34.82288],[-83.65222,34.82273],[-83.65224,34.82268],[-83.65224,34.82259],[-83.65226,34.82246],[-83.65229,34.82232],[-83.65234,34.82219],[-83.65239,34.82208],[-83.65244,34.82197],[-83.65251,34.82186],[-83.65259,34.82175],[-83.65267,34.82165],[-83.65276,34.82154],[-83.65286,34.82145],[-83.65296,34.82135],[-83.65306,34.82126],[-83.65316,34.82117],[-83.65327,34.82108],[-83.65338,34.821],[-83.65349,34.82092],[-83.65361,34.82084],[-83.65373,34.82076],[-83.65396,34.82061],[-83.6542,34.82046],[-83.65444,34.82031],[-83.65467,34.82017],[-83.65489,34.82],[-83.65511,34.81983],[-83.65533,34.81966],[-83.65544,34.81958],[-83.65555,34.81949],[-83.65565,34.8194],[-83.65574,34.81931],[-83.65583,34.81921],[-83.65592,34.81911],[-83.656,34.81901],[-83.65608,34.8189],[-83.65616,34.81879],[-83.65623,34.81869],[-83.6563,34.81858],[-83.65637,34.81846],[-83.65644,34.81835],[-83.6565,34.81824],[-83.65656,34.81813],[-83.65662,34.81801],[-83.65667,34.8179],[-83.65672,34.81778],[-83.65676,34.81766],[-83.65681,34.81754],[-83.65685,34.81742],[-83.65688,34.8173],[-83.65692,34.81718],[-83.65695,34.81706],[-83.65699,34.81694],[-83.65702,34.81682],[-83.65704,34.8167],[-83.65706,34.81658],[-83.65708,34.81645],[-83.6571,34.81633],[-83.65712,34.81621],[-83.65714,34.81608],[-83.65716,34.81596],[-83.65719,34.81584],[-83.65722,34.81572],[-83.65728,34.81548],[-83.65734,34.81523],[-83.65742,34.81499],[-83.65746,34.81487],[-83.6575,34.81476],[-83.65755,34.81463],[-83.6576,34.81452],[-83.65765,34.81441],[-83.65772,34.8143],[-83.65779,34.81419],[-83.65787,34.81409],[-83.65805,34.81388],[-83.65823,34.81368],[-83.65832,34.81359],[-83.65841,34.81348],[-83.6585,34.81339],[-83.6586,34.81329],[-83.65869,34.81319],[-83.65879,34.8131],[-83.65889,34.81301],[-83.659,34.81293],[-83.65912,34.81285],[-83.65923,34.81277],[-83.65935,34.81269],[-83.65947,34.81262],[-83.6596,34.81255],[-83.65972,34.81248],[-83.65985,34.81242],[-83.65998,34.81236],[-83.66011,34.8123],[-83.66024,34.81225],[-83.66038,34.8122],[-83.66052,34.81214],[-83.66065,34.81209],[-83.66079,34.81204],[-83.66106,34.81194],[-83.66133,34.81183],[-83.6616,34.81173],[-83.66187,34.81162],[-83.66214,34.81151],[-83.66241,34.8114],[-83.66268,34.81129],[-83.66295,34.81118],[-83.66308,34.81112],[-83.66321,34.81106],[-83.66333,34.81099],[-83.66343,34.8109],[-83.66354,34.81082],[-83.66364,34.81072],[-83.66374,34.81063],[-83.66383,34.81053],[-83.66392,34.81043],[-83.66401,34.81033],[-83.66409,34.81022],[-83.66417,34.81012],[-83.66425,34.81002],[-83.66432,34.80991],[-83.66439,34.8098],[-83.66445,34.80968],[-83.66452,34.80957],[-83.66458,34.80946],[-83.66471,34.80924],[-83.66483,34.80901],[-83.66496,34.80878],[-83.66502,34.80867],[-83.66509,34.80856],[-83.66516,34.80845],[-83.66523,34.80834],[-83.66531,34.80824],[-83.66539,34.80813],[-83.66547,34.80803],[-83.66555,34.80792],[-83.66563,34.80782],[-83.66571,34.80771],[-83.6658,34.80761],[-83.66589,34.80751],[-83.66598,34.80741],[-83.66607,34.80731],[-83.66616,34.80722],[-83.66626,34.80713],[-83.66637,34.80705],[-83.66648,34.80697],[-83.66661,34.8069],[-83.66674,34.80684],[-83.66688,34.80678],[-83.66714,34.80666],[-83.6674,34.80654],[-83.66754,34.80649],[-83.66768,34.80645],[-83.66782,34.8064],[-83.66809,34.80632],[-83.66838,34.80623],[-83.66866,34.80615],[-83.66894,34.80607],[-83.66923,34.80599],[-83.66937,34.80595],[-83.66951,34.80591],[-83.66979,34.80584],[-83.67008,34.80576],[-83.67036,34.80569],[-83.67065,34.80563],[-83.67094,34.80556],[-83.67123,34.8055],[-83.67152,34.80544],[-83.6718,34.80537],[-83.67209,34.8053],[-83.67238,34.80523],[-83.67252,34.80519],[-83.67266,34.80515],[-83.6728,34.80511],[-83.67294,34.80507],[-83.67308,34.80503],[-83.67337,34.80495],[-83.67351,34.80491],[-83.67379,34.80483],[-83.67394,34.8048],[-83.67408,34.80476],[-83.67423,34.80473],[-83.67437,34.80471],[-83.67452,34.80469],[-83.67466,34.80467],[-83.67481,34.80466],[-83.67496,34.80465],[-83.67511,34.80464],[-83.67541,34.80461],[-83.67556,34.80459],[-83.67584,34.80455],[-83.67614,34.80449],[-83.67629,34.80445],[-83.67643,34.80441],[-83.67657,34.80436],[-83.6767,34.80431],[-83.67683,34.80426],[-83.67696,34.80419],[-83.67708,34.80412],[-83.67732,34.80398],[-83.67755,34.80382],[-83.67778,34.80365],[-83.67801,34.80349],[-83.67823,34.80333],[-83.67846,34.80316],[-83.67868,34.803],[-83.67889,34.80283],[-83.67911,34.80266],[-83.67933,34.80249],[-83.67955,34.80232],[-83.67978,34.80216],[-83.68,34.802],[-83.68023,34.80184],[-83.68047,34.80169],[-83.6807,34.80153],[-83.68093,34.80138],[-83.68105,34.8013],[-83.68116,34.80122],[-83.68128,34.80114],[-83.68139,34.80106],[-83.6815,34.80096],[-83.6816,34.80088],[-83.6816,34.80049],[-83.6817,34.80029],[-83.6814,34.79979],[-83.681,34.79919],[-83.6806,34.79879],[-83.6801,34.79819],[-83.6798,34.79779],[-83.6795,34.79729],[-83.6792,34.79689],[-83.67887,34.79656],[-83.6787,34.79639],[-83.6783,34.79589],[-83.6784,34.79539],[-83.6787,34.79469],[-83.6786,34.79399],[-83.6782,34.79339],[-83.6775,34.79299],[-83.677,34.79249],[-83.6768,34.79199],[-83.6765,34.79149],[-83.6764,34.79089],[-83.6762,34.79009],[-83.6759,34.78929],[-83.6752,34.78859],[-83.6748,34.78829],[-83.6744,34.78809],[-83.6738,34.78799],[-83.673,34.78799],[-83.672,34.78839],[-83.671,34.78889],[-83.6702,34.78919],[-83.6693,34.78919],[-83.6689,34.78899],[-83.6686,34.78859],[-83.667,34.78759],[-83.6667,34.78749],[-83.6662,34.78689],[-83.6659,34.78629],[-83.6656,34.78589],[-83.665,34.78569],[-83.664,34.78549],[-83.6631,34.78489],[-83.6626,34.78439],[-83.6618,34.78399],[-83.6612,34.78349],[-83.6605,34.78289],[-83.6597,34.78219],[-83.6589,34.78139],[-83.6583,34.78089],[-83.6576,34.78039],[-83.6569,34.78009],[-83.6562,34.77989],[-83.6555,34.77939],[-83.6547,34.77889],[-83.6541,34.77839],[-83.6536,34.77819],[-83.6531,34.77769],[-83.6527,34.77729],[-83.6522,34.77719],[-83.6517,34.77679],[-83.6511,34.77639],[-83.65049,34.77579],[-83.64989,34.77519],[-83.6492,34.77439],[-83.6489,34.77379],[-83.6486,34.77329],[-83.648,34.77279],[-83.64729,34.77229],[-83.64669,34.77209],[-83.64609,34.77179],[-83.6455,34.77179],[-83.64499,34.77189],[-83.64439,34.77179],[-83.6437,34.77189],[-83.6431,34.77229],[-83.64239,34.77269],[-83.6417,34.77289],[-83.64119,34.77279],[-83.64059,34.77259],[-83.64,34.77259],[-83.63929,34.77269],[-83.63849,34.77229],[-83.6378,34.77199],[-83.63769,34.77189],[-83.63729,34.77189],[-83.63709,34.77174],[-83.63699,34.77169],[-83.63649,34.77169],[-83.6358,34.77169],[-83.6352,34.77149],[-83.6347,34.77119],[-83.63399,34.77089],[-83.63359,34.77069],[-83.6333,34.77049],[-83.6329,34.77009],[-83.6327,34.76979],[-83.63259,34.76959],[-83.6327,34.76939],[-83.6333,34.76919],[-83.63379,34.76789],[-83.63379,34.76749],[-83.63359,34.76729],[-83.63299,34.76709],[-83.6321,34.76679],[-83.6315,34.76649],[-83.6313,34.76599],[-83.6313,34.76569],[-83.63119,34.76529],[-83.63099,34.76499],[-83.6309,34.76459],[-83.63019,34.76429],[-83.62959,34.76409],[-83.6292,34.76379],[-83.6288,34.76359],[-83.62849,34.76359],[-83.62829,34.76339],[-83.62829,34.76289],[-83.62869,34.76249],[-83.62889,34.76199],[-83.6288,34.76149],[-83.6284,34.76089],[-83.62809,34.76049],[-83.6282,34.75999],[-83.62849,34.75949],[-83.629,34.75919],[-83.62939,34.75889],[-83.62939,34.75829],[-83.62939,34.75779],[-83.62959,34.75749],[-83.63019,34.75699],[-83.6307,34.75649],[-83.631,34.75599],[-83.6313,34.75559],[-83.6316,34.75519],[-83.6322,34.75489],[-83.6325,34.75449],[-83.6327,34.75399],[-83.6327,34.75349],[-83.6327,34.75309],[-83.6326,34.75249],[-83.6325,34.75229],[-83.6325,34.75189],[-83.6324,34.75159],[-83.6322,34.75129],[-83.632,34.75119],[-83.6317,34.75099],[-83.6312,34.75089],[-83.6309,34.75079],[-83.6306,34.75069],[-83.6305,34.75069],[-83.6302,34.75059],[-83.63,34.75049],[-83.6299,34.75049],[-83.6298,34.75039],[-83.62955,34.75009],[-83.6296,34.75009],[-83.6295,34.74989],[-83.6293,34.74959],[-83.6293,34.74929],[-83.6293,34.74889],[-83.6293,34.74859],[-83.6294,34.74809],[-83.6294,34.74779],[-83.6293,34.74749],[-83.6292,34.74739],[-83.629,34.74719],[-83.6289,34.74719],[-83.6286,34.74709],[-83.6284,34.74699],[-83.6283,34.74689],[-83.6281,34.74679],[-83.6279,34.74669],[-83.6277,34.74659],[-83.6275,34.74669],[-83.6273,34.74669],[-83.627,34.74669],[-83.6269,34.74659],[-83.6268,34.74659],[-83.6267,34.74639],[-83.6265,34.74629],[-83.6264,34.74619],[-83.6261,34.74619],[-83.6257,34.74609],[-83.6256,34.74599],[-83.6253,34.74599],[-83.6252,34.74599],[-83.6251,34.74589],[-83.6249,34.74524],[-83.6251,34.74459],[-83.6252,34.74449],[-83.6253,34.74429],[-83.6255,34.74399],[-83.6256,34.74369],[-83.6255,34.74339],[-83.6255,34.74319],[-83.6255,34.74289],[-83.6254,34.74269],[-83.6255,34.74239],[-83.6257,34.74209],[-83.6261,34.74159],[-83.6265,34.74119],[-83.6267,34.74089],[-83.6267,34.74059],[-83.6267,34.74029],[-83.6267,34.73989],[-83.6265,34.73949],[-83.6263,34.73909],[-83.6262,34.73879],[-83.6262,34.73859],[-83.6261,34.73839],[-83.6262,34.73799],[-83.6261,34.73779],[-83.626,34.73769],[-83.6257,34.73689],[-83.6256,34.73689],[-83.6256,34.73669],[-83.6256,34.73659],[-83.6256,34.73629],[-83.6256,34.73599],[-83.6255,34.73569],[-83.6254,34.73549],[-83.6253,34.73519],[-83.6252,34.73489],[-83.6251,34.73469],[-83.625,34.73459],[-83.6249,34.73444],[-83.6247,34.73439],[-83.6241,34.73419],[-83.6236,34.73379],[-83.6236,34.73319],[-83.6235,34.73259],[-83.6233,34.73219],[-83.6238,34.73149],[-83.6242,34.73119],[-83.6246,34.72929],[-83.6247,34.72929],[-83.6248,34.72929],[-83.6249,34.72939],[-83.6252,34.72959],[-83.6253,34.72959],[-83.6253,34.72949],[-83.6259,34.72929],[-83.6267,34.72899],[-83.6273,34.72869],[-83.6277,34.72849],[-83.628,34.72819],[-83.62829,34.72799],[-83.6288,34.72779],[-83.62909,34.72759],[-83.6295,34.72719],[-83.6299,34.72689],[-83.63019,34.72649],[-83.63026,34.72638],[-83.6305,34.72599],[-83.63079,34.72539],[-83.63119,34.72479],[-83.6313,34.72439],[-83.63159,34.72399],[-83.63199,34.72379],[-83.6325,34.72349],[-83.6329,34.72319],[-83.6333,34.72259],[-83.63339,34.72219],[-83.63299,34.72149],[-83.63279,34.72119],[-83.6327,34.72099],[-83.63259,34.72079],[-83.63259,34.72059],[-83.6327,34.72049],[-83.6329,34.72019],[-83.6331,34.71989],[-83.63344,34.71955],[-83.6335,34.71949],[-83.63352,34.71943],[-83.63379,34.71879],[-83.63399,34.71859],[-83.63424,34.71843],[-83.6343,34.71839],[-83.6345,34.71819],[-83.63459,34.71769],[-83.63459,34.71739],[-83.63459,34.71699],[-83.6347,34.71679],[-83.63489,34.71649],[-83.63509,34.71619],[-83.63529,34.71599],[-83.63569,34.71559],[-83.636,34.71519],[-83.63609,34.71499],[-83.6362,34.71479],[-83.63646,34.71468],[-83.63667,34.7146],[-83.63684,34.71454],[-83.63699,34.71448],[-83.63706,34.71448],[-83.63715,34.71448],[-83.63738,34.71414],[-83.63749,34.71379],[-83.6374,34.71359],[-83.6372,34.71329],[-83.63709,34.71299],[-83.63709,34.71279],[-83.63729,34.71259],[-83.63755,34.71225],[-83.6376,34.71219],[-83.63764,34.71215],[-83.6378,34.71199],[-83.63789,34.71169],[-83.638,34.71149],[-83.63829,34.71149],[-83.6388,34.71149],[-83.63909,34.71149],[-83.6392,34.71149],[-83.63921,34.71148],[-83.63922,34.71143],[-83.63935,34.7111],[-83.6394,34.71099],[-83.6395,34.71049],[-83.6394,34.71019],[-83.6394,34.70989],[-83.6394,34.70959],[-83.6393,34.70909],[-83.6393,34.70892],[-83.6393,34.70859],[-83.63935,34.70832],[-83.6394,34.70809],[-83.6394,34.70779],[-83.6394,34.70749],[-83.63939,34.70706],[-83.6394,34.7067],[-83.6393,34.70639],[-83.6391,34.70599],[-83.6389,34.70549],[-83.6387,34.70499],[-83.6386,34.70469],[-83.63849,34.70429],[-83.63841,34.70389],[-83.63819,34.70349],[-83.6379,34.7025],[-83.63756,34.70182],[-83.63749,34.70169],[-83.63729,34.70139],[-83.6373,34.7012],[-83.63729,34.70118],[-83.63715,34.70089],[-83.6371,34.70079],[-83.637,34.70059],[-83.63689,34.70028],[-83.63679,34.7002],[-83.63669,34.7001],[-83.63651,34.69983],[-83.63649,34.69979],[-83.6365,34.69969],[-83.6365,34.6996],[-83.63656,34.69927],[-83.63674,34.69834],[-83.6371,34.6964],[-83.64001,34.68264],[-83.64019,34.68178],[-83.64038,34.68088],[-83.64055,34.68011],[-83.6406,34.67991],[-83.64068,34.67994],[-83.64099,34.68006],[-83.6412,34.68006],[-83.64141,34.68003],[-83.64157,34.67997],[-83.64175,34.67993],[-83.64203,34.6799],[-83.64226,34.67993],[-83.64279,34.67987],[-83.64315,34.67984],[-83.6432,34.67982],[-83.64365,34.67969],[-83.64371,34.67966],[-83.64393,34.67956],[-83.64418,34.67944],[-83.64439,34.67933],[-83.64452,34.67921],[-83.64458,34.67908],[-83.6446,34.67879],[-83.64453,34.67861],[-83.64445,34.6784],[-83.64428,34.67807],[-83.64424,34.678],[-83.64424,34.67784],[-83.64427,34.67773],[-83.6445,34.67739],[-83.6446,34.67732],[-83.64508,34.67707],[-83.64531,34.67691],[-83.64542,34.67679],[-83.64549,34.67663],[-83.64557,34.67647],[-83.64565,34.67625],[-83.64572,34.67605],[-83.64575,34.67585],[-83.64577,34.67546],[-83.64584,34.6753],[-83.64604,34.6751],[-83.64639,34.67485],[-83.6465,34.67472],[-83.64662,34.67459],[-83.64681,34.67445],[-83.64722,34.67425],[-83.6477,34.67407],[-83.64799,34.6739],[-83.64807,34.67384],[-83.64818,34.67375],[-83.64832,34.67364],[-83.64835,34.67362],[-83.64844,34.67345],[-83.64843,34.67334],[-83.64839,34.67324],[-83.64835,34.67313],[-83.6483,34.67305],[-83.64823,34.67295],[-83.64804,34.67274],[-83.64799,34.6727],[-83.64782,34.67258],[-83.64761,34.67252],[-83.64752,34.67252],[-83.64735,34.6725],[-83.64673,34.67252],[-83.64658,34.67252],[-83.64615,34.67251],[-83.64599,34.67246],[-83.6459,34.67238],[-83.6458,34.6721],[-83.6458,34.67192],[-83.64577,34.6718],[-83.64574,34.67164],[-83.64566,34.67149],[-83.64555,34.6713],[-83.64549,34.67099],[-83.64549,34.67087],[-83.64562,34.67065],[-83.64562,34.67062],[-83.64565,34.67054],[-83.64571,34.67038],[-83.64581,34.6701],[-83.64582,34.67001],[-83.64583,34.66996],[-83.64574,34.66982],[-83.64544,34.66973],[-83.64525,34.66962],[-83.64529,34.66958],[-83.64532,34.66955],[-83.6453,34.66948],[-83.64529,34.66943],[-83.64525,34.66937],[-83.64522,34.66931],[-83.64519,34.66923],[-83.64526,34.66908],[-83.64529,34.66901],[-83.64545,34.6688],[-83.6456,34.66869],[-83.64586,34.66868],[-83.64597,34.66869],[-83.64651,34.66884],[-83.64663,34.66886],[-83.64676,34.66888],[-83.64679,34.66889],[-83.64693,34.66884],[-83.64722,34.66864],[-83.64757,34.66826],[-83.64813,34.66784],[-83.64824,34.66781],[-83.64844,34.66776],[-83.64876,34.66769],[-83.64892,34.66761],[-83.64903,34.66757],[-83.64907,34.66754],[-83.64915,34.66748],[-83.64917,34.66745],[-83.64946,34.66698],[-83.64957,34.66681],[-83.64967,34.66672],[-83.6498,34.66659],[-83.64993,34.66652],[-83.6504,34.66643],[-83.65064,34.66644],[-83.65077,34.66645],[-83.65099,34.66646],[-83.65118,34.66649],[-83.6513,34.6665],[-83.652,34.66659],[-83.65214,34.6666],[-83.65234,34.66665],[-83.65311,34.66698],[-83.65333,34.66704],[-83.65363,34.66702],[-83.65381,34.66697],[-83.654,34.66687],[-83.65417,34.66674],[-83.65424,34.66664],[-83.65433,34.66625],[-83.65435,34.66566],[-83.65432,34.6654],[-83.6543,34.66512],[-83.65415,34.66477],[-83.65411,34.66431],[-83.65414,34.66399],[-83.65419,34.66387],[-83.65426,34.66376],[-83.65449,34.66366],[-83.65468,34.6636],[-83.65476,34.66353],[-83.6548,34.66341],[-83.65478,34.66334],[-83.65476,34.66326],[-83.65475,34.66314],[-83.65474,34.66302],[-83.65477,34.66265],[-83.65485,34.66255],[-83.65499,34.66254],[-83.65503,34.66253],[-83.65513,34.66258],[-83.65519,34.66261],[-83.6553,34.6626],[-83.65547,34.66249],[-83.6555,34.66247],[-83.65558,34.66246],[-83.65565,34.66249],[-83.65572,34.66251],[-83.65593,34.66247],[-83.65601,34.66245],[-83.65605,34.66245],[-83.65617,34.66242],[-83.65616,34.66236],[-83.65615,34.66233],[-83.65614,34.66225],[-83.65611,34.66217],[-83.65604,34.66199],[-83.65604,34.66191],[-83.65605,34.6619],[-83.65608,34.66185],[-83.65614,34.6618],[-83.65622,34.66177],[-83.65635,34.66171],[-83.65649,34.66165],[-83.65656,34.66162],[-83.65685,34.66148],[-83.65717,34.66129],[-83.65721,34.66126],[-83.65737,34.66114],[-83.65764,34.66079],[-83.65787,34.66028],[-83.65796,34.66015],[-83.65813,34.65999],[-83.65846,34.65979],[-83.65873,34.65963],[-83.65886,34.65959],[-83.65909,34.65959],[-83.65936,34.65964],[-83.65953,34.65973],[-83.6604,34.66042],[-83.6606,34.66052],[-83.66081,34.66058],[-83.66115,34.6606],[-83.66151,34.66058],[-83.66174,34.66053],[-83.66192,34.66046],[-83.66213,34.66038],[-83.66243,34.66017],[-83.6627,34.65993],[-83.66282,34.6598],[-83.66286,34.65967],[-83.66287,34.65943],[-83.66284,34.65925],[-83.66281,34.65911],[-83.66275,34.65891],[-83.66256,34.65854],[-83.66249,34.65829],[-83.6625,34.65775],[-83.66251,34.65758],[-83.66249,34.65752],[-83.66246,34.65738],[-83.66244,34.65727],[-83.66236,34.65695],[-83.66236,34.65646],[-83.66239,34.65627],[-83.66257,34.6557],[-83.66266,34.6554],[-83.66289,34.65508],[-83.66299,34.655],[-83.66341,34.65487],[-83.66367,34.65475],[-83.66399,34.65458],[-83.66429,34.65441],[-83.6646,34.65421],[-83.66464,34.65419],[-83.66468,34.65416],[-83.66489,34.654],[-83.66494,34.65395],[-83.66497,34.65391],[-83.66505,34.65375],[-83.66508,34.65358],[-83.66504,34.65343],[-83.665,34.65328],[-83.66493,34.65313],[-83.66479,34.65303],[-83.6646,34.65299],[-83.66439,34.65301],[-83.66425,34.65304],[-83.66403,34.65308],[-83.66341,34.65328],[-83.66305,34.65337],[-83.66269,34.65342],[-83.66219,34.65344],[-83.66205,34.65341],[-83.66183,34.65337],[-83.66161,34.65322],[-83.66136,34.6529],[-83.6613,34.65277],[-83.66121,34.65256],[-83.66117,34.65224],[-83.66113,34.65214],[-83.66108,34.65194],[-83.66108,34.65184],[-83.6611,34.65176],[-83.66122,34.65153],[-83.66132,34.65118],[-83.66139,34.65095],[-83.66143,34.65041],[-83.66141,34.65007],[-83.66125,34.64977],[-83.66111,34.6496],[-83.66087,34.64943],[-83.66062,34.64934],[-83.66041,34.6493],[-83.65986,34.6493],[-83.65955,34.64935],[-83.65909,34.64949],[-83.65856,34.64965],[-83.65816,34.64977],[-83.65802,34.64976],[-83.65767,34.64969],[-83.65764,34.64969],[-83.6573,34.64959],[-83.65703,34.64946],[-83.65683,34.64924],[-83.6568,34.6492],[-83.65668,34.64901],[-83.65663,34.64874],[-83.65666,34.64861],[-83.65684,34.64837],[-83.65688,34.6482],[-83.65688,34.64807],[-83.65683,34.64787],[-83.65672,34.64767],[-83.65663,34.64748],[-83.65653,34.64729],[-83.65639,34.64706],[-83.65625,34.64682],[-83.65585,34.64614],[-83.6556,34.64562],[-83.65536,34.64518],[-83.65517,34.64487],[-83.65498,34.64458],[-83.65472,34.6443],[-83.6545,34.64416],[-83.65424,34.64405],[-83.65398,34.64395],[-83.65359,34.64373],[-83.65317,34.64343],[-83.65279,34.64307],[-83.65237,34.64256],[-83.65197,34.64194],[-83.65168,34.64166],[-83.65159,34.64162],[-83.65146,34.64161],[-83.65054,34.64168],[-83.65016,34.64165],[-83.64999,34.64162],[-83.64981,34.64151],[-83.6497,34.64141],[-83.64953,34.64124],[-83.6493,34.64097],[-83.6491,34.64067],[-83.64901,34.64051],[-83.64891,34.64032],[-83.64858,34.63987],[-83.6483,34.63958],[-83.64825,34.63953],[-83.64775,34.63912],[-83.6475,34.63886],[-83.64741,34.63872],[-83.64726,34.63852],[-83.647,34.638],[-83.64695,34.63789],[-83.64684,34.63755],[-83.64674,34.63722],[-83.64674,34.63701],[-83.64678,34.63678],[-83.64687,34.63656],[-83.647,34.63629],[-83.6472,34.63551],[-83.64722,34.63529],[-83.64724,34.6348],[-83.64714,34.63428],[-83.64712,34.63417],[-83.64708,34.63399],[-83.64697,34.63371],[-83.64673,34.63316],[-83.64636,34.63263],[-83.64625,34.63248],[-83.646,34.63212],[-83.64587,34.63197],[-83.64553,34.63161],[-83.64546,34.63154],[-83.6447,34.63083],[-83.64455,34.63069],[-83.64374,34.62983],[-83.64359,34.62967],[-83.64294,34.62915],[-83.64261,34.62874],[-83.64231,34.62831],[-83.64225,34.62819],[-83.64209,34.62787],[-83.642,34.62761],[-83.642,34.62757],[-83.64197,34.62752],[-83.64183,34.62697],[-83.64172,34.62651],[-83.6414,34.62606],[-83.6412,34.62571],[-83.64098,34.62547],[-83.6408,34.62521],[-83.64067,34.62507],[-83.63935,34.62363],[-83.63824,34.62238],[-83.63823,34.62235],[-83.63817,34.62226],[-83.63813,34.62208],[-83.63811,34.62202],[-83.63815,34.62179],[-83.63817,34.62169],[-83.63816,34.62148],[-83.63798,34.62058],[-83.63788,34.6201],[-83.63779,34.61953],[-83.63776,34.61885],[-83.63782,34.61846],[-83.63794,34.618],[-83.63803,34.61769],[-83.63825,34.61712],[-83.63834,34.61691],[-83.6384,34.61681],[-83.63847,34.6167],[-83.63855,34.61659],[-83.63867,34.61641],[-83.63892,34.61616],[-83.63912,34.61596],[-83.63943,34.61572],[-83.63951,34.61568],[-83.63975,34.61556],[-83.64027,34.61539],[-83.64102,34.61524],[-83.64157,34.61498],[-83.64163,34.61496],[-83.64183,34.61483],[-83.6419,34.6148],[-83.64228,34.61456],[-83.64253,34.6144],[-83.64275,34.61421],[-83.64297,34.61395],[-83.64326,34.61371],[-83.64364,34.61343],[-83.64407,34.61301],[-83.64426,34.61288],[-83.64455,34.6128],[-83.64532,34.6127],[-83.64552,34.61264],[-83.6457,34.6126],[-83.6461,34.61255],[-83.6464,34.61237],[-83.64648,34.61227],[-83.64652,34.61221],[-83.64654,34.61198],[-83.64655,34.61179],[-83.64654,34.61172],[-83.64643,34.61106],[-83.64642,34.61072],[-83.64641,34.61062],[-83.64635,34.61012],[-83.64636,34.60959],[-83.64639,34.60939],[-83.64644,34.60926],[-83.64657,34.60889],[-83.64658,34.60876],[-83.64659,34.60868],[-83.6466,34.60859],[-83.6466,34.60854],[-83.64661,34.60849],[-83.64661,34.60845],[-83.64654,34.60821],[-83.6465,34.60817],[-83.64613,34.60766],[-83.6461,34.60751],[-83.64603,34.60724],[-83.64593,34.60616],[-83.64577,34.60528],[-83.64571,34.605],[-83.64562,34.60463],[-83.64545,34.60421],[-83.64535,34.60381],[-83.64531,34.60367],[-83.64522,34.60341],[-83.64519,34.60333],[-83.64514,34.60306],[-83.64515,34.60268],[-83.64506,34.60236],[-83.645,34.60201],[-83.64491,34.60176],[-83.64459,34.60115],[-83.64455,34.60106],[-83.64431,34.6007],[-83.64405,34.60037],[-83.64312,34.59925],[-83.64295,34.59905],[-83.64272,34.59877],[-83.64265,34.59869],[-83.64252,34.59853],[-83.64225,34.59821],[-83.64198,34.59782],[-83.64196,34.59776],[-83.64179,34.5974],[-83.6415,34.59644],[-83.64144,34.59629],[-83.64129,34.5959],[-83.64127,34.59587],[-83.64118,34.59572],[-83.64114,34.59565],[-83.64088,34.59544],[-83.64083,34.59537],[-83.64082,34.59528],[-83.64082,34.59525],[-83.64087,34.59486],[-83.64086,34.5947],[-83.64081,34.59457],[-83.64078,34.59448],[-83.64062,34.59428],[-83.64049,34.59419],[-83.64044,34.59416],[-83.64039,34.59413],[-83.64032,34.59408],[-83.64015,34.59398],[-83.64006,34.5939],[-83.63997,34.59386],[-83.63989,34.59383],[-83.63929,34.59352],[-83.63918,34.59346],[-83.63882,34.59322],[-83.63866,34.59306],[-83.63854,34.59289],[-83.6385,34.59272],[-83.6385,34.59261],[-83.63857,34.59235],[-83.63859,34.59205],[-83.63864,34.59168],[-83.63875,34.5913],[-83.63876,34.59112],[-83.63875,34.59109],[-83.63868,34.59046],[-83.63866,34.59038],[-83.63842,34.58937],[-83.63841,34.5892],[-83.63839,34.58902],[-83.63838,34.58887],[-83.63847,34.58819],[-83.63852,34.58784],[-83.63854,34.58735],[-83.63865,34.58697],[-83.63875,34.58642],[-83.63876,34.58637],[-83.63887,34.58606],[-83.63888,34.58585],[-83.63891,34.58566],[-83.63893,34.58558],[-83.63898,34.58532],[-83.63898,34.58503],[-83.63892,34.58475],[-83.6389,34.58447],[-83.6389,34.58438],[-83.6389,34.58411],[-83.6389,34.5837],[-83.63893,34.58322],[-83.63895,34.58272],[-83.63895,34.58264],[-83.63893,34.58252],[-83.63884,34.58208],[-83.6388,34.58199],[-83.63877,34.58185],[-83.63868,34.58155],[-83.63857,34.58117],[-83.63855,34.58103],[-83.63859,34.58083],[-83.63879,34.58039],[-83.63884,34.58021],[-83.63885,34.5801],[-83.63884,34.58003],[-83.63861,34.57965],[-83.63824,34.57924],[-83.63816,34.57914],[-83.63776,34.57879],[-83.63752,34.57858],[-83.63734,34.57842],[-83.63711,34.57822],[-83.63673,34.57788],[-83.63619,34.57747],[-83.63587,34.57715],[-83.63581,34.57709],[-83.63555,34.57687],[-83.63552,34.57684],[-83.63514,34.57631],[-83.63473,34.57589],[-83.63463,34.57574],[-83.63454,34.57562],[-83.63453,34.57559],[-83.63447,34.57547],[-83.63445,34.57543],[-83.63443,34.57536],[-83.63429,34.57494],[-83.63383,34.57402],[-83.6338,34.57395],[-83.63367,34.57358],[-83.63359,34.57347],[-83.63331,34.57319],[-83.63316,34.57288],[-83.63319,34.57274],[-83.63329,34.57263],[-83.63374,34.57244],[-83.63389,34.57241],[-83.63424,34.5723],[-83.63455,34.57216],[-83.63461,34.57214],[-83.63481,34.57202],[-83.63498,34.57193],[-83.63503,34.57188],[-83.63509,34.57183],[-83.63523,34.57163],[-83.6353,34.5714],[-83.63527,34.57122],[-83.63515,34.57106],[-83.63494,34.57089],[-83.63435,34.5706],[-83.63239,34.56974],[-83.63227,34.56969],[-83.63214,34.56963],[-83.6321,34.56962],[-83.63207,34.56961],[-83.63205,34.5696],[-83.63201,34.56958],[-83.63192,34.56954],[-83.63173,34.56944],[-83.63167,34.56939],[-83.63164,34.56936],[-83.63154,34.56932],[-83.63138,34.56922],[-83.63134,34.56919],[-83.63131,34.56917],[-83.63123,34.5691],[-83.63114,34.56903],[-83.63103,34.56893],[-83.63077,34.56868],[-83.63044,34.56829],[-83.63029,34.56816],[-83.62933,34.56757],[-83.62921,34.56751],[-83.62908,34.56741],[-83.62887,34.56721],[-83.6288,34.56711],[-83.62878,34.56702],[-83.62879,34.56694],[-83.6288,34.56686],[-83.62881,34.56678],[-83.62882,34.56674],[-83.62882,34.5667],[-83.62887,34.56636],[-83.62897,34.56569],[-83.62908,34.5649],[-83.62909,34.56439],[-83.62906,34.56425],[-83.62903,34.56407],[-83.62889,34.56379],[-83.62868,34.56356],[-83.62798,34.56254],[-83.62738,34.56167],[-83.62728,34.56148],[-83.62715,34.56129],[-83.62677,34.56095],[-83.62653,34.56072],[-83.62646,34.56067],[-83.62635,34.5606],[-83.62616,34.56051],[-83.62614,34.5605],[-83.62499,34.56018],[-83.62402,34.56003],[-83.62381,34.55999],[-83.62347,34.55987],[-83.6232,34.55972],[-83.62308,34.55963],[-83.6229,34.55948],[-83.62269,34.55922],[-83.62237,34.55862],[-83.62228,34.55845],[-83.62218,34.55827],[-83.62211,34.55818],[-83.6221,34.55816],[-83.62197,34.55804],[-83.62146,34.55764],[-83.6214,34.5576],[-83.62114,34.55733],[-83.62105,34.5572],[-83.6206,34.55639],[-83.62012,34.5557],[-83.61983,34.55541],[-83.61977,34.55536],[-83.6195,34.55518],[-83.61922,34.55507],[-83.61894,34.555],[-83.61863,34.555],[-83.6181,34.555],[-83.61799,34.555],[-83.61781,34.55498],[-83.61689,34.5549],[-83.61665,34.55483],[-83.61643,34.55471],[-83.61609,34.55439],[-83.61584,34.55403],[-83.61563,34.55359],[-83.61552,34.55308],[-83.61554,34.55286],[-83.61559,34.55278],[-83.61561,34.55274],[-83.61577,34.55263],[-83.61598,34.55255],[-83.61618,34.55253],[-83.61649,34.55254],[-83.61679,34.55258],[-83.61706,34.55265],[-83.6173,34.55265],[-83.61748,34.55267],[-83.61792,34.55263],[-83.6189,34.55257],[-83.61924,34.55248],[-83.61955,34.55236],[-83.61995,34.55213],[-83.62006,34.55204],[-83.62015,34.55192],[-83.62018,34.55182],[-83.62028,34.55102],[-83.62026,34.55067],[-83.62024,34.55035],[-83.6202,34.55016],[-83.62019,34.55008],[-83.62004,34.54977],[-83.61983,34.54951],[-83.61968,34.54945],[-83.61946,34.54935],[-83.61914,34.54921],[-83.61866,34.54904],[-83.61839,34.54895],[-83.61813,34.54884],[-83.6179,34.54874],[-83.61742,34.54844],[-83.61691,34.54803],[-83.61666,34.54777],[-83.61662,34.54769],[-83.6166,34.54766],[-83.61646,34.54744],[-83.61643,34.54731],[-83.61639,34.54719],[-83.61638,34.54713],[-83.61638,34.54707],[-83.61639,34.54679],[-83.61645,34.54662],[-83.61647,34.54658],[-83.61658,34.54645],[-83.61681,34.54625],[-83.61691,34.54619],[-83.61705,34.5461],[-83.61731,34.54603],[-83.61778,34.54589],[-83.61894,34.54566],[-83.6193,34.54555],[-83.6198,34.54535],[-83.62028,34.54513],[-83.62064,34.54489],[-83.62099,34.54459],[-83.62122,34.54431],[-83.62134,34.54406],[-83.62143,34.54379],[-83.62136,34.54348],[-83.62128,34.54332],[-83.62118,34.54321],[-83.621,34.5431],[-83.62074,34.54306],[-83.61999,34.54316],[-83.61922,34.54334],[-83.61868,34.54337],[-83.61822,34.54335],[-83.61786,34.54325],[-83.6171,34.54293],[-83.61686,34.54274],[-83.61671,34.54252],[-83.61662,34.54232],[-83.61659,34.54213],[-83.61659,34.54206],[-83.61661,34.5417],[-83.61662,34.54163],[-83.61666,34.54151],[-83.61675,34.54139],[-83.61701,34.54111],[-83.61726,34.54094],[-83.61804,34.5406],[-83.61842,34.54046],[-83.61867,34.54042],[-83.61897,34.54041],[-83.61964,34.54042],[-83.61972,34.54043],[-83.62018,34.5405],[-83.62111,34.54063],[-83.62164,34.54071],[-83.62202,34.54077],[-83.62267,34.54081],[-83.62281,34.54083],[-83.62323,34.54089],[-83.62362,34.54091],[-83.62381,34.54092],[-83.62408,34.54089],[-83.62428,34.54086],[-83.62453,34.54078],[-83.62474,34.54067],[-83.62482,34.54061],[-83.62489,34.54056],[-83.62496,34.54048],[-83.62502,34.54042],[-83.62517,34.54016],[-83.62527,34.53986],[-83.62528,34.53948],[-83.62529,34.53933],[-83.62529,34.53929],[-83.62528,34.53924],[-83.62521,34.53877],[-83.62518,34.53817],[-83.6252,34.53786],[-83.62527,34.53733],[-83.62547,34.53667],[-83.62557,34.53648],[-83.62572,34.53628],[-83.6259,34.5361],[-83.62608,34.53595],[-83.62617,34.53592],[-83.62631,34.53587],[-83.62653,34.53583],[-83.62713,34.53581],[-83.62717,34.53581],[-83.62736,34.53583],[-83.62759,34.53589],[-83.62792,34.53604],[-83.62824,34.53624],[-83.62831,34.53629],[-83.62858,34.53643],[-83.62884,34.53654],[-83.62919,34.53662],[-83.62949,34.53663],[-83.62975,34.53659],[-83.63006,34.53647],[-83.63036,34.53631],[-83.63066,34.53588],[-83.63086,34.53539],[-83.63081,34.53518],[-83.63065,34.53448],[-83.63048,34.53405],[-83.63047,34.53403],[-83.63046,34.53388],[-83.63052,34.5334],[-83.63059,34.53323],[-83.63074,34.5331],[-83.63102,34.53298],[-83.63107,34.53297],[-83.63113,34.53296],[-83.63131,34.53292],[-83.63213,34.5329],[-83.63266,34.53294],[-83.63321,34.53299],[-83.63342,34.53297],[-83.6336,34.53293],[-83.63383,34.53284],[-83.63401,34.53267],[-83.63412,34.53248],[-83.63424,34.53212],[-83.63427,34.53188],[-83.63429,34.53178],[-83.63427,34.5314],[-83.63424,34.53124],[-83.63411,34.53096],[-83.63406,34.53085],[-83.6338,34.5304],[-83.63348,34.52997],[-83.63317,34.52963],[-83.63279,34.52928],[-83.63264,34.52914],[-83.63248,34.52896],[-83.63238,34.52879],[-83.63232,34.52859],[-83.63232,34.52829],[-83.63238,34.52794],[-83.63245,34.52772],[-83.63246,34.52768],[-83.6326,34.52742],[-83.63277,34.52719],[-83.63294,34.52702],[-83.63309,34.52691],[-83.63311,34.52689],[-83.63345,34.52672],[-83.63362,34.52666],[-83.63385,34.52658],[-83.63407,34.52654],[-83.63434,34.52654],[-83.63626,34.52675],[-83.63705,34.52689],[-83.63788,34.52696],[-83.63814,34.52694],[-83.63834,34.52688],[-83.63888,34.52666],[-83.63921,34.52648],[-83.63952,34.52626],[-83.64049,34.52582],[-83.64067,34.52571],[-83.64175,34.525],[-83.64194,34.52482],[-83.64224,34.52448],[-83.64284,34.52382],[-83.64318,34.5237],[-83.64336,34.52354],[-83.6436,34.52321],[-83.64371,34.5229],[-83.6443,34.52232],[-83.64448,34.52216],[-83.64504,34.52165],[-83.64549,34.52126],[-83.64565,34.52105],[-83.64576,34.5208],[-83.64604,34.52056],[-83.64615,34.52044],[-83.64619,34.5204],[-83.64639,34.52017],[-83.64668,34.51996],[-83.64711,34.51975],[-83.64755,34.51958],[-83.64761,34.51956],[-83.64773,34.51951],[-83.6484,34.51932],[-83.64929,34.51917],[-83.64953,34.51913],[-83.64977,34.51909],[-83.65122,34.51888],[-83.65154,34.51876],[-83.65194,34.51857],[-83.65199,34.51853],[-83.65233,34.51833],[-83.65268,34.51806],[-83.65316,34.51757],[-83.65349,34.51726],[-83.65374,34.51704],[-83.65375,34.51703],[-83.65387,34.51696],[-83.65399,34.51692],[-83.6543,34.51693],[-83.65453,34.51702],[-83.65466,34.51713],[-83.6552,34.51768],[-83.65539,34.51785],[-83.65555,34.51798],[-83.65557,34.51798],[-83.65574,34.51802],[-83.65588,34.51803],[-83.65604,34.51799],[-83.65619,34.51792],[-83.65628,34.51784],[-83.65632,34.51781],[-83.65641,34.51772],[-83.65654,34.51752],[-83.6571,34.51569],[-83.65715,34.51558],[-83.65719,34.5155],[-83.65739,34.51517],[-83.65755,34.51472],[-83.65767,34.51457],[-83.65785,34.51441],[-83.65804,34.51429],[-83.65826,34.51419],[-83.6585,34.51411],[-83.65856,34.51407],[-83.6587,34.51397],[-83.65874,34.51394],[-83.65894,34.51385],[-83.65962,34.51371],[-83.66018,34.51365],[-83.66042,34.51368],[-83.66145,34.5137],[-83.66206,34.51371],[-83.66247,34.51364],[-83.66264,34.51358],[-83.66278,34.51354],[-83.66297,34.51341],[-83.66323,34.51312],[-83.66338,34.51289],[-83.66349,34.51266],[-83.66376,34.51227],[-83.66386,34.51213],[-83.66395,34.512],[-83.66416,34.51177],[-83.66446,34.51151],[-83.66501,34.51104],[-83.66505,34.511],[-83.66513,34.51091],[-83.6653,34.51074],[-83.66538,34.51055],[-83.66544,34.51038],[-83.66561,34.51001],[-83.66565,34.50982],[-83.66566,34.50946],[-83.66582,34.50895],[-83.66591,34.50874],[-83.66614,34.5084],[-83.66697,34.50756],[-83.66705,34.50743],[-83.66708,34.50728],[-83.66709,34.5069],[-83.66698,34.50648],[-83.66676,34.50598],[-83.66665,34.50578],[-83.6665,34.50552],[-83.6664,34.50517],[-83.66624,34.5049],[-83.66605,34.50443],[-83.66606,34.50415],[-83.66613,34.50395],[-83.66622,34.50378],[-83.66628,34.50371],[-83.66633,34.50367],[-83.66642,34.5036],[-83.6664,34.5036],[-83.66624,34.50336],[-83.66399,34.50008],[-83.66398,34.50007],[-83.66371,34.49968],[-83.66131,34.4963],[-83.66052,34.49518],[-83.65976,34.49412],[-83.65972,34.49406],[-83.65675,34.48985],[-83.65339,34.48516],[-83.65332,34.48506],[-83.65285,34.4844],[-83.65113,34.482],[-83.6461,34.47496],[-83.64291,34.47037],[-83.6429,34.47036],[-83.63854,34.46416],[-83.63703,34.46206],[-83.63544,34.4598],[-83.63519,34.45945],[-83.63286,34.45616],[-83.63275,34.45602],[-83.63263,34.45585],[-83.63247,34.45563],[-83.63178,34.45465],[-83.63162,34.45442],[-83.63133,34.45401],[-83.63104,34.4536],[-83.63005,34.4522],[-83.62907,34.45081],[-83.62904,34.45076],[-83.62888,34.45054],[-83.6285,34.45001],[-83.62687,34.44771],[-83.62525,34.44542],[-83.62523,34.4454],[-83.6249,34.44492],[-83.6249,34.44481],[-83.62491,34.44476],[-83.6249,34.44473],[-83.6249,34.44468],[-83.6249,34.44463],[-83.62482,34.44453],[-83.6248,34.4445],[-83.62476,34.44444],[-83.62473,34.44441],[-83.62407,34.44351],[-83.62368,34.44299],[-83.62138,34.43992],[-83.61902,34.43676],[-83.61746,34.43469],[-83.61654,34.43347],[-83.61569,34.43234],[-83.61561,34.43223],[-83.61544,34.432],[-83.61533,34.43186],[-83.61527,34.43178],[-83.61522,34.43171],[-83.61514,34.43183],[-83.61515,34.43188],[-83.61513,34.43194],[-83.61513,34.43197],[-83.61513,34.432],[-83.61512,34.43202],[-83.61512,34.43204],[-83.61512,34.43206],[-83.61509,34.43225],[-83.61392,34.43305],[-83.61075,34.43509],[-83.61005,34.43563],[-83.60963,34.43611],[-83.60936,34.43656],[-83.60919,34.43688],[-83.60902,34.43731],[-83.60892,34.43781],[-83.6089,34.43793],[-83.60889,34.43801],[-83.60889,34.43808],[-83.60888,34.43814],[-83.60888,34.43824],[-83.60888,34.43833],[-83.60888,34.43843],[-83.60888,34.43855],[-83.60888,34.43868],[-83.60888,34.43882],[-83.60888,34.43897],[-83.60888,34.43914],[-83.60888,34.43931],[-83.60889,34.43965],[-83.60889,34.43995],[-83.60888,34.44055],[-83.60887,34.4409],[-83.60886,34.44099],[-83.60884,34.44117],[-83.60883,34.44126],[-83.60882,34.44134],[-83.6088,34.44143],[-83.60879,34.44149],[-83.60876,34.44164],[-83.60872,34.44178],[-83.60868,34.44192],[-83.60863,34.44206],[-83.60858,34.4422],[-83.60852,34.44235],[-83.60846,34.44249],[-83.60839,34.44264],[-83.60832,34.44278],[-83.60825,34.4429],[-83.60817,34.44303],[-83.60809,34.44315],[-83.608,34.44328],[-83.6079,34.44342],[-83.60779,34.44356],[-83.60774,34.44363],[-83.60762,34.44376],[-83.60751,34.44389],[-83.6074,34.44401],[-83.60729,34.44412],[-83.60723,34.44417],[-83.60719,34.44421],[-83.60717,34.44422],[-83.60711,34.44428],[-83.60705,34.44433],[-83.60698,34.44438],[-83.60691,34.44444],[-83.60684,34.44449],[-83.60677,34.44454],[-83.6067,34.44459],[-83.60663,34.44465],[-83.60656,34.44469],[-83.60648,34.44474],[-83.60641,34.44479],[-83.60634,34.44484],[-83.60626,34.44488],[-83.60618,34.44493],[-83.60611,34.44497],[-83.60603,34.44501],[-83.60595,34.44505],[-83.60586,34.44509],[-83.60578,34.44513],[-83.60569,34.44517],[-83.60561,34.44521],[-83.60551,34.44525],[-83.60542,34.44529],[-83.60532,34.44533],[-83.60522,34.44537],[-83.60511,34.44541],[-83.605,34.44544],[-83.60487,34.44548],[-83.60473,34.44553],[-83.60457,34.44558],[-83.60437,34.44563],[-83.60415,34.4457],[-83.60326,34.44594],[-83.6022,34.44623],[-83.60186,34.44632],[-83.60126,34.44648],[-83.6005,34.44668],[-83.6002,34.44677],[-83.60012,34.44679],[-83.60004,34.44682],[-83.59996,34.44684],[-83.59981,34.44689],[-83.59966,34.44693],[-83.59959,34.44696],[-83.59953,34.44698],[-83.59945,34.44701],[-83.59939,34.44703],[-83.59931,34.44706],[-83.59913,34.44713],[-83.59902,34.44717],[-83.5989,34.44722],[-83.59875,34.44728],[-83.59839,34.44742],[-83.59829,34.44746],[-83.59817,34.44751],[-83.59766,34.44772],[-83.59737,34.44784],[-83.59672,34.4481],[-83.59636,34.44825],[-83.5956,34.44856],[-83.59521,34.44872],[-83.59483,34.44888],[-83.59446,34.44903],[-83.5943,34.44909],[-83.59379,34.4493],[-83.593,34.44962],[-83.59258,34.44979],[-83.59218,34.44995],[-83.59198,34.45004],[-83.59176,34.45012],[-83.59154,34.45022],[-83.59131,34.45032],[-83.59107,34.45042],[-83.59082,34.45052],[-83.59058,34.45063],[-83.59033,34.45074],[-83.59008,34.45085],[-83.58986,34.45094],[-83.58982,34.45096],[-83.58957,34.45107],[-83.58941,34.45114],[-83.5893,34.45129],[-83.58646,34.45248],[-83.58537,34.45303],[-83.58481,34.45341],[-83.58409,34.45404],[-83.58307,34.45528],[-83.58274,34.45576],[-83.58253,34.45608],[-83.58202,34.45684],[-83.58193,34.45722],[-83.58169,34.45758],[-83.58149,34.45789],[-83.57905,34.46158],[-83.57902,34.46163],[-83.57887,34.46185],[-83.57812,34.46298],[-83.57756,34.46383],[-83.57732,34.46413],[-83.57719,34.46431],[-83.57686,34.46472],[-83.57642,34.46518],[-83.57604,34.46551],[-83.57533,34.46604],[-83.57528,34.46608],[-83.57437,34.46673],[-83.57352,34.46733],[-83.56961,34.47006],[-83.56951,34.47012],[-83.56909,34.47039],[-83.56861,34.47069],[-83.56846,34.4708],[-83.56804,34.47111],[-83.56759,34.4715],[-83.56722,34.47189],[-83.567,34.47211],[-83.56684,34.47228],[-83.56671,34.47242],[-83.56632,34.47287],[-83.56531,34.47398],[-83.56237,34.47721],[-83.56185,34.47777],[-83.56155,34.47811],[-83.5614,34.47828],[-83.56119,34.47852],[-83.56072,34.47898],[-83.56023,34.47939],[-83.55978,34.47974],[-83.55907,34.48018],[-83.55854,34.48045],[-83.55698,34.48126],[-83.55653,34.4815],[-83.55637,34.48158],[-83.55609,34.48176],[-83.55595,34.48185],[-83.55576,34.48199],[-83.55553,34.48217],[-83.55543,34.48225],[-83.55533,34.48234],[-83.55524,34.48242],[-83.55516,34.48251],[-83.55511,34.48256],[-83.55506,34.48261],[-83.55496,34.48272],[-83.5549,34.48278],[-83.55478,34.48293],[-83.55438,34.48342],[-83.55403,34.48386],[-83.55369,34.48428],[-83.5533,34.48476],[-83.55308,34.48503],[-83.55291,34.48525],[-83.55288,34.4853],[-83.55278,34.48542],[-83.5527,34.48552],[-83.55263,34.48561],[-83.55253,34.48573],[-83.55248,34.4858],[-83.55245,34.48583],[-83.55244,34.48584],[-83.55241,34.48584],[-83.55238,34.48584],[-83.55208,34.48586],[-83.55177,34.48587],[-83.55166,34.48588],[-83.55135,34.48589],[-83.5508,34.48591],[-83.55076,34.48591],[-83.55043,34.48592],[-83.54982,34.48596],[-83.54903,34.486],[-83.54869,34.48601],[-83.54811,34.48605],[-83.5477,34.48607],[-83.54754,34.48608],[-83.54678,34.48613],[-83.54582,34.48616],[-83.54562,34.48618],[-83.54541,34.48619],[-83.54522,34.48622],[-83.54487,34.4863],[-83.54478,34.48632],[-83.54464,34.48638],[-83.5446,34.48639],[-83.54434,34.4865],[-83.54421,34.48656],[-83.54406,34.48663],[-83.5439,34.48673],[-83.54384,34.48677],[-83.54377,34.48681],[-83.54341,34.48709],[-83.54312,34.48732],[-83.54241,34.48788],[-83.54138,34.4887],[-83.54103,34.48898],[-83.54026,34.48963],[-83.53937,34.4903],[-83.53891,34.49064],[-83.53847,34.49099],[-83.53844,34.49101],[-83.53759,34.49169],[-83.53754,34.49172],[-83.53744,34.49173],[-83.5374,34.49173],[-83.53606,34.49151],[-83.53447,34.49124],[-83.53437,34.49123],[-83.53325,34.49108],[-83.53316,34.49106],[-83.5331,34.49106],[-83.52871,34.49059],[-83.52837,34.49054],[-83.52805,34.49049],[-83.5268,34.49035],[-83.52679,34.49035],[-83.52558,34.49027],[-83.52536,34.49024],[-83.52504,34.4902],[-83.52455,34.49014],[-83.52451,34.49013],[-83.5188,34.48946],[-83.51839,34.48941],[-83.51616,34.48913],[-83.5102,34.4884],[-83.51012,34.48839],[-83.51003,34.48838],[-83.50996,34.48837],[-83.50873,34.48822],[-83.50863,34.4882],[-83.50386,34.4875],[-83.50374,34.48748],[-83.5037,34.48749],[-83.50326,34.4875],[-83.50139,34.48732],[-83.49975,34.48715],[-83.49964,34.48714],[-83.49895,34.48706],[-83.49892,34.48706],[-83.49857,34.48702],[-83.49793,34.48695],[-83.4973,34.48689],[-83.49668,34.48682],[-83.49616,34.48677],[-83.49595,34.48675],[-83.49576,34.48673],[-83.48492,34.48559],[-83.48086,34.48518],[-83.47718,34.48481],[-83.47424,34.48452],[-83.47374,34.48447],[-83.47164,34.48424],[-83.4708,34.48415],[-83.46993,34.48406],[-83.46955,34.48398],[-83.46512,34.48267],[-83.46455,34.4825],[-83.46251,34.48192],[-83.46222,34.48184],[-83.46142,34.48161],[-83.46034,34.4813],[-83.45998,34.4812],[-83.45977,34.48114],[-83.45975,34.48129],[-83.45969,34.48141],[-83.45938,34.48203],[-83.45907,34.48266],[-83.45884,34.48312],[-83.45875,34.48329],[-83.45843,34.48393],[-83.45821,34.48437],[-83.45799,34.48483],[-83.45785,34.48513],[-83.4577,34.48543],[-83.45659,34.48776],[-83.45611,34.4887],[-83.45483,34.49125],[-83.45265,34.49568],[-83.45219,34.49661],[-83.45124,34.49854],[-83.44876,34.50362],[-83.44833,34.5045],[-83.44645,34.50834],[-83.44616,34.50895],[-83.44505,34.51124],[-83.44398,34.51346],[-83.44305,34.51539],[-83.44127,34.51893],[-83.43973,34.52237],[-83.43958,34.52267],[-83.4382,34.52547],[-83.4369,34.5281],[-83.43665,34.5286],[-83.43651,34.52889],[-83.43633,34.52927],[-83.4361,34.52973],[-83.436,34.52994],[-83.43328,34.53552],[-83.4296,34.54306],[-83.42916,34.54398],[-83.42645,34.54968],[-83.42612,34.55037],[-83.42271,34.55732],[-83.42209,34.55865],[-83.42195,34.55896],[-83.42185,34.55918],[-83.42109,34.5608],[-83.41953,34.56397],[-83.41948,34.56408],[-83.41871,34.56567],[-83.41766,34.5678],[-83.41554,34.57222],[-83.41466,34.57403]]]}},{"type":"Feature","properties":{"GEOID":"13057","BASENAME":"Cherokee"},"geometry":{"type":"Polygon","coordinates":[[[-84.38832,34.11824],[-84.38831,34.11826],[-84.38825,34.11834],[-84.38824,34.11849],[-84.38824,34.11867],[-84.38822,34.11886],[-84.3882,34.11918],[-84.3882,34.1192],[-84.38824,34.11929],[-84.38825,34.11939],[-84.38825,34.11948],[-84.38828,34.11955],[-84.3883,34.11962],[-84.3883,34.11963],[-84.38829,34.11974],[-84.38823,34.11982],[-84.38814,34.11987],[-84.38803,34.11989],[-84.38791,34.1199],[-84.38777,34.11991],[-84.38764,34.11991],[-84.38749,34.11991],[-84.38733,34.11988],[-84.3872,34.11985],[-84.38717,34.11984],[-84.38705,34.11983],[-84.38691,34.1198],[-84.38678,34.11977],[-84.38672,34.11975],[-84.38668,34.11974],[-84.3866,34.11971],[-84.38648,34.1197],[-84.38637,34.1197],[-84.38629,34.1197],[-84.38618,34.11969],[-84.38606,34.11968],[-84.38595,34.11967],[-84.38586,34.11965],[-84.38575,34.11963],[-84.38562,34.11961],[-84.38551,34.11959],[-84.38539,34.11957],[-84.38533,34.11956],[-84.38528,34.11955],[-84.38513,34.11952],[-84.38503,34.1195],[-84.38494,34.11948],[-84.38483,34.11945],[-84.38478,34.11944],[-84.38472,34.11942],[-84.38467,34.11941],[-84.38463,34.11941],[-84.38452,34.11941],[-84.38442,34.11939],[-84.38432,34.11938],[-84.38421,34.11937],[-84.3841,34.11936],[-84.384,34.11936],[-84.3839,34.11935],[-84.38377,34.11935],[-84.38354,34.11935],[-84.38343,34.11935],[-84.38321,34.11935],[-84.38311,34.11935],[-84.38298,34.11934],[-84.38289,34.11932],[-84.38279,34.11931],[-84.38269,34.11929],[-84.38259,34.11929],[-84.38249,34.11929],[-84.38239,34.11926],[-84.38229,34.11924],[-84.38224,34.11923],[-84.38218,34.11922],[-84.38209,34.11921],[-84.38189,34.1192],[-84.38173,34.11919],[-84.38163,34.11919],[-84.38146,34.11919],[-84.38142,34.11919],[-84.38129,34.11919],[-84.38124,34.11918],[-84.38118,34.11917],[-84.38109,34.11917],[-84.38103,34.11917],[-84.38088,34.11915],[-84.38079,34.11914],[-84.38072,34.1191],[-84.38062,34.11903],[-84.38059,34.11901],[-84.38048,34.11896],[-84.3804,34.11894],[-84.3803,34.11892],[-84.38024,34.1189],[-84.37996,34.11902],[-84.37986,34.11907],[-84.37974,34.1191],[-84.3796,34.11911],[-84.37955,34.11911],[-84.37939,34.11912],[-84.37932,34.11912],[-84.3793,34.11912],[-84.37914,34.1192],[-84.37905,34.11922],[-84.37897,34.11924],[-84.37886,34.11926],[-84.37873,34.11927],[-84.3786,34.11929],[-84.37849,34.1193],[-84.37836,34.11932],[-84.37824,34.11934],[-84.37813,34.11935],[-84.37802,34.11935],[-84.3779,34.11935],[-84.3778,34.11935],[-84.3777,34.11935],[-84.37759,34.11936],[-84.37756,34.11937],[-84.37747,34.11939],[-84.37739,34.11943],[-84.3773,34.11945],[-84.3772,34.11945],[-84.37709,34.11945],[-84.37699,34.11945],[-84.37682,34.11946],[-84.37671,34.11949],[-84.37664,34.11951],[-84.37644,34.1196],[-84.3763,34.11966],[-84.37627,34.11968],[-84.37607,34.11976],[-84.37595,34.11981],[-84.37581,34.11988],[-84.37568,34.11994],[-84.37557,34.11999],[-84.37546,34.12003],[-84.37524,34.12013],[-84.37512,34.12017],[-84.37501,34.12022],[-84.37492,34.12028],[-84.37485,34.12033],[-84.37479,34.12038],[-84.37472,34.12043],[-84.37463,34.12049],[-84.37453,34.12053],[-84.37444,34.12059],[-84.37434,34.12064],[-84.37425,34.1207],[-84.37416,34.12075],[-84.37405,34.1208],[-84.37395,34.12086],[-84.37385,34.12092],[-84.37376,34.12098],[-84.37368,34.12103],[-84.37358,34.12108],[-84.37348,34.12113],[-84.37333,34.1212],[-84.37323,34.12126],[-84.37312,34.12131],[-84.37302,34.12135],[-84.3729,34.12141],[-84.37279,34.12147],[-84.37269,34.12152],[-84.37261,34.12158],[-84.37253,34.12162],[-84.37244,34.12167],[-84.37234,34.12172],[-84.37225,34.12175],[-84.37214,34.12178],[-84.37202,34.12182],[-84.37192,34.12186],[-84.37186,34.12192],[-84.37177,34.12197],[-84.37169,34.12204],[-84.37156,34.12213],[-84.3715,34.12218],[-84.37143,34.12223],[-84.37135,34.12229],[-84.37128,34.12235],[-84.3712,34.12241],[-84.37112,34.12246],[-84.37104,34.1225],[-84.37091,34.12255],[-84.37082,34.12257],[-84.37074,34.12259],[-84.37066,34.12261],[-84.37053,34.12263],[-84.37047,34.12264],[-84.3704,34.12266],[-84.37027,34.12269],[-84.37016,34.12271],[-84.37008,34.12275],[-84.36999,34.12279],[-84.36995,34.12281],[-84.36992,34.12282],[-84.36988,34.12284],[-84.36977,34.12288],[-84.36969,34.1229],[-84.36961,34.12292],[-84.36953,34.12294],[-84.36943,34.12294],[-84.36929,34.12294],[-84.36919,34.12294],[-84.3691,34.12293],[-84.36901,34.12291],[-84.36891,34.12288],[-84.36888,34.12286],[-84.36883,34.12284],[-84.36877,34.12281],[-84.36875,34.1228],[-84.36864,34.12278],[-84.36853,34.12277],[-84.36841,34.12276],[-84.3683,34.12274],[-84.36823,34.12272],[-84.3682,34.12272],[-84.36809,34.12271],[-84.36798,34.12271],[-84.36787,34.12273],[-84.36776,34.12275],[-84.36764,34.12275],[-84.36756,34.12275],[-84.36745,34.12277],[-84.36734,34.12277],[-84.36722,34.12276],[-84.36711,34.12275],[-84.36702,34.12275],[-84.36691,34.12276],[-84.36679,34.12275],[-84.36667,34.12273],[-84.36658,34.12269],[-84.36647,34.12264],[-84.36642,34.1226],[-84.36638,34.12258],[-84.36632,34.12257],[-84.3663,34.12256],[-84.36624,34.12255],[-84.36614,34.12254],[-84.36603,34.12254],[-84.36592,34.12254],[-84.3658,34.12254],[-84.3657,34.12251],[-84.36562,34.12246],[-84.36558,34.12245],[-84.36553,34.12243],[-84.36552,34.12242],[-84.36542,34.12241],[-84.36538,34.12241],[-84.3653,34.1224],[-84.36525,34.12242],[-84.3652,34.12243],[-84.36516,34.12244],[-84.36509,34.12246],[-84.365,34.12252],[-84.36488,34.12256],[-84.3648,34.12259],[-84.36474,34.12263],[-84.36472,34.12265],[-84.36464,34.12272],[-84.36459,34.12277],[-84.36448,34.12284],[-84.36443,34.12287],[-84.3644,34.12288],[-84.36432,34.12291],[-84.36431,34.12291],[-84.36422,34.12294],[-84.36414,34.12299],[-84.36406,34.12304],[-84.36398,34.12309],[-84.36391,34.12313],[-84.36384,34.12318],[-84.36377,34.12322],[-84.36369,34.12327],[-84.36362,34.12331],[-84.3635,34.12335],[-84.36342,34.12339],[-84.36334,34.12345],[-84.36325,34.12351],[-84.36315,34.12356],[-84.36305,34.12363],[-84.36293,34.12369],[-84.36283,34.12373],[-84.36273,34.12375],[-84.36261,34.12383],[-84.36258,34.12385],[-84.3625,34.1239],[-84.36242,34.12397],[-84.36233,34.12403],[-84.36224,34.1241],[-84.36217,34.12416],[-84.36209,34.12422],[-84.362,34.12427],[-84.36192,34.12431],[-84.36188,34.12438],[-84.36188,34.12441],[-84.36188,34.12446],[-84.36188,34.12449],[-84.36185,34.12454],[-84.36177,34.12458],[-84.36169,34.12463],[-84.36158,34.1247],[-84.36156,34.12472],[-84.36152,34.12479],[-84.36151,34.12487],[-84.36148,34.12499],[-84.36145,34.12506],[-84.36147,34.12518],[-84.36147,34.12531],[-84.36142,34.12543],[-84.3614,34.12551],[-84.36136,34.12564],[-84.36133,34.12576],[-84.36129,34.12586],[-84.36126,34.12598],[-84.36126,34.12604],[-84.36126,34.12608],[-84.36123,34.12616],[-84.36121,34.12619],[-84.36116,34.12626],[-84.36113,34.12638],[-84.36112,34.1265],[-84.36107,34.1266],[-84.36102,34.12671],[-84.36101,34.12682],[-84.361,34.12695],[-84.36095,34.12705],[-84.36091,34.12717],[-84.36088,34.12724],[-84.36085,34.12731],[-84.36077,34.12743],[-84.36073,34.12751],[-84.36073,34.1276],[-84.36071,34.12769],[-84.3607,34.12777],[-84.36087,34.12815],[-84.36099,34.12825],[-84.36113,34.12858],[-84.36111,34.1287],[-84.361,34.12883],[-84.36055,34.12909],[-84.3605,34.12913],[-84.36044,34.12917],[-84.36037,34.12923],[-84.36032,34.12929],[-84.36029,34.12933],[-84.3601,34.13001],[-84.3601,34.13002],[-84.36014,34.13011],[-84.36005,34.13022],[-84.36004,34.13025],[-84.35997,34.13043],[-84.36001,34.13063],[-84.36,34.13098],[-84.36,34.13099],[-84.35998,34.13112],[-84.35998,34.13114],[-84.35997,34.13118],[-84.35994,34.13124],[-84.35991,34.13131],[-84.35987,34.13137],[-84.35983,34.13143],[-84.35981,34.1315],[-84.35979,34.13158],[-84.35978,34.13172],[-84.35978,34.1318],[-84.35977,34.13186],[-84.35977,34.13193],[-84.35987,34.13206],[-84.35986,34.13221],[-84.35982,34.13243],[-84.35981,34.13265],[-84.35988,34.13276],[-84.35993,34.13337],[-84.35994,34.13349],[-84.35994,34.13357],[-84.35993,34.13366],[-84.35991,34.13375],[-84.35988,34.13384],[-84.35986,34.13393],[-84.35985,34.13402],[-84.35984,34.13411],[-84.35985,34.1342],[-84.35987,34.13429],[-84.3599,34.13437],[-84.36001,34.13465],[-84.36006,34.1348],[-84.3601,34.13498],[-84.36021,34.13514],[-84.36043,34.13534],[-84.36062,34.13551],[-84.36101,34.13572],[-84.36126,34.1359],[-84.3613,34.136],[-84.36132,34.13619],[-84.36134,34.13626],[-84.36142,34.13634],[-84.36144,34.13644],[-84.36144,34.13652],[-84.36135,34.13664],[-84.36134,34.13695],[-84.36133,34.13702],[-84.3613,34.13715],[-84.36115,34.13729],[-84.36081,34.13752],[-84.3608,34.13757],[-84.36079,34.13762],[-84.36077,34.1377],[-84.36074,34.13777],[-84.36071,34.13784],[-84.36065,34.13791],[-84.36059,34.13796],[-84.36051,34.138],[-84.36041,34.13804],[-84.3603,34.13808],[-84.36021,34.13811],[-84.36004,34.13818],[-84.35996,34.13822],[-84.35989,34.13828],[-84.35967,34.13851],[-84.35961,34.13857],[-84.35956,34.13865],[-84.35954,34.13868],[-84.35952,34.13872],[-84.35943,34.13895],[-84.3593,34.13929],[-84.3592,34.13959],[-84.3592,34.13973],[-84.35917,34.13996],[-84.35914,34.14018],[-84.35898,34.14049],[-84.35891,34.14067],[-84.35885,34.1409],[-84.35884,34.14116],[-84.35885,34.14136],[-84.35898,34.14157],[-84.35904,34.14169],[-84.35912,34.14191],[-84.35931,34.14224],[-84.3594,34.1424],[-84.3595,34.14257],[-84.3596,34.14272],[-84.35966,34.14284],[-84.35973,34.1429],[-84.35985,34.14324],[-84.35988,34.14336],[-84.36,34.1437],[-84.36008,34.14445],[-84.36012,34.1449],[-84.36017,34.14561],[-84.36015,34.14577],[-84.36016,34.14582],[-84.36015,34.1459],[-84.36013,34.14596],[-84.36011,34.14605],[-84.36009,34.14615],[-84.36008,34.14623],[-84.36008,34.14632],[-84.36008,34.1464],[-84.36006,34.14651],[-84.36003,34.14658],[-84.35999,34.14665],[-84.35995,34.14671],[-84.35992,34.1468],[-84.35989,34.14688],[-84.35967,34.14706],[-84.3596,34.14712],[-84.35953,34.14719],[-84.35948,34.14726],[-84.35942,34.14732],[-84.35939,34.14734],[-84.35934,34.14739],[-84.35927,34.14745],[-84.35924,34.14748],[-84.3592,34.14751],[-84.35918,34.14753],[-84.35914,34.14758],[-84.35907,34.14766],[-84.35899,34.14775],[-84.35896,34.14781],[-84.35894,34.14783],[-84.35891,34.1479],[-84.35888,34.14795],[-84.35886,34.14799],[-84.35883,34.14806],[-84.35881,34.14813],[-84.35879,34.14817],[-84.35885,34.14857],[-84.35888,34.14868],[-84.35897,34.14886],[-84.35914,34.14915],[-84.35923,34.14937],[-84.35935,34.14961],[-84.35958,34.15],[-84.35974,34.15016],[-84.35983,34.15026],[-84.35997,34.15046],[-84.36016,34.15082],[-84.36022,34.15101],[-84.36028,34.15107],[-84.36033,34.15113],[-84.36039,34.15122],[-84.36042,34.1513],[-84.36045,34.15139],[-84.36047,34.15149],[-84.36048,34.15157],[-84.36047,34.15165],[-84.36045,34.15174],[-84.36044,34.15182],[-84.36041,34.15188],[-84.36042,34.15197],[-84.36037,34.15208],[-84.36034,34.15215],[-84.36033,34.15224],[-84.36032,34.15234],[-84.36032,34.15246],[-84.36029,34.15259],[-84.36026,34.15269],[-84.3602,34.15278],[-84.36013,34.15287],[-84.36005,34.15293],[-84.35996,34.15299],[-84.35987,34.15306],[-84.3598,34.15313],[-84.35972,34.15319],[-84.35961,34.15323],[-84.35953,34.15326],[-84.35944,34.15328],[-84.35935,34.15329],[-84.35926,34.15331],[-84.35917,34.15332],[-84.35907,34.15332],[-84.35897,34.15332],[-84.35877,34.15333],[-84.35861,34.15334],[-84.35847,34.15335],[-84.35829,34.15338],[-84.35814,34.15343],[-84.358,34.15349],[-84.35784,34.15356],[-84.35771,34.15362],[-84.35764,34.15367],[-84.35756,34.15373],[-84.35751,34.15377],[-84.35746,34.15382],[-84.35736,34.15392],[-84.35727,34.15402],[-84.35724,34.15406],[-84.35718,34.15412],[-84.35713,34.1542],[-84.3571,34.15426],[-84.35707,34.15431],[-84.35704,34.1544],[-84.357,34.1545],[-84.35697,34.15457],[-84.35695,34.15463],[-84.35693,34.1547],[-84.35691,34.15491],[-84.35692,34.15504],[-84.35695,34.15514],[-84.35702,34.15529],[-84.35707,34.15539],[-84.35717,34.15552],[-84.3572,34.15556],[-84.35726,34.15561],[-84.35739,34.15575],[-84.35749,34.15587],[-84.35759,34.156],[-84.3577,34.15615],[-84.35778,34.15625],[-84.35785,34.15635],[-84.35793,34.15644],[-84.35801,34.15653],[-84.35809,34.15665],[-84.35815,34.15674],[-84.35824,34.15682],[-84.35832,34.15689],[-84.35843,34.15695],[-84.35854,34.157],[-84.35863,34.15704],[-84.35872,34.15709],[-84.35878,34.15717],[-84.35878,34.15727],[-84.3588,34.15741],[-84.35895,34.15755],[-84.35904,34.15762],[-84.35906,34.15766],[-84.35909,34.15773],[-84.35914,34.15784],[-84.35912,34.15791],[-84.3591,34.15795],[-84.35906,34.15802],[-84.35906,34.15803],[-84.35907,34.15819],[-84.35913,34.15833],[-84.35919,34.15853],[-84.35921,34.1586],[-84.35925,34.15872],[-84.35933,34.15882],[-84.35937,34.15891],[-84.35933,34.15901],[-84.35937,34.15907],[-84.35945,34.15911],[-84.35947,34.1592],[-84.35949,34.1593],[-84.35957,34.15934],[-84.35965,34.15941],[-84.35965,34.15951],[-84.35962,34.15961],[-84.35962,34.15968],[-84.35963,34.15971],[-84.3597,34.15979],[-84.35981,34.15985],[-84.3599,34.15993],[-84.35993,34.16003],[-84.35994,34.16012],[-84.35996,34.16021],[-84.36,34.16029],[-84.36003,34.16039],[-84.36008,34.1605],[-84.36015,34.16058],[-84.36021,34.1607],[-84.36024,34.1608],[-84.36026,34.16091],[-84.36028,34.16101],[-84.36037,34.16112],[-84.36041,34.16124],[-84.36044,34.16133],[-84.36049,34.16142],[-84.36055,34.1615],[-84.36061,34.16159],[-84.36068,34.1617],[-84.36072,34.16176],[-84.36075,34.16183],[-84.36079,34.16197],[-84.36079,34.16205],[-84.36078,34.1621],[-84.36078,34.16212],[-84.36076,34.1622],[-84.36075,34.16227],[-84.36074,34.16235],[-84.36072,34.16242],[-84.36068,34.1625],[-84.36063,34.16262],[-84.3606,34.16268],[-84.36055,34.16276],[-84.36046,34.16287],[-84.36042,34.16294],[-84.36037,34.16301],[-84.36034,34.16304],[-84.36021,34.16313],[-84.36012,34.16315],[-84.36004,34.16318],[-84.35995,34.1632],[-84.35989,34.16322],[-84.35983,34.16324],[-84.35974,34.16328],[-84.35967,34.16332],[-84.35957,34.16337],[-84.35943,34.16358],[-84.35928,34.16373],[-84.35916,34.16388],[-84.35901,34.164],[-84.35896,34.16409],[-84.35893,34.16416],[-84.35893,34.16418],[-84.3589,34.16424],[-84.35886,34.1643],[-84.3588,34.16436],[-84.35874,34.16441],[-84.35868,34.16447],[-84.35865,34.16449],[-84.35854,34.16458],[-84.35848,34.16467],[-84.35844,34.16472],[-84.35838,34.16477],[-84.35832,34.16482],[-84.35817,34.16507],[-84.35803,34.1654],[-84.35793,34.16556],[-84.35791,34.16559],[-84.3579,34.16564],[-84.35789,34.16567],[-84.35785,34.1658],[-84.35781,34.16593],[-84.35776,34.16613],[-84.35767,34.16639],[-84.3576,34.16656],[-84.35753,34.16672],[-84.35749,34.16678],[-84.35745,34.16684],[-84.35738,34.16692],[-84.3573,34.16699],[-84.35722,34.16707],[-84.35715,34.16713],[-84.35708,34.16721],[-84.35704,34.16726],[-84.35701,34.1673],[-84.35699,34.16732],[-84.3569,34.1674],[-84.35687,34.16745],[-84.35684,34.16749],[-84.35674,34.16762],[-84.35668,34.16768],[-84.35663,34.16775],[-84.35659,34.16784],[-84.35656,34.16787],[-84.35653,34.16793],[-84.35648,34.16802],[-84.35647,34.16803],[-84.35642,34.16814],[-84.35636,34.16825],[-84.35635,34.1683],[-84.35632,34.16837],[-84.35631,34.16842],[-84.35628,34.16849],[-84.35624,34.16863],[-84.35621,34.16876],[-84.35618,34.1689],[-84.35615,34.16908],[-84.35613,34.1692],[-84.3561,34.1693],[-84.35609,34.16932],[-84.35608,34.16937],[-84.35608,34.16939],[-84.35609,34.16948],[-84.35611,34.1696],[-84.35608,34.16965],[-84.35603,34.16976],[-84.35599,34.16987],[-84.35595,34.16997],[-84.35585,34.17027],[-84.35577,34.17053],[-84.35569,34.17075],[-84.35567,34.17079],[-84.35564,34.17084],[-84.3556,34.1709],[-84.35556,34.17099],[-84.35551,34.1711],[-84.35547,34.17125],[-84.35541,34.17138],[-84.35535,34.17155],[-84.35532,34.17169],[-84.35531,34.17171],[-84.35528,34.17185],[-84.35523,34.17198],[-84.35522,34.17205],[-84.35522,34.17212],[-84.35522,34.17216],[-84.35521,34.1722],[-84.35523,34.17224],[-84.35525,34.17226],[-84.35529,34.17236],[-84.3553,34.17245],[-84.35528,34.17254],[-84.35525,34.17261],[-84.35524,34.17265],[-84.35523,34.17269],[-84.35524,34.17276],[-84.35527,34.17283],[-84.35532,34.1729],[-84.35538,34.17296],[-84.35543,34.17302],[-84.35549,34.17312],[-84.35553,34.17319],[-84.35558,34.17329],[-84.35562,34.17336],[-84.35566,34.17344],[-84.35571,34.17353],[-84.35576,34.17363],[-84.3558,34.1737],[-84.35585,34.17378],[-84.3559,34.17387],[-84.35594,34.17394],[-84.35599,34.17402],[-84.35602,34.17409],[-84.35606,34.17416],[-84.35611,34.17425],[-84.35617,34.1743],[-84.35619,34.17434],[-84.35621,34.1744],[-84.35621,34.17447],[-84.35619,34.17452],[-84.35618,34.17454],[-84.35617,34.17457],[-84.35612,34.17462],[-84.356,34.17468],[-84.35588,34.17474],[-84.35576,34.17479],[-84.35564,34.17485],[-84.35552,34.17491],[-84.3554,34.17496],[-84.3553,34.17499],[-84.35521,34.17502],[-84.35512,34.17506],[-84.35504,34.1751],[-84.35496,34.17515],[-84.35488,34.1752],[-84.35481,34.17526],[-84.35474,34.17531],[-84.35467,34.17537],[-84.35458,34.17543],[-84.35448,34.17549],[-84.35437,34.17557],[-84.35428,34.17563],[-84.35418,34.17569],[-84.35407,34.17576],[-84.35395,34.17583],[-84.35386,34.17589],[-84.35376,34.17595],[-84.35345,34.17612],[-84.3532,34.17626],[-84.35261,34.17658],[-84.35251,34.17664],[-84.35246,34.17669],[-84.35243,34.17671],[-84.3524,34.17674],[-84.35235,34.1768],[-84.35234,34.17681],[-84.35228,34.17687],[-84.35227,34.17689],[-84.3522,34.17691],[-84.35204,34.17689],[-84.35196,34.17688],[-84.35185,34.17687],[-84.35178,34.17687],[-84.35165,34.17681],[-84.35153,34.17679],[-84.35144,34.17678],[-84.35132,34.17675],[-84.35118,34.17671],[-84.35108,34.17666],[-84.35104,34.17665],[-84.35088,34.17665],[-84.35084,34.17665],[-84.35079,34.17665],[-84.35064,34.17665],[-84.35051,34.17663],[-84.35037,34.1766],[-84.35029,34.17658],[-84.35014,34.17655],[-84.35003,34.17652],[-84.34991,34.17651],[-84.34984,34.17648],[-84.34979,34.17647],[-84.34977,34.17648],[-84.34972,34.17649],[-84.34964,34.17651],[-84.34954,34.1765],[-84.34946,34.17645],[-84.34934,34.17643],[-84.34926,34.17641],[-84.34916,34.17637],[-84.34902,34.17641],[-84.34892,34.17643],[-84.34887,34.17642],[-84.34884,34.17641],[-84.34876,34.17637],[-84.34869,34.17633],[-84.3486,34.17629],[-84.34854,34.17627],[-84.34851,34.17626],[-84.34847,34.17625],[-84.34837,34.17623],[-84.34825,34.17621],[-84.34816,34.1762],[-84.34806,34.17619],[-84.34793,34.17617],[-84.34782,34.17615],[-84.34772,34.17614],[-84.34761,34.17612],[-84.34749,34.1761],[-84.34741,34.17608],[-84.34732,34.17607],[-84.34724,34.17603],[-84.34713,34.17601],[-84.34709,34.17601],[-84.34704,34.176],[-84.34696,34.17601],[-84.34693,34.17601],[-84.3468,34.17601],[-84.34668,34.17602],[-84.34656,34.17603],[-84.34651,34.17603],[-84.34647,34.17604],[-84.3464,34.17605],[-84.34635,34.17605],[-84.34622,34.17608],[-84.34614,34.1761],[-84.34606,34.17613],[-84.346,34.17615],[-84.3459,34.17621],[-84.34582,34.17624],[-84.34577,34.17628],[-84.34573,34.1763],[-84.34567,34.17634],[-84.34564,34.17636],[-84.34556,34.17643],[-84.34546,34.17648],[-84.3454,34.17653],[-84.34532,34.17655],[-84.34516,34.17655],[-84.34502,34.17652],[-84.34492,34.1765],[-84.34483,34.17649],[-84.34472,34.17646],[-84.34467,34.17644],[-84.34458,34.17644],[-84.34405,34.17631],[-84.34377,34.17623],[-84.34374,34.17622],[-84.34367,34.17623],[-84.34363,34.17623],[-84.34357,34.17623],[-84.34355,34.17623],[-84.3434,34.1762],[-84.34329,34.17619],[-84.34318,34.1762],[-84.34296,34.17624],[-84.34285,34.17627],[-84.34273,34.1763],[-84.34268,34.17632],[-84.34263,34.17634],[-84.34255,34.17636],[-84.34252,34.17637],[-84.34246,34.1764],[-84.34242,34.17641],[-84.34239,34.17642],[-84.34236,34.17644],[-84.34233,34.17646],[-84.34228,34.17649],[-84.34222,34.17656],[-84.34213,34.17663],[-84.34207,34.17666],[-84.34198,34.17673],[-84.34191,34.17681],[-84.3419,34.17683],[-84.34185,34.17691],[-84.34183,34.17694],[-84.3418,34.17697],[-84.34174,34.17704],[-84.34172,34.17707],[-84.34166,34.17715],[-84.34158,34.17722],[-84.3415,34.17729],[-84.3414,34.17736],[-84.34136,34.17744],[-84.34127,34.17752],[-84.34118,34.17762],[-84.34111,34.17767],[-84.34101,34.17771],[-84.34082,34.17774],[-84.34065,34.1778],[-84.34054,34.17785],[-84.34019,34.17792],[-84.34016,34.17794],[-84.34006,34.17799],[-84.33995,34.17803],[-84.33983,34.17803],[-84.33977,34.17803],[-84.33972,34.17803],[-84.33958,34.17804],[-84.33952,34.17805],[-84.33947,34.17806],[-84.33943,34.17806],[-84.33937,34.17806],[-84.33932,34.17804],[-84.33927,34.17803],[-84.33915,34.17804],[-84.339,34.17808],[-84.33891,34.17809],[-84.33884,34.1781],[-84.3388,34.17811],[-84.33872,34.17812],[-84.3387,34.17812],[-84.3386,34.17815],[-84.33852,34.17817],[-84.33849,34.17818],[-84.33847,34.17819],[-84.33837,34.17822],[-84.33824,34.17826],[-84.33817,34.17832],[-84.33814,34.17835],[-84.3381,34.17838],[-84.33795,34.17846],[-84.33791,34.17848],[-84.33784,34.17852],[-84.33775,34.17857],[-84.33769,34.17859],[-84.33759,34.17862],[-84.3375,34.17866],[-84.33736,34.17874],[-84.33729,34.1788],[-84.33723,34.17886],[-84.33718,34.17892],[-84.33711,34.179],[-84.33707,34.17904],[-84.33707,34.17905],[-84.33703,34.1791],[-84.337,34.17914],[-84.33695,34.17918],[-84.33693,34.1792],[-84.33682,34.1793],[-84.33677,34.17936],[-84.33672,34.17942],[-84.33661,34.17953],[-84.33656,34.17959],[-84.33649,34.17967],[-84.33642,34.17975],[-84.33638,34.17981],[-84.33637,34.17983],[-84.33629,34.17991],[-84.33623,34.18],[-84.33617,34.18006],[-84.33612,34.18012],[-84.33607,34.18018],[-84.33597,34.18029],[-84.3359,34.18037],[-84.33583,34.18044],[-84.33578,34.1805],[-84.33573,34.18059],[-84.33562,34.18071],[-84.33554,34.18078],[-84.33545,34.18086],[-84.33544,34.18087],[-84.33535,34.18097],[-84.33528,34.18103],[-84.33523,34.1811],[-84.33515,34.1812],[-84.33505,34.18127],[-84.33498,34.18133],[-84.33488,34.18137],[-84.33479,34.18144],[-84.33472,34.18154],[-84.33465,34.1816],[-84.33454,34.18168],[-84.3345,34.18171],[-84.33442,34.18176],[-84.33434,34.18183],[-84.33431,34.18186],[-84.33428,34.18189],[-84.33422,34.18195],[-84.33416,34.18199],[-84.33414,34.18201],[-84.33407,34.18206],[-84.33399,34.18212],[-84.33396,34.18214],[-84.33386,34.18221],[-84.3338,34.18227],[-84.33378,34.18229],[-84.33377,34.18231],[-84.33374,34.18236],[-84.33365,34.18242],[-84.33359,34.18247],[-84.33348,34.18253],[-84.33341,34.18261],[-84.33335,34.18266],[-84.33329,34.18271],[-84.33318,34.1828],[-84.33309,34.18284],[-84.33305,34.18287],[-84.33297,34.18293],[-84.33288,34.183],[-84.33281,34.18307],[-84.33274,34.18313],[-84.3327,34.18316],[-84.33266,34.18319],[-84.33259,34.18324],[-84.33253,34.18329],[-84.33242,34.18338],[-84.3324,34.18341],[-84.33236,34.18346],[-84.33227,34.18353],[-84.3322,34.18359],[-84.33212,34.18367],[-84.33206,34.18371],[-84.33197,34.18377],[-84.33191,34.18382],[-84.33184,34.1839],[-84.33174,34.184],[-84.33171,34.18403],[-84.33166,34.18407],[-84.33164,34.18409],[-84.3316,34.18412],[-84.33153,34.18421],[-84.33143,34.18431],[-84.3314,34.18435],[-84.33136,34.18443],[-84.33128,34.1845],[-84.3312,34.18457],[-84.33114,34.18465],[-84.33104,34.18474],[-84.33091,34.18481],[-84.33084,34.18486],[-84.33079,34.18491],[-84.33075,34.18494],[-84.33067,34.18497],[-84.33059,34.18499],[-84.33052,34.18501],[-84.33041,34.18503],[-84.33028,34.18507],[-84.33025,34.18508],[-84.33019,34.18511],[-84.33011,34.18519],[-84.33006,34.18524],[-84.32993,34.1853],[-84.32988,34.18533],[-84.32983,34.18534],[-84.32975,34.18541],[-84.32968,34.18546],[-84.3296,34.18552],[-84.32949,34.18561],[-84.32938,34.18567],[-84.32929,34.18572],[-84.32921,34.18579],[-84.32915,34.18584],[-84.32908,34.18587],[-84.32899,34.18591],[-84.3289,34.18597],[-84.32885,34.18602],[-84.32876,34.1861],[-84.32864,34.18617],[-84.3284,34.18617],[-84.32774,34.18617],[-84.32429,34.1862],[-84.32417,34.1862],[-84.32401,34.1862],[-84.32388,34.1862],[-84.32372,34.1862],[-84.32355,34.18621],[-84.32336,34.18621],[-84.32306,34.18621],[-84.32116,34.18617],[-84.31752,34.18629],[-84.30131,34.18621],[-84.29967,34.18619],[-84.29845,34.18619],[-84.29836,34.18619],[-84.29815,34.18619],[-84.29705,34.18619],[-84.29593,34.18618],[-84.29572,34.18618],[-84.28997,34.18617],[-84.28632,34.18616],[-84.28223,34.18615],[-84.2746,34.18613],[-84.27287,34.18613],[-84.27279,34.18613],[-84.27271,34.18613],[-84.26452,34.18611],[-84.26446,34.18611],[-84.26058,34.18597],[-84.25902,34.18592],[-84.25902,34.18602],[-84.25898,34.18757],[-84.25897,34.18864],[-84.25896,34.18961],[-84.25896,34.19047],[-84.25896,34.1906],[-84.25895,34.1911],[-84.25895,34.19168],[-84.25895,34.19177],[-84.25894,34.19194],[-84.25894,34.19215],[-84.25894,34.19248],[-84.25894,34.19263],[-84.25894,34.19268],[-84.25894,34.19274],[-84.25893,34.19312],[-84.25893,34.19324],[-84.25893,34.19327],[-84.25893,34.19346],[-84.25893,34.19351],[-84.25892,34.19414],[-84.25892,34.19427],[-84.25892,34.19462],[-84.25892,34.19468],[-84.25891,34.19507],[-84.25891,34.19515],[-84.25891,34.19527],[-84.2589,34.1956],[-84.25889,34.19674],[-84.25889,34.19683],[-84.25889,34.19687],[-84.25889,34.1969],[-84.25889,34.19708],[-84.25888,34.19741],[-84.25886,34.19823],[-84.25886,34.19889],[-84.25887,34.19977],[-84.25886,34.2001],[-84.25886,34.20018],[-84.25886,34.20028],[-84.25886,34.20029],[-84.25886,34.20132],[-84.25886,34.20136],[-84.25886,34.2014],[-84.25886,34.20146],[-84.25886,34.20201],[-84.25886,34.20268],[-84.25886,34.2029],[-84.25886,34.20298],[-84.25886,34.20358],[-84.25886,34.20409],[-84.25886,34.20418],[-84.25886,34.20446],[-84.25885,34.20589],[-84.25885,34.20717],[-84.25885,34.20721],[-84.25886,34.20728],[-84.25887,34.20732],[-84.25887,34.20738],[-84.25892,34.20775],[-84.25898,34.20826],[-84.25889,34.20898],[-84.25868,34.21287],[-84.25867,34.21471],[-84.25868,34.22033],[-84.25868,34.22791],[-84.25869,34.23369],[-84.25869,34.23425],[-84.25869,34.23709],[-84.25869,34.2383],[-84.25867,34.24162],[-84.25867,34.24171],[-84.25867,34.24181],[-84.25867,34.2419],[-84.25863,34.24801],[-84.25867,34.25304],[-84.25865,34.25708],[-84.25864,34.25803],[-84.25867,34.26236],[-84.25867,34.26271],[-84.25866,34.26453],[-84.25863,34.26871],[-84.25859,34.27316],[-84.25859,34.27507],[-84.25859,34.27518],[-84.25858,34.27833],[-84.25858,34.27887],[-84.25858,34.28558],[-84.25858,34.28618],[-84.25858,34.28708],[-84.25858,34.28731],[-84.25858,34.28801],[-84.25858,34.28807],[-84.25858,34.28821],[-84.25853,34.29505],[-84.25849,34.29921],[-84.25849,34.29928],[-84.25849,34.29934],[-84.25849,34.2994],[-84.25849,34.29946],[-84.25846,34.30353],[-84.25845,34.30391],[-84.25845,34.30401],[-84.25845,34.30408],[-84.25845,34.30416],[-84.2584,34.31046],[-84.2584,34.31054],[-84.2584,34.31061],[-84.2584,34.31068],[-84.25839,34.31305],[-84.25838,34.31353],[-84.25836,34.31474],[-84.25832,34.31759],[-84.25832,34.31771],[-84.25825,34.32218],[-84.25816,34.32919],[-84.25809,34.33381],[-84.25807,34.33516],[-84.25806,34.33645],[-84.2581,34.33647],[-84.25796,34.34604],[-84.25795,34.34613],[-84.25793,34.34797],[-84.25791,34.34974],[-84.25789,34.35169],[-84.25785,34.35589],[-84.25785,34.35601],[-84.25782,34.3585],[-84.25782,34.35956],[-84.25782,34.36132],[-84.25782,34.36137],[-84.25783,34.36674],[-84.25783,34.36791],[-84.25782,34.37158],[-84.25781,34.37263],[-84.25782,34.37343],[-84.25783,34.37373],[-84.25784,34.37435],[-84.25784,34.37441],[-84.25785,34.37509],[-84.25765,34.37511],[-84.25765,34.37534],[-84.25762,34.37691],[-84.25761,34.37767],[-84.25759,34.37864],[-84.25761,34.37942],[-84.25761,34.3799],[-84.2576,34.38058],[-84.25759,34.38099],[-84.27209,34.38096],[-84.27786,34.38096],[-84.28368,34.38094],[-84.28393,34.38095],[-84.28407,34.38095],[-84.2842,34.38094],[-84.29207,34.38093],[-84.29257,34.38093],[-84.30351,34.38092],[-84.31031,34.3809],[-84.31228,34.3809],[-84.31776,34.38089],[-84.32301,34.38088],[-84.32304,34.38088],[-84.33005,34.38087],[-84.33305,34.38086],[-84.33451,34.38086],[-84.33471,34.38086],[-84.33783,34.38086],[-84.34557,34.38084],[-84.34746,34.38084],[-84.35307,34.38083],[-84.36182,34.38081],[-84.36571,34.38081],[-84.36646,34.38081],[-84.36697,34.38081],[-84.36725,34.38081],[-84.3708,34.3808],[-84.37099,34.3808],[-84.37138,34.3808],[-84.37264,34.3808],[-84.37287,34.38079],[-84.37397,34.38079],[-84.37409,34.38079],[-84.37419,34.38079],[-84.3745,34.38078],[-84.37492,34.38079],[-84.3753,34.3808],[-84.3754,34.3808],[-84.3755,34.38081],[-84.37554,34.3808],[-84.3757,34.38079],[-84.37769,34.38078],[-84.37813,34.38077],[-84.3789,34.38077],[-84.3791,34.38077],[-84.37937,34.38077],[-84.38097,34.38076],[-84.38156,34.38075],[-84.3824,34.38075],[-84.38294,34.38074],[-84.3837,34.38074],[-84.38406,34.38074],[-84.38554,34.38073],[-84.3861,34.38073],[-84.38847,34.38071],[-84.3888,34.38071],[-84.38978,34.3807],[-84.3901,34.3807],[-84.39024,34.3807],[-84.39068,34.3807],[-84.39083,34.3807],[-84.39085,34.3807],[-84.39168,34.38069],[-84.39212,34.38069],[-84.39211,34.38005],[-84.3921,34.37942],[-84.39208,34.37844],[-84.39205,34.37653],[-84.39205,34.37652],[-84.39202,34.37519],[-84.39207,34.37509],[-84.39208,34.37499],[-84.39214,34.37434],[-84.39215,34.37413],[-84.39216,34.37403],[-84.39217,34.37397],[-84.39219,34.37373],[-84.3922,34.37363],[-84.39222,34.37329],[-84.39237,34.37329],[-84.39277,34.37329],[-84.39278,34.37329],[-84.39393,34.37329],[-84.39524,34.3733],[-84.39971,34.37329],[-84.40013,34.37329],[-84.40077,34.37327],[-84.40087,34.37509],[-84.40086,34.37592],[-84.40085,34.376],[-84.40084,34.37609],[-84.40084,34.37621],[-84.40083,34.37633],[-84.40082,34.37705],[-84.40082,34.37713],[-84.4008,34.3777],[-84.40077,34.37878],[-84.40077,34.37882],[-84.40074,34.37988],[-84.40072,34.38049],[-84.40462,34.38051],[-84.40514,34.38051],[-84.41186,34.38055],[-84.41197,34.38055],[-84.41206,34.38055],[-84.41542,34.38055],[-84.4155,34.38055],[-84.41557,34.38055],[-84.41738,34.38057],[-84.41749,34.38057],[-84.41761,34.38057],[-84.41878,34.38057],[-84.41889,34.38057],[-84.41898,34.38057],[-84.42127,34.38058],[-84.42156,34.38058],[-84.42185,34.38058],[-84.42187,34.38057],[-84.42197,34.38058],[-84.42208,34.38058],[-84.42442,34.38059],[-84.42453,34.38059],[-84.42453,34.38065],[-84.42453,34.38072],[-84.42453,34.38165],[-84.42453,34.3817],[-84.42453,34.38707],[-84.42452,34.38799],[-84.43398,34.3881],[-84.43403,34.3881],[-84.43998,34.38817],[-84.44213,34.38819],[-84.44232,34.38053],[-84.44233,34.38039],[-84.44872,34.38043],[-84.4547,34.38047],[-84.45473,34.38047],[-84.45561,34.38048],[-84.46319,34.38052],[-84.46323,34.38052],[-84.47007,34.38056],[-84.47008,34.38056],[-84.47314,34.38058],[-84.47571,34.38059],[-84.4824,34.38064],[-84.48245,34.38064],[-84.48677,34.38066],[-84.48858,34.38067],[-84.49895,34.38074],[-84.4991,34.38074],[-84.49993,34.38074],[-84.50853,34.38089],[-84.51065,34.38091],[-84.52233,34.38098],[-84.52241,34.38098],[-84.52452,34.38099],[-84.5247,34.38099],[-84.53036,34.38103],[-84.5411,34.38109],[-84.54214,34.3811],[-84.54282,34.38111],[-84.55741,34.38124],[-84.56742,34.38134],[-84.57263,34.38139],[-84.57358,34.3814],[-84.5783,34.38145],[-84.57939,34.38146],[-84.58167,34.38148],[-84.58263,34.38149],[-84.58264,34.38316],[-84.58266,34.38574],[-84.58266,34.38577],[-84.58277,34.40346],[-84.58283,34.41219],[-84.58786,34.41218],[-84.58802,34.41218],[-84.59186,34.41218],[-84.59194,34.41218],[-84.59252,34.41217],[-84.59323,34.41218],[-84.5933,34.41218],[-84.59397,34.41218],[-84.59476,34.41217],[-84.59479,34.41218],[-84.60483,34.41216],[-84.60503,34.41216],[-84.60608,34.41216],[-84.60899,34.41216],[-84.61238,34.41216],[-84.61875,34.41215],[-84.61901,34.41215],[-84.61943,34.41215],[-84.62312,34.41214],[-84.62314,34.41214],[-84.62398,34.41214],[-84.62493,34.41214],[-84.62736,34.41217],[-84.62999,34.41222],[-84.63005,34.41222],[-84.63206,34.41225],[-84.63828,34.41236],[-84.6383,34.41235],[-84.63955,34.41237],[-84.64232,34.41242],[-84.64237,34.41242],[-84.64919,34.41253],[-84.64934,34.41253],[-84.65162,34.41256],[-84.65323,34.41259],[-84.65325,34.41154],[-84.65325,34.4114],[-84.65325,34.41113],[-84.65326,34.40952],[-84.65327,34.40886],[-84.6533,34.40673],[-84.65332,34.40531],[-84.65332,34.40527],[-84.65334,34.40312],[-84.65337,34.40113],[-84.65342,34.39667],[-84.65343,34.39541],[-84.65346,34.39457],[-84.65346,34.39451],[-84.6535,34.39327],[-84.65352,34.39258],[-84.65352,34.39241],[-84.65352,34.38953],[-84.65352,34.38828],[-84.65356,34.38769],[-84.65369,34.38591],[-84.65373,34.38531],[-84.65374,34.38509],[-84.65374,34.38506],[-84.65376,34.38429],[-84.65377,34.38404],[-84.65379,34.3831],[-84.65388,34.38028],[-84.65391,34.37934],[-84.65397,34.37723],[-84.65403,34.37509],[-84.65399,34.37091],[-84.65397,34.36881],[-84.65397,34.36874],[-84.65397,34.36853],[-84.65397,34.36846],[-84.65397,34.3683],[-84.65397,34.36811],[-84.65397,34.36705],[-84.65397,34.3667],[-84.65398,34.36589],[-84.65398,34.36347],[-84.65398,34.36282],[-84.65399,34.36266],[-84.65397,34.35954],[-84.65395,34.35693],[-84.65404,34.35518],[-84.64905,34.3552],[-84.64594,34.35521],[-84.64574,34.35522],[-84.64561,34.35521],[-84.64462,34.35518],[-84.64429,34.35517],[-84.64435,34.354],[-84.64435,34.35382],[-84.6445,34.35068],[-84.64454,34.34978],[-84.64457,34.34916],[-84.64458,34.34894],[-84.64459,34.34884],[-84.64461,34.34844],[-84.64461,34.34827],[-84.64464,34.34776],[-84.64465,34.34759],[-84.64465,34.34741],[-84.64468,34.34686],[-84.64468,34.34683],[-84.64484,34.34683],[-84.64499,34.34683],[-84.64543,34.34684],[-84.64545,34.34684],[-84.6456,34.34684],[-84.64571,34.34684],[-84.64602,34.34685],[-84.64608,34.34685],[-84.64613,34.34685],[-84.64709,34.34686],[-84.64998,34.34689],[-84.65059,34.3469],[-84.65094,34.3469],[-84.65373,34.34693],[-84.654,34.34693],[-84.65392,34.33884],[-84.6539,34.33605],[-84.65389,34.33601],[-84.65389,34.33595],[-84.6539,34.33588],[-84.6539,34.33584],[-84.6539,34.33575],[-84.65389,34.33549],[-84.65389,34.33541],[-84.6539,34.33473],[-84.65394,34.33272],[-84.65395,34.33214],[-84.65395,34.33205],[-84.65395,34.33175],[-84.65397,34.33084],[-84.65397,34.33054],[-84.65394,34.32963],[-84.65393,34.32935],[-84.65383,34.32691],[-84.6538,34.3263],[-84.65376,34.32602],[-84.65377,34.326],[-84.65377,34.32593],[-84.65375,34.32572],[-84.65375,34.32565],[-84.65373,34.32336],[-84.65369,34.3165],[-84.65367,34.31421],[-84.65365,34.31075],[-84.65362,34.30691],[-84.65359,34.30035],[-84.65359,34.29987],[-84.65358,34.29689],[-84.65357,34.29592],[-84.65356,34.29304],[-84.65356,34.29208],[-84.65355,34.29123],[-84.65355,34.2912],[-84.65351,34.28858],[-84.65349,34.28771],[-84.65348,34.287],[-84.65344,34.28486],[-84.65343,34.28414],[-84.6534,34.28286],[-84.65339,34.28233],[-84.65335,34.27964],[-84.65335,34.27688],[-84.65335,34.27506],[-84.65335,34.27442],[-84.65335,34.27429],[-84.65335,34.27249],[-84.65335,34.27184],[-84.65336,34.26895],[-84.65336,34.2677],[-84.65336,34.26725],[-84.65331,34.26402],[-84.6533,34.26317],[-84.65329,34.26217],[-84.65324,34.25907],[-84.65324,34.25526],[-84.65324,34.2545],[-84.65323,34.25112],[-84.65323,34.25008],[-84.65329,34.24893],[-84.65359,34.24236],[-84.65359,34.24224],[-84.65368,34.24035],[-84.65368,34.24016],[-84.65368,34.23866],[-84.6537,34.23588],[-84.65371,34.23414],[-84.65371,34.23341],[-84.65372,34.2327],[-84.65372,34.23263],[-84.65372,34.23246],[-84.65372,34.23197],[-84.65372,34.2318],[-84.65372,34.23174],[-84.65373,34.23094],[-84.65374,34.22838],[-84.65374,34.22753],[-84.65375,34.22744],[-84.65375,34.22725],[-84.65375,34.22723],[-84.65375,34.22721],[-84.65376,34.22716],[-84.65384,34.22667],[-84.65399,34.22584],[-84.65418,34.22467],[-84.65427,34.2241],[-84.65439,34.22336],[-84.65441,34.22325],[-84.65442,34.22318],[-84.65445,34.22298],[-84.65446,34.22291],[-84.65454,34.22243],[-84.65461,34.22199],[-84.65464,34.22183],[-84.65465,34.22177],[-84.65469,34.22145],[-84.65476,34.22098],[-84.65484,34.22049],[-84.65503,34.21927],[-84.65531,34.21743],[-84.65533,34.21731],[-84.65559,34.2156],[-84.65578,34.21438],[-84.6558,34.21428],[-84.65585,34.214],[-84.65586,34.21391],[-84.6559,34.21366],[-84.65597,34.21328],[-84.65627,34.21141],[-84.65638,34.21079],[-84.65657,34.20963],[-84.65662,34.2093],[-84.65663,34.20928],[-84.65701,34.20695],[-84.65723,34.2056],[-84.65737,34.20475],[-84.65762,34.20324],[-84.65764,34.20313],[-84.6577,34.20279],[-84.65772,34.20268],[-84.6577,34.20154],[-84.65765,34.19812],[-84.65764,34.19715],[-84.65763,34.19699],[-84.65763,34.19683],[-84.65762,34.19635],[-84.65762,34.1962],[-84.65761,34.19544],[-84.65758,34.19318],[-84.65757,34.19242],[-84.65756,34.19211],[-84.65755,34.19118],[-84.65754,34.19088],[-84.65754,34.19087],[-84.65754,34.1906],[-84.65759,34.18888],[-84.65766,34.18646],[-84.6577,34.18488],[-84.65776,34.18292],[-84.65782,34.18094],[-84.65784,34.17867],[-84.65786,34.17662],[-84.65787,34.17441],[-84.65789,34.17189],[-84.65791,34.16963],[-84.65793,34.16773],[-84.65791,34.16341],[-84.65791,34.16334],[-84.65791,34.16327],[-84.65791,34.16321],[-84.65791,34.16311],[-84.65791,34.16302],[-84.65791,34.16295],[-84.6579,34.16091],[-84.65789,34.15918],[-84.6579,34.15907],[-84.65789,34.15896],[-84.65789,34.15895],[-84.65789,34.15892],[-84.65789,34.1589],[-84.65789,34.15841],[-84.65789,34.15746],[-84.65788,34.15692],[-84.65788,34.15643],[-84.65788,34.15634],[-84.65788,34.15605],[-84.65788,34.15596],[-84.65787,34.15305],[-84.65787,34.15294],[-84.65787,34.15283],[-84.65787,34.15281],[-84.65787,34.15275],[-84.65787,34.15273],[-84.65786,34.15247],[-84.65786,34.15169],[-84.65786,34.15143],[-84.65786,34.15082],[-84.65785,34.149],[-84.65785,34.1484],[-84.65785,34.14831],[-84.65785,34.1482],[-84.65785,34.14808],[-84.65785,34.14799],[-84.65785,34.14798],[-84.65785,34.14794],[-84.65785,34.14792],[-84.65785,34.14764],[-84.65784,34.14678],[-84.65784,34.14649],[-84.65784,34.14568],[-84.65783,34.1452],[-84.65786,34.1437],[-84.65786,34.14327],[-84.65788,34.14247],[-84.65788,34.14243],[-84.65788,34.14222],[-84.65788,34.14192],[-84.65789,34.14159],[-84.65789,34.14138],[-84.6579,34.14101],[-84.6579,34.14045],[-84.65792,34.13989],[-84.65793,34.13952],[-84.65792,34.13923],[-84.65792,34.13835],[-84.65792,34.13805],[-84.65792,34.13794],[-84.65793,34.13775],[-84.65793,34.13761],[-84.65793,34.1375],[-84.65794,34.13723],[-84.65796,34.13641],[-84.65797,34.13614],[-84.65797,34.13578],[-84.65799,34.13473],[-84.658,34.13438],[-84.65799,34.13407],[-84.65799,34.1336],[-84.65798,34.13314],[-84.65798,34.13283],[-84.65799,34.13267],[-84.65799,34.1325],[-84.65803,34.1315],[-84.65804,34.13117],[-84.65805,34.13085],[-84.65806,34.12987],[-84.65807,34.12955],[-84.65807,34.12899],[-84.6581,34.12731],[-84.6581,34.12716],[-84.65811,34.12675],[-84.65811,34.12656],[-84.65813,34.12599],[-84.65814,34.12586],[-84.65813,34.12584],[-84.65813,34.12579],[-84.65813,34.12565],[-84.65813,34.12522],[-84.65813,34.12508],[-84.65816,34.12443],[-84.65819,34.12326],[-84.65837,34.11781],[-84.65843,34.116],[-84.65845,34.11529],[-84.65849,34.11317],[-84.6585,34.11246],[-84.6585,34.11222],[-84.6585,34.11209],[-84.65853,34.11097],[-84.65853,34.11059],[-84.65853,34.11033],[-84.65853,34.10954],[-84.65853,34.1093],[-84.65853,34.10928],[-84.65854,34.10888],[-84.65857,34.10769],[-84.65858,34.10729],[-84.65858,34.10711],[-84.6586,34.10623],[-84.65871,34.10113],[-84.65883,34.09591],[-84.65883,34.09571],[-84.65885,34.09482],[-84.65889,34.09324],[-84.65893,34.09103],[-84.65907,34.08603],[-84.65911,34.08456],[-84.65913,34.08367],[-84.65918,34.08222],[-84.65917,34.08219],[-84.6592,34.08115],[-84.65921,34.08092],[-84.65923,34.07972],[-84.65923,34.07946],[-84.65924,34.07824],[-84.65773,34.0782],[-84.65671,34.07817],[-84.6564,34.07816],[-84.65572,34.07814],[-84.65537,34.07813],[-84.65394,34.07811],[-84.65363,34.07811],[-84.65347,34.07811],[-84.65328,34.07811],[-84.65251,34.0781],[-84.65158,34.07808],[-84.65148,34.07808],[-84.65112,34.07808],[-84.65047,34.07806],[-84.65031,34.07806],[-84.64688,34.07799],[-84.64617,34.07801],[-84.64483,34.07799],[-84.64307,34.07798],[-84.64174,34.07794],[-84.63653,34.07792],[-84.63611,34.0779],[-84.63453,34.07778],[-84.63361,34.07775],[-84.63347,34.07775],[-84.6334,34.07774],[-84.6328,34.07772],[-84.63226,34.07769],[-84.63127,34.07766],[-84.63102,34.07765],[-84.63092,34.07766],[-84.63068,34.07766],[-84.62951,34.07765],[-84.62869,34.07766],[-84.6279,34.07765],[-84.6273,34.07765],[-84.62703,34.07765],[-84.62694,34.07765],[-84.62676,34.07765],[-84.62661,34.07765],[-84.62557,34.07763],[-84.62517,34.07762],[-84.62491,34.07762],[-84.62468,34.07762],[-84.62428,34.0776],[-84.62427,34.07781],[-84.62426,34.07813],[-84.62424,34.07856],[-84.62424,34.0788],[-84.62423,34.0789],[-84.62422,34.08067],[-84.62422,34.08178],[-84.62347,34.08176],[-84.62338,34.08175],[-84.61824,34.08166],[-84.61754,34.08166],[-84.61542,34.08161],[-84.61536,34.08161],[-84.6153,34.08161],[-84.61534,34.07948],[-84.61537,34.07807],[-84.61538,34.07746],[-84.61361,34.07739],[-84.61304,34.07736],[-84.61226,34.07733],[-84.60926,34.07722],[-84.60794,34.07718],[-84.60761,34.07717],[-84.60729,34.07716],[-84.6069,34.07715],[-84.60681,34.07715],[-84.60674,34.07715],[-84.60622,34.07714],[-84.60541,34.07713],[-84.60205,34.0771],[-84.60164,34.07709],[-84.60026,34.07705],[-84.59983,34.07703],[-84.59957,34.07703],[-84.59941,34.07702],[-84.59925,34.07702],[-84.59787,34.07698],[-84.5949,34.07695],[-84.59367,34.07692],[-84.59165,34.07682],[-84.58982,34.07678],[-84.58929,34.07679],[-84.58871,34.07677],[-84.58852,34.07675],[-84.58841,34.07673],[-84.58812,34.07673],[-84.58732,34.0767],[-84.58568,34.07665],[-84.584,34.07663],[-84.58234,34.07661],[-84.58191,34.0766],[-84.57873,34.07658],[-84.57812,34.07657],[-84.57619,34.07656],[-84.57594,34.07656],[-84.57575,34.07656],[-84.57569,34.07656],[-84.57559,34.07656],[-84.5755,34.07656],[-84.57456,34.07656],[-84.57409,34.07656],[-84.57404,34.07656],[-84.57392,34.07656],[-84.57281,34.07656],[-84.57275,34.07655],[-84.57247,34.07656],[-84.57212,34.07657],[-84.57202,34.07656],[-84.57184,34.07657],[-84.57175,34.07657],[-84.57145,34.07656],[-84.57131,34.07655],[-84.57124,34.07655],[-84.57076,34.07653],[-84.57061,34.07653],[-84.57052,34.07652],[-84.56905,34.07646],[-84.56824,34.07644],[-84.56817,34.07643],[-84.5681,34.07643],[-84.56802,34.07642],[-84.56791,34.07642],[-84.56775,34.07641],[-84.56711,34.07639],[-84.56671,34.07637],[-84.56644,34.07636],[-84.56527,34.07634],[-84.5634,34.0763],[-84.56214,34.07627],[-84.56142,34.07625],[-84.56107,34.07624],[-84.5607,34.07624],[-84.55997,34.07622],[-84.55979,34.07622],[-84.55901,34.0762],[-84.55788,34.07615],[-84.55673,34.07611],[-84.55559,34.07604],[-84.5555,34.07604],[-84.55395,34.076],[-84.55388,34.076],[-84.55378,34.076],[-84.55368,34.076],[-84.5536,34.076],[-84.55358,34.076],[-84.55333,34.076],[-84.55296,34.076],[-84.55146,34.076],[-84.54429,34.07579],[-84.54375,34.07578],[-84.54279,34.07577],[-84.54263,34.07577],[-84.5419,34.07575],[-84.54183,34.07575],[-84.5415,34.07575],[-84.54112,34.07574],[-84.54101,34.07574],[-84.54093,34.07574],[-84.54003,34.07573],[-84.5399,34.07572],[-84.53936,34.07571],[-84.53892,34.0757],[-84.5386,34.07569],[-84.53804,34.07568],[-84.53775,34.07567],[-84.53758,34.07566],[-84.5371,34.07565],[-84.53587,34.07563],[-84.53585,34.07563],[-84.53569,34.07563],[-84.53487,34.07561],[-84.53436,34.0756],[-84.53032,34.07553],[-84.52952,34.07553],[-84.52921,34.07552],[-84.52773,34.0755],[-84.52199,34.0754],[-84.52198,34.0754],[-84.52193,34.0754],[-84.52153,34.0754],[-84.51621,34.07531],[-84.51587,34.0753],[-84.51587,34.07605],[-84.51587,34.07721],[-84.51586,34.07729],[-84.51587,34.07821],[-84.51587,34.07857],[-84.51586,34.07886],[-84.51586,34.07923],[-84.51302,34.07921],[-84.51214,34.07921],[-84.51148,34.0792],[-84.5115,34.07638],[-84.51149,34.07597],[-84.51151,34.07527],[-84.51037,34.07526],[-84.51027,34.07526],[-84.50935,34.07525],[-84.50777,34.07525],[-84.50766,34.07524],[-84.50755,34.07524],[-84.50647,34.07524],[-84.50602,34.07523],[-84.50474,34.07523],[-84.50334,34.07521],[-84.50297,34.0752],[-84.50282,34.0752],[-84.50248,34.07519],[-84.50079,34.07515],[-84.49855,34.0751],[-84.49797,34.0751],[-84.49675,34.07506],[-84.49593,34.07503],[-84.48911,34.07482],[-84.48894,34.07482],[-84.48885,34.07482],[-84.48775,34.07482],[-84.48762,34.07482],[-84.48755,34.07482],[-84.48653,34.0748],[-84.48481,34.07478],[-84.48394,34.07477],[-84.4836,34.07476],[-84.48345,34.07476],[-84.48295,34.07475],[-84.48234,34.07474],[-84.48202,34.07473],[-84.48175,34.07473],[-84.48078,34.0747],[-84.47848,34.07465],[-84.47636,34.0746],[-84.47634,34.07457],[-84.47626,34.07448],[-84.47585,34.07447],[-84.47419,34.07444],[-84.47413,34.07444],[-84.47409,34.07443],[-84.47408,34.07453],[-84.474,34.07453],[-84.47385,34.07452],[-84.46919,34.07439],[-84.46718,34.07433],[-84.46305,34.07407],[-84.46235,34.07403],[-84.46203,34.07404],[-84.46063,34.07407],[-84.45927,34.0741],[-84.45798,34.07413],[-84.45403,34.07408],[-84.45397,34.07408],[-84.45393,34.07408],[-84.45385,34.07408],[-84.45374,34.07408],[-84.45062,34.07401],[-84.44663,34.07393],[-84.44496,34.07389],[-84.44211,34.07381],[-84.44145,34.0738],[-84.44118,34.07379],[-84.44079,34.07378],[-84.4401,34.07378],[-84.43976,34.07378],[-84.43873,34.07377],[-84.43869,34.07377],[-84.43862,34.07377],[-84.43787,34.07377],[-84.43751,34.07376],[-84.43691,34.07376],[-84.43682,34.07376],[-84.43203,34.07371],[-84.43143,34.0737],[-84.43066,34.07369],[-84.42918,34.07368],[-84.42903,34.07368],[-84.4289,34.07368],[-84.42753,34.07366],[-84.42533,34.07362],[-84.42427,34.0736],[-84.42393,34.0736],[-84.42242,34.07357],[-84.42209,34.07357],[-84.42169,34.07357],[-84.42088,34.07357],[-84.4208,34.07357],[-84.4193,34.07355],[-84.41893,34.07354],[-84.41893,34.0738],[-84.4189,34.07477],[-84.41883,34.078],[-84.41881,34.07841],[-84.4188,34.07893],[-84.41879,34.07921],[-84.41873,34.0809],[-84.41873,34.081],[-84.41873,34.08406],[-84.41859,34.08405],[-84.41858,34.08479],[-84.41858,34.08482],[-84.41856,34.08552],[-84.41856,34.0859],[-84.41854,34.08685],[-84.41852,34.08811],[-84.41852,34.08814],[-84.41851,34.08856],[-84.41851,34.08866],[-84.41863,34.08859],[-84.41871,34.08857],[-84.41863,34.089],[-84.41873,34.0895],[-84.41853,34.0941],[-84.41853,34.09426],[-84.41854,34.0944],[-84.41863,34.0964],[-84.41863,34.09657],[-84.41862,34.09676],[-84.41862,34.09706],[-84.4186,34.09782],[-84.41859,34.0986],[-84.41857,34.09968],[-84.41857,34.09973],[-84.41857,34.09989],[-84.41857,34.09997],[-84.41856,34.10072],[-84.41855,34.10117],[-84.41854,34.10176],[-84.41854,34.10235],[-84.41852,34.10304],[-84.41851,34.10366],[-84.41847,34.10624],[-84.41843,34.10861],[-84.41843,34.10904],[-84.41839,34.10905],[-84.41835,34.10907],[-84.41801,34.10916],[-84.41759,34.10929],[-84.41702,34.10947],[-84.41633,34.10973],[-84.4154,34.11011],[-84.41506,34.11028],[-84.41491,34.11035],[-84.41469,34.11037],[-84.41456,34.11037],[-84.41453,34.11037],[-84.41451,34.11038],[-84.41449,34.11038],[-84.41446,34.11038],[-84.41445,34.11038],[-84.41442,34.11038],[-84.4144,34.11037],[-84.41437,34.11037],[-84.41434,34.11037],[-84.41431,34.11036],[-84.41427,34.11036],[-84.41424,34.11035],[-84.41421,34.11035],[-84.41417,34.11034],[-84.41414,34.11033],[-84.4141,34.11032],[-84.41407,34.11032],[-84.41403,34.11031],[-84.414,34.1103],[-84.41396,34.11029],[-84.41393,34.11028],[-84.41391,34.11028],[-84.41389,34.11027],[-84.41386,34.11026],[-84.4136,34.11016],[-84.41356,34.11015],[-84.41352,34.11014],[-84.41349,34.11013],[-84.41347,34.11012],[-84.41344,34.11012],[-84.4134,34.11012],[-84.41333,34.11011],[-84.41332,34.11011],[-84.41327,34.1101],[-84.41326,34.1101],[-84.41323,34.11009],[-84.4132,34.11008],[-84.41318,34.11007],[-84.41315,34.11005],[-84.41314,34.11004],[-84.41313,34.11003],[-84.41311,34.11001],[-84.41309,34.11],[-84.41307,34.10998],[-84.41303,34.10995],[-84.41302,34.10994],[-84.41301,34.10993],[-84.41298,34.10991],[-84.41294,34.10987],[-84.41288,34.10984],[-84.41284,34.10981],[-84.41282,34.1098],[-84.4128,34.10979],[-84.41277,34.10978],[-84.41274,34.10976],[-84.41271,34.10974],[-84.41269,34.10972],[-84.41268,34.10971],[-84.41264,34.10968],[-84.41262,34.10965],[-84.41261,34.10963],[-84.41258,34.10961],[-84.41257,34.1096],[-84.41254,34.10958],[-84.4125,34.10956],[-84.41247,34.10954],[-84.41245,34.10953],[-84.41243,34.10952],[-84.41242,34.10951],[-84.4124,34.10949],[-84.41238,34.10946],[-84.41236,34.10943],[-84.41234,34.1094],[-84.41233,34.10938],[-84.41231,34.10935],[-84.4123,34.10933],[-84.41228,34.1093],[-84.41227,34.10927],[-84.41225,34.10923],[-84.41218,34.10915],[-84.41205,34.10891],[-84.41189,34.1087],[-84.41182,34.10854],[-84.41178,34.10838],[-84.41174,34.10824],[-84.41166,34.10811],[-84.41155,34.10804],[-84.41145,34.10797],[-84.41131,34.10791],[-84.41118,34.10789],[-84.41097,34.1079],[-84.4108,34.10793],[-84.41072,34.10796],[-84.41064,34.10797],[-84.41061,34.10799],[-84.41059,34.10799],[-84.41055,34.108],[-84.41052,34.10802],[-84.41049,34.10804],[-84.41045,34.10806],[-84.41041,34.10807],[-84.41038,34.10809],[-84.41034,34.1081],[-84.41032,34.10811],[-84.41029,34.10812],[-84.41026,34.10814],[-84.41023,34.10816],[-84.4102,34.10817],[-84.41016,34.10819],[-84.41013,34.10821],[-84.41011,34.10822],[-84.41009,34.10825],[-84.41005,34.10828],[-84.41002,34.1083],[-84.41,34.10831],[-84.40997,34.10833],[-84.40994,34.10835],[-84.4099,34.10836],[-84.40987,34.10837],[-84.40983,34.10839],[-84.40979,34.1084],[-84.40976,34.10841],[-84.40972,34.10844],[-84.40951,34.10859],[-84.40926,34.10871],[-84.40915,34.10883],[-84.40904,34.1089],[-84.4088,34.10898],[-84.40863,34.10902],[-84.40853,34.10902],[-84.40847,34.10902],[-84.40832,34.109],[-84.40829,34.10899],[-84.40814,34.10896],[-84.40799,34.1089],[-84.40785,34.10884],[-84.40775,34.10881],[-84.40736,34.10874],[-84.40685,34.10882],[-84.40671,34.10883],[-84.40644,34.10892],[-84.40643,34.10893],[-84.4064,34.10896],[-84.40638,34.10898],[-84.40634,34.10902],[-84.40631,34.10907],[-84.4063,34.10909],[-84.40629,34.10912],[-84.40629,34.10914],[-84.40629,34.10918],[-84.40629,34.10921],[-84.40628,34.10924],[-84.40626,34.10927],[-84.40625,34.1093],[-84.40622,34.10934],[-84.4062,34.10937],[-84.40617,34.10941],[-84.40615,34.10943],[-84.40612,34.10946],[-84.4061,34.10948],[-84.40609,34.1095],[-84.40608,34.10952],[-84.40607,34.10955],[-84.40605,34.10959],[-84.40603,34.10961],[-84.406,34.10965],[-84.40596,34.10967],[-84.40593,34.10969],[-84.40589,34.10971],[-84.40584,34.10973],[-84.40582,34.10974],[-84.40578,34.10975],[-84.40573,34.10977],[-84.40567,34.10979],[-84.40563,34.1098],[-84.40559,34.10981],[-84.40553,34.10982],[-84.40547,34.10984],[-84.40543,34.10985],[-84.40539,34.10986],[-84.40533,34.10987],[-84.40526,34.10989],[-84.40521,34.1099],[-84.40515,34.10991],[-84.40508,34.10992],[-84.40502,34.10994],[-84.40498,34.10994],[-84.40494,34.10995],[-84.40493,34.10995],[-84.4049,34.10996],[-84.40487,34.10996],[-84.40483,34.10997],[-84.40479,34.10998],[-84.40476,34.10998],[-84.40474,34.10999],[-84.40472,34.11],[-84.4047,34.11],[-84.40466,34.11001],[-84.40463,34.11002],[-84.40459,34.11003],[-84.40456,34.11005],[-84.40453,34.11006],[-84.4045,34.11007],[-84.40448,34.11008],[-84.40447,34.11009],[-84.40444,34.1101],[-84.40441,34.11013],[-84.4044,34.11014],[-84.4044,34.11016],[-84.4044,34.11019],[-84.4044,34.11022],[-84.4044,34.11024],[-84.4044,34.11026],[-84.40439,34.11028],[-84.40438,34.1103],[-84.40437,34.11031],[-84.40435,34.11033],[-84.40434,34.11035],[-84.40431,34.11037],[-84.4043,34.11038],[-84.40427,34.11039],[-84.40425,34.11039],[-84.40423,34.1104],[-84.40419,34.1104],[-84.40417,34.1104],[-84.40416,34.1104],[-84.40413,34.1104],[-84.40411,34.1104],[-84.40409,34.11039],[-84.40407,34.11039],[-84.40404,34.11038],[-84.40403,34.11038],[-84.40401,34.11037],[-84.404,34.11037],[-84.40397,34.11035],[-84.40395,34.11034],[-84.40393,34.11033],[-84.40391,34.11032],[-84.4039,34.1103],[-84.40388,34.11029],[-84.40387,34.11028],[-84.40385,34.11027],[-84.40384,34.11026],[-84.40382,34.11024],[-84.40381,34.11023],[-84.4038,34.11022],[-84.40379,34.11021],[-84.40378,34.11019],[-84.40377,34.11017],[-84.40376,34.11015],[-84.40375,34.11014],[-84.40373,34.11012],[-84.40372,34.11011],[-84.4037,34.11009],[-84.40363,34.11006],[-84.40359,34.11004],[-84.40354,34.11],[-84.40348,34.10997],[-84.40342,34.10994],[-84.40337,34.10993],[-84.4033,34.10991],[-84.40324,34.10989],[-84.4032,34.10988],[-84.40317,34.10987],[-84.40313,34.10986],[-84.40307,34.10985],[-84.40304,34.10984],[-84.403,34.10983],[-84.40296,34.10982],[-84.40292,34.1098],[-84.40288,34.10979],[-84.40284,34.10978],[-84.4028,34.10977],[-84.40276,34.10976],[-84.4027,34.10974],[-84.40265,34.10972],[-84.4026,34.1097],[-84.40255,34.10968],[-84.40251,34.10967],[-84.40249,34.10966],[-84.40242,34.10964],[-84.40239,34.10964],[-84.40232,34.10962],[-84.40225,34.10961],[-84.40216,34.1096],[-84.40208,34.10959],[-84.40201,34.10959],[-84.40194,34.10959],[-84.40187,34.1096],[-84.40182,34.1096],[-84.40175,34.10961],[-84.40171,34.10962],[-84.40166,34.10962],[-84.40162,34.10962],[-84.40158,34.10962],[-84.40152,34.10962],[-84.40144,34.10961],[-84.40139,34.1096],[-84.40134,34.10959],[-84.40127,34.10957],[-84.40119,34.10956],[-84.40115,34.10955],[-84.40112,34.10954],[-84.40108,34.10953],[-84.40097,34.10952],[-84.40091,34.10951],[-84.40076,34.10949],[-84.40036,34.1095],[-84.39985,34.10957],[-84.39954,34.10967],[-84.39937,34.10986],[-84.39934,34.1101],[-84.39935,34.11014],[-84.39938,34.11018],[-84.39941,34.11023],[-84.39944,34.11028],[-84.39949,34.11037],[-84.39953,34.11041],[-84.39955,34.11046],[-84.39958,34.11051],[-84.3996,34.11055],[-84.39963,34.11061],[-84.39966,34.11066],[-84.39967,34.11071],[-84.39967,34.11077],[-84.39967,34.11082],[-84.39966,34.11087],[-84.39964,34.11092],[-84.39962,34.11096],[-84.39958,34.111],[-84.39954,34.11104],[-84.3995,34.11108],[-84.39944,34.11112],[-84.39941,34.11116],[-84.39937,34.11121],[-84.39933,34.11125],[-84.39927,34.11132],[-84.39922,34.11137],[-84.39918,34.11141],[-84.39914,34.11145],[-84.39911,34.11148],[-84.39908,34.11152],[-84.39906,34.11154],[-84.39904,34.11156],[-84.39901,34.1116],[-84.39897,34.11166],[-84.39892,34.1117],[-84.39888,34.11175],[-84.39882,34.1118],[-84.39877,34.11186],[-84.39872,34.11191],[-84.39868,34.11196],[-84.39863,34.11201],[-84.39858,34.11206],[-84.39854,34.1121],[-84.39848,34.11214],[-84.39843,34.11217],[-84.39836,34.11221],[-84.3983,34.11224],[-84.39825,34.11226],[-84.39819,34.11228],[-84.39812,34.1123],[-84.39799,34.11232],[-84.39767,34.11241],[-84.39735,34.11253],[-84.39697,34.11265],[-84.39638,34.11284],[-84.39621,34.1129],[-84.39611,34.11294],[-84.39602,34.11299],[-84.39584,34.11309],[-84.39585,34.11315],[-84.39586,34.11321],[-84.39586,34.11325],[-84.39585,34.11328],[-84.39585,34.1133],[-84.39585,34.11336],[-84.39585,34.11341],[-84.39584,34.11346],[-84.39582,34.11351],[-84.39579,34.11356],[-84.39575,34.11361],[-84.39572,34.11366],[-84.3957,34.11369],[-84.39568,34.11371],[-84.39565,34.11375],[-84.39563,34.11377],[-84.39559,34.11387],[-84.39547,34.11402],[-84.39541,34.1141],[-84.39537,34.11418],[-84.39534,34.11427],[-84.39533,34.11436],[-84.3953,34.11445],[-84.39523,34.11462],[-84.3952,34.1147],[-84.39518,34.11479],[-84.39516,34.11488],[-84.39511,34.11506],[-84.39511,34.1151],[-84.3951,34.11515],[-84.39509,34.1152],[-84.39506,34.11525],[-84.39505,34.11528],[-84.39503,34.11531],[-84.39501,34.11533],[-84.39499,34.11535],[-84.39495,34.11539],[-84.39493,34.1154],[-84.39489,34.11543],[-84.39483,34.11547],[-84.3948,34.11548],[-84.39479,34.11549],[-84.39474,34.1155],[-84.3947,34.1155],[-84.39466,34.11551],[-84.3946,34.11552],[-84.39455,34.11553],[-84.39451,34.11553],[-84.39438,34.11554],[-84.39429,34.11552],[-84.39428,34.11552],[-84.3942,34.1155],[-84.39418,34.11549],[-84.39416,34.11548],[-84.3941,34.11544],[-84.39408,34.11542],[-84.39404,34.11537],[-84.394,34.11531],[-84.39398,34.11526],[-84.39397,34.11521],[-84.39397,34.11517],[-84.39397,34.11512],[-84.39403,34.11502],[-84.39407,34.11499],[-84.39408,34.11497],[-84.39409,34.1149],[-84.39409,34.11481],[-84.39405,34.11475],[-84.39396,34.11467],[-84.39386,34.1146],[-84.39378,34.1146],[-84.39368,34.11459],[-84.39354,34.11461],[-84.39347,34.11468],[-84.39342,34.11467],[-84.39326,34.11475],[-84.39298,34.11489],[-84.39295,34.11491],[-84.39285,34.11499],[-84.3926,34.11521],[-84.39254,34.1153],[-84.39247,34.11543],[-84.3924,34.11548],[-84.39225,34.11573],[-84.39224,34.11586],[-84.39218,34.11613],[-84.39211,34.1164],[-84.39206,34.117],[-84.39206,34.11707],[-84.39208,34.11713],[-84.39209,34.11716],[-84.3921,34.11721],[-84.39211,34.11727],[-84.39211,34.11734],[-84.39211,34.11737],[-84.39207,34.11747],[-84.39201,34.11752],[-84.39197,34.11755],[-84.39195,34.11756],[-84.39185,34.1176],[-84.39176,34.11761],[-84.39164,34.11766],[-84.3915,34.11769],[-84.3912,34.11772],[-84.39091,34.11773],[-84.3906,34.11777],[-84.39056,34.11777],[-84.39049,34.1178],[-84.39036,34.11783],[-84.39025,34.11784],[-84.39016,34.11785],[-84.38998,34.11787],[-84.38992,34.11788],[-84.38984,34.1179],[-84.38967,34.11796],[-84.38965,34.11797],[-84.38963,34.11798],[-84.38958,34.11801],[-84.38945,34.11808],[-84.38928,34.11814],[-84.38918,34.1181],[-84.3891,34.11804],[-84.38902,34.11801],[-84.3889,34.11799],[-84.38878,34.11799],[-84.38867,34.118],[-84.38858,34.11803],[-84.38857,34.11805],[-84.38832,34.11824]]]}},{"type":"Feature","properties":{"GEOID":"13123","BASENAME":"Gilmer"},"geometry":{"type":"Polygon","coordinates":[[[-84.30237,34.57832],[-84.30232,34.57834],[-84.30224,34.57835],[-84.30211,34.57833],[-84.30205,34.57832],[-84.30187,34.57829],[-84.30172,34.57824],[-84.30153,34.57814],[-84.30055,34.57722],[-84.29977,34.57667],[-84.29938,34.57645],[-84.29881,34.57598],[-84.29838,34.57576],[-84.29781,34.57556],[-84.29745,34.57533],[-84.29736,34.57524],[-84.29726,34.57509],[-84.29721,34.57496],[-84.29717,34.57464],[-84.29713,34.57455],[-84.29707,34.57443],[-84.29558,34.57219],[-84.29543,34.57186],[-84.2953,34.57112],[-84.29515,34.57066],[-84.29506,34.57049],[-84.29469,34.57006],[-84.29464,34.56997],[-84.29452,34.56987],[-84.29308,34.56925],[-84.29273,34.56913],[-84.29218,34.56901],[-84.29169,34.56895],[-84.29127,34.56888],[-84.29022,34.56887],[-84.28986,34.56882],[-84.28933,34.56879],[-84.28876,34.56871],[-84.28838,34.56871],[-84.28789,34.56877],[-84.28709,34.56898],[-84.28687,34.56907],[-84.28667,34.56911],[-84.28629,34.5693],[-84.28606,34.56938],[-84.28592,34.5694],[-84.28548,34.56938],[-84.28495,34.56929],[-84.28442,34.56935],[-84.28418,34.56942],[-84.28398,34.56951],[-84.28372,34.56955],[-84.28242,34.56961],[-84.2822,34.56957],[-84.28154,34.56931],[-84.28139,34.56927],[-84.28107,34.56927],[-84.28059,34.56928],[-84.27964,34.56945],[-84.27928,34.56956],[-84.27888,34.56961],[-84.27882,34.56965],[-84.27878,34.56968],[-84.27863,34.56987],[-84.27851,34.57008],[-84.27837,34.57062],[-84.27835,34.57097],[-84.27839,34.57136],[-84.27847,34.57164],[-84.27878,34.57205],[-84.27888,34.57219],[-84.27904,34.5723],[-84.27908,34.57239],[-84.27909,34.5725],[-84.27906,34.5726],[-84.27887,34.57266],[-84.2786,34.57275],[-84.27827,34.57279],[-84.27779,34.57291],[-84.27728,34.57303],[-84.2771,34.57312],[-84.27684,34.57324],[-84.27653,34.57339],[-84.27617,34.5736],[-84.27601,34.5737],[-84.2759,34.57374],[-84.27576,34.57375],[-84.27567,34.57365],[-84.27567,34.57347],[-84.27552,34.57317],[-84.27548,34.57305],[-84.27535,34.57291],[-84.2752,34.57279],[-84.27507,34.57271],[-84.27451,34.57248],[-84.27424,34.57235],[-84.27375,34.57199],[-84.27359,34.57192],[-84.27341,34.5719],[-84.27304,34.57193],[-84.2729,34.57189],[-84.27283,34.57185],[-84.27228,34.5713],[-84.27178,34.5709],[-84.27108,34.57061],[-84.27024,34.57045],[-84.26939,34.57049],[-84.2674,34.57049],[-84.26661,34.56988],[-84.26533,34.5706],[-84.26486,34.57056],[-84.26361,34.5704],[-84.2625,34.57008],[-84.2619,34.56973],[-84.26133,34.5694],[-84.26091,34.5693],[-84.25952,34.56892],[-84.259,34.56914],[-84.25842,34.5692],[-84.25782,34.56918],[-84.25721,34.56906],[-84.25634,34.56875],[-84.25533,34.56832],[-84.25524,34.56832],[-84.25511,34.56833],[-84.25511,34.56847],[-84.25511,34.56856],[-84.25511,34.56866],[-84.2551,34.56895],[-84.2551,34.56905],[-84.25509,34.56946],[-84.25507,34.57067],[-84.25506,34.57108],[-84.25506,34.57111],[-84.25503,34.57263],[-84.25503,34.57275],[-84.25501,34.57603],[-84.25501,34.57625],[-84.25499,34.57727],[-84.25496,34.57881],[-84.25494,34.57941],[-84.25493,34.58043],[-84.25486,34.58528],[-84.25484,34.5869],[-84.25481,34.58902],[-84.25475,34.59351],[-84.25471,34.59538],[-84.25467,34.59706],[-84.25468,34.5975],[-84.2541,34.59749],[-84.25238,34.59747],[-84.25181,34.59746],[-84.25058,34.59745],[-84.24691,34.59741],[-84.24659,34.5974],[-84.24569,34.59739],[-84.24213,34.59732],[-84.23147,34.59711],[-84.22995,34.59708],[-84.22791,34.59705],[-84.22769,34.59705],[-84.22701,34.59704],[-84.22678,34.59704],[-84.22627,34.59703],[-84.22474,34.597],[-84.22423,34.597],[-84.22416,34.597],[-84.22397,34.59699],[-84.22391,34.59699],[-84.2239,34.59705],[-84.2239,34.59722],[-84.2239,34.59727],[-84.2239,34.59732],[-84.22388,34.5977],[-84.22388,34.59938],[-84.22374,34.59949],[-84.22355,34.59965],[-84.22293,34.60001],[-84.22225,34.60026],[-84.22059,34.60025],[-84.2188,34.60046],[-84.21874,34.60051],[-84.2187,34.6006],[-84.21842,34.60189],[-84.21824,34.60275],[-84.21821,34.60361],[-84.2182,34.60388],[-84.21812,34.60397],[-84.21739,34.60425],[-84.21706,34.60435],[-84.21667,34.60453],[-84.21633,34.60472],[-84.21609,34.60497],[-84.21602,34.60509],[-84.21587,34.60535],[-84.21582,34.6055],[-84.21574,34.60576],[-84.21565,34.6059],[-84.21561,34.60609],[-84.21558,34.6064],[-84.21556,34.60662],[-84.21548,34.60693],[-84.21536,34.60716],[-84.21532,34.6072],[-84.21506,34.60744],[-84.21494,34.60768],[-84.21475,34.6082],[-84.21472,34.60828],[-84.21464,34.60851],[-84.21462,34.60856],[-84.21462,34.60859],[-84.2146,34.60867],[-84.21448,34.60908],[-84.21447,34.60916],[-84.21441,34.60955],[-84.21435,34.60972],[-84.21424,34.60991],[-84.2141,34.61006],[-84.21363,34.61029],[-84.2134,34.61036],[-84.21336,34.61038],[-84.21301,34.61047],[-84.21284,34.61052],[-84.21248,34.61064],[-84.21204,34.61075],[-84.21166,34.61088],[-84.21136,34.61094],[-84.21114,34.61105],[-84.21101,34.61116],[-84.21053,34.61169],[-84.20983,34.61254],[-84.2095,34.61296],[-84.20916,34.61322],[-84.2088,34.61341],[-84.20829,34.61357],[-84.2079,34.61367],[-84.20717,34.61379],[-84.20668,34.61383],[-84.20636,34.61382],[-84.20607,34.61379],[-84.20575,34.6137],[-84.20549,34.61359],[-84.20505,34.61343],[-84.20464,34.61332],[-84.20444,34.61334],[-84.204,34.61347],[-84.20354,34.61356],[-84.20342,34.61361],[-84.20333,34.61368],[-84.20278,34.61391],[-84.2018,34.61428],[-84.20112,34.61449],[-84.1999,34.61501],[-84.19962,34.61517],[-84.19942,34.61535],[-84.19939,34.61538],[-84.19925,34.61557],[-84.19907,34.61594],[-84.19887,34.61616],[-84.19836,34.61657],[-84.19767,34.61699],[-84.19729,34.61729],[-84.19695,34.61759],[-84.19675,34.61792],[-84.19647,34.61958],[-84.19591,34.62293],[-84.19469,34.62404],[-84.19353,34.62509],[-84.19348,34.6252],[-84.19356,34.62552],[-84.19378,34.62648],[-84.19386,34.6268],[-84.19401,34.62745],[-84.19418,34.62818],[-84.19433,34.62945],[-84.19441,34.63012],[-84.19455,34.6313],[-84.19563,34.6326],[-84.1967,34.63426],[-84.1968,34.63544],[-84.19701,34.63611],[-84.19517,34.63643],[-84.19524,34.63724],[-84.19389,34.63883],[-84.19746,34.64148],[-84.19742,34.64273],[-84.20028,34.64234],[-84.20084,34.64232],[-84.20138,34.64216],[-84.2022,34.64188],[-84.20295,34.64199],[-84.20407,34.64241],[-84.20446,34.6433],[-84.20457,34.6433],[-84.20466,34.64331],[-84.20475,34.64333],[-84.20485,34.64335],[-84.20496,34.64338],[-84.20503,34.64342],[-84.20525,34.64354],[-84.20544,34.64367],[-84.20552,34.64374],[-84.20564,34.64384],[-84.20577,34.64397],[-84.20617,34.64434],[-84.20637,34.64453],[-84.20658,34.64467],[-84.20675,34.64473],[-84.20698,34.64479],[-84.20717,34.64483],[-84.20742,34.64485],[-84.20794,34.64487],[-84.20814,34.64485],[-84.20868,34.64487],[-84.20912,34.64505],[-84.21143,34.64639],[-84.21199,34.64791],[-84.21199,34.64848],[-84.21352,34.64904],[-84.21491,34.64871],[-84.21509,34.64878],[-84.21647,34.64887],[-84.21937,34.65089],[-84.22132,34.65277],[-84.22223,34.65304],[-84.22422,34.65335],[-84.22514,34.65342],[-84.22647,34.65388],[-84.2271,34.65645],[-84.22819,34.65689],[-84.22965,34.65753],[-84.23008,34.65843],[-84.23024,34.65925],[-84.23071,34.66101],[-84.23107,34.66132],[-84.23116,34.66141],[-84.23131,34.66158],[-84.23132,34.6616],[-84.2314,34.6617],[-84.23157,34.66196],[-84.23166,34.66207],[-84.23176,34.66224],[-84.23183,34.66238],[-84.232,34.66286],[-84.23227,34.66366],[-84.23231,34.66383],[-84.23235,34.66396],[-84.23241,34.66424],[-84.23243,34.66429],[-84.23245,34.66432],[-84.23253,34.6644],[-84.23255,34.66442],[-84.23258,34.66444],[-84.23271,34.66447],[-84.23276,34.66447],[-84.23274,34.66448],[-84.2327,34.66447],[-84.23326,34.6663],[-84.23383,34.66603],[-84.23459,34.66567],[-84.23595,34.66582],[-84.23774,34.66673],[-84.2397,34.66807],[-84.24043,34.66879],[-84.24226,34.67055],[-84.24233,34.67062],[-84.24255,34.67084],[-84.24262,34.67091],[-84.24399,34.67055],[-84.24543,34.66996],[-84.24645,34.66957],[-84.24732,34.6689],[-84.24735,34.66889],[-84.24897,34.66791],[-84.2495,34.66721],[-84.24992,34.66666],[-84.25229,34.66461],[-84.25225,34.67486],[-84.25224,34.67494],[-84.25224,34.67518],[-84.25224,34.67526],[-84.25223,34.67871],[-84.25222,34.6812],[-84.25221,34.68342],[-84.25221,34.68388],[-84.25222,34.68514],[-84.25226,34.69096],[-84.25229,34.69397],[-84.25227,34.69435],[-84.25226,34.69452],[-84.25225,34.69557],[-84.25223,34.69919],[-84.25219,34.71005],[-84.25217,34.71361],[-84.25217,34.71367],[-84.25217,34.71702],[-84.25217,34.71816],[-84.25326,34.71816],[-84.26091,34.71811],[-84.26091,34.71829],[-84.26091,34.72144],[-84.26092,34.72165],[-84.26093,34.72191],[-84.26096,34.72273],[-84.26096,34.72281],[-84.26096,34.723],[-84.26092,34.72545],[-84.25811,34.72543],[-84.25731,34.72542],[-84.25788,34.72623],[-84.27,34.74355],[-84.27035,34.74406],[-84.27396,34.74921],[-84.27405,34.74931],[-84.27462,34.74992],[-84.27477,34.75008],[-84.27488,34.75023],[-84.27495,34.75034],[-84.27503,34.75045],[-84.27529,34.75081],[-84.27556,34.75119],[-84.27559,34.75123],[-84.27599,34.75178],[-84.27623,34.75212],[-84.27766,34.75416],[-84.28194,34.76024],[-84.28195,34.76025],[-84.28283,34.76151],[-84.28334,34.76223],[-84.28338,34.76229],[-84.28378,34.76285],[-84.28497,34.76455],[-84.28537,34.76511],[-84.28564,34.76551],[-84.28646,34.7667],[-84.28673,34.7671],[-84.28747,34.76818],[-84.28969,34.77141],[-84.29043,34.77249],[-84.2917,34.77433],[-84.2929,34.77608],[-84.29549,34.77985],[-84.29676,34.78169],[-84.29911,34.78499],[-84.29978,34.78593],[-84.30476,34.79291],[-84.3106,34.80128],[-84.31081,34.80158],[-84.31147,34.80253],[-84.31465,34.80733],[-84.31556,34.80687],[-84.31593,34.80672],[-84.3169,34.80633],[-84.31758,34.80607],[-84.31889,34.80578],[-84.31994,34.80552],[-84.31997,34.80551],[-84.32084,34.80529],[-84.32133,34.80546],[-84.32157,34.8058],[-84.32198,34.80605],[-84.32246,34.80631],[-84.32252,34.80633],[-84.32318,34.80661],[-84.32401,34.80668],[-84.3248,34.8067],[-84.32515,34.80666],[-84.32595,34.80728],[-84.32629,34.80732],[-84.32674,34.80713],[-84.32682,34.80709],[-84.32738,34.80674],[-84.32807,34.8064],[-84.32844,34.80671],[-84.32881,34.80725],[-84.32957,34.80787],[-84.33012,34.80837],[-84.33048,34.80857],[-84.33085,34.80878],[-84.33176,34.80877],[-84.33229,34.80925],[-84.3328,34.80992],[-84.33334,34.81047],[-84.33414,34.81107],[-84.33423,34.81171],[-84.33435,34.8123],[-84.33427,34.81283],[-84.33375,34.81313],[-84.33324,34.81337],[-84.33267,34.81384],[-84.33191,34.81447],[-84.33167,34.8149],[-84.3313,34.81555],[-84.33092,34.8163],[-84.3308,34.81703],[-84.33101,34.81757],[-84.33129,34.81781],[-84.33131,34.81783],[-84.33132,34.81784],[-84.33134,34.81785],[-84.33148,34.81794],[-84.33326,34.81778],[-84.33459,34.81749],[-84.33679,34.81932],[-84.33956,34.82069],[-84.33973,34.82077],[-84.34427,34.82075],[-84.34443,34.82316],[-84.34319,34.82316],[-84.34305,34.82327],[-84.343,34.82337],[-84.34303,34.82367],[-84.34326,34.82417],[-84.34366,34.82478],[-84.34854,34.82486],[-84.35117,34.82478],[-84.35294,34.82494],[-84.35388,34.825],[-84.35422,34.82502],[-84.35504,34.82536],[-84.35541,34.82563],[-84.35568,34.82612],[-84.35582,34.82633],[-84.3559,34.82627],[-84.35614,34.82607],[-84.35623,34.82601],[-84.35684,34.82544],[-84.35737,34.82586],[-84.35741,34.82589],[-84.35749,34.82599],[-84.35785,34.82637],[-84.35816,34.82667],[-84.35833,34.82684],[-84.35861,34.82709],[-84.35855,34.82718],[-84.35889,34.82737],[-84.35949,34.82761],[-84.35994,34.8277],[-84.36011,34.8277],[-84.36019,34.82755],[-84.36027,34.82745],[-84.36032,34.82737],[-84.36033,34.82725],[-84.36038,34.82716],[-84.36041,34.82711],[-84.36043,34.82708],[-84.36051,34.82703],[-84.36059,34.82701],[-84.36066,34.82698],[-84.3607,34.82703],[-84.36074,34.82709],[-84.36083,34.82714],[-84.36091,34.8272],[-84.36104,34.8273],[-84.36108,34.82735],[-84.36112,34.8274],[-84.36115,34.82745],[-84.36118,34.82752],[-84.36123,34.82759],[-84.36127,34.82767],[-84.36131,34.82771],[-84.36134,34.82775],[-84.36138,34.82777],[-84.36142,34.8278],[-84.36145,34.82784],[-84.36147,34.82789],[-84.36151,34.82791],[-84.36155,34.82795],[-84.36162,34.82801],[-84.36169,34.82805],[-84.36176,34.8281],[-84.36184,34.82814],[-84.36193,34.82818],[-84.36201,34.82822],[-84.3621,34.82825],[-84.36217,34.8283],[-84.36235,34.82842],[-84.36245,34.82805],[-84.36253,34.8277],[-84.3625,34.82726],[-84.36247,34.82685],[-84.36288,34.82644],[-84.36297,34.82652],[-84.36326,34.82672],[-84.36327,34.82673],[-84.36348,34.82686],[-84.36351,34.82689],[-84.36358,34.82696],[-84.36361,34.82699],[-84.36373,34.82721],[-84.36376,34.82728],[-84.36378,34.82729],[-84.36387,34.8274],[-84.36407,34.82755],[-84.36409,34.82756],[-84.36424,34.82777],[-84.36439,34.82794],[-84.36441,34.828],[-84.3644,34.82823],[-84.36445,34.82833],[-84.36448,34.82839],[-84.36463,34.82855],[-84.36475,34.82866],[-84.36486,34.82873],[-84.36494,34.8288],[-84.36502,34.82889],[-84.36507,34.82892],[-84.36521,34.82904],[-84.36541,34.82917],[-84.3655,34.82925],[-84.36565,34.82936],[-84.36592,34.8296],[-84.36623,34.82988],[-84.36626,34.8299],[-84.36638,34.83002],[-84.36653,34.83019],[-84.36664,34.83029],[-84.36674,34.83035],[-84.3668,34.83035],[-84.3669,34.83035],[-84.36708,34.83033],[-84.36723,34.8303],[-84.36733,34.83025],[-84.36739,34.83022],[-84.36747,34.83019],[-84.36752,34.83016],[-84.36756,34.83015],[-84.36769,34.8301],[-84.36788,34.83006],[-84.36817,34.82995],[-84.36829,34.82993],[-84.36846,34.82992],[-84.36863,34.82992],[-84.3689,34.82986],[-84.369,34.82986],[-84.3691,34.82987],[-84.36923,34.8299],[-84.36927,34.8299],[-84.36935,34.8299],[-84.36941,34.8299],[-84.36947,34.8299],[-84.36951,34.82987],[-84.36953,34.82985],[-84.3696,34.82979],[-84.36974,34.82963],[-84.37017,34.82933],[-84.37018,34.82932],[-84.3703,34.82927],[-84.37043,34.82928],[-84.37063,34.82925],[-84.37072,34.82928],[-84.37081,34.82931],[-84.37096,34.82938],[-84.371,34.82941],[-84.37109,34.82945],[-84.37122,34.82958],[-84.37133,34.82971],[-84.37141,34.8298],[-84.37153,34.82991],[-84.3716,34.83003],[-84.3717,34.83012],[-84.37176,34.83018],[-84.37183,34.83026],[-84.3719,34.83031],[-84.37197,34.83039],[-84.37198,34.83041],[-84.37201,34.83051],[-84.37207,34.83059],[-84.37208,34.8306],[-84.37211,34.8307],[-84.37215,34.8308],[-84.37218,34.83087],[-84.37221,34.83097],[-84.37226,34.83114],[-84.37231,34.83122],[-84.37234,34.83124],[-84.37238,34.83129],[-84.37246,34.83133],[-84.37271,34.83146],[-84.37292,34.83154],[-84.37303,34.83158],[-84.37315,34.83163],[-84.37327,34.83168],[-84.37344,34.83175],[-84.37354,34.8318],[-84.37381,34.83191],[-84.37385,34.83193],[-84.37433,34.83212],[-84.37476,34.83239],[-84.37482,34.83245],[-84.37487,34.83251],[-84.37508,34.83275],[-84.37514,34.83282],[-84.3752,34.83284],[-84.37532,34.8329],[-84.37536,34.8329],[-84.37542,34.83291],[-84.37552,34.83291],[-84.37574,34.83289],[-84.37576,34.83289],[-84.37597,34.83289],[-84.37613,34.83297],[-84.37629,34.83327],[-84.37636,34.83339],[-84.37647,34.83348],[-84.37651,34.83352],[-84.37662,34.83357],[-84.37677,34.83361],[-84.37696,34.83363],[-84.37744,34.83372],[-84.37807,34.83377],[-84.37825,34.83379],[-84.37834,34.83339],[-84.37843,34.8332],[-84.37864,34.83292],[-84.37911,34.83317],[-84.37998,34.83319],[-84.38077,34.8332],[-84.38127,34.83321],[-84.38151,34.83347],[-84.38184,34.83349],[-84.38214,34.83345],[-84.38329,34.83467],[-84.38214,34.83562],[-84.3835,34.83618],[-84.38367,34.83625],[-84.38354,34.83635],[-84.38323,34.83661],[-84.38321,34.83665],[-84.38319,34.83668],[-84.38311,34.83683],[-84.38306,34.83692],[-84.383,34.83702],[-84.38292,34.83723],[-84.38297,34.83742],[-84.38309,34.83747],[-84.38312,34.83754],[-84.38314,34.83763],[-84.38303,34.83771],[-84.38279,34.83779],[-84.38257,34.83784],[-84.38246,34.83793],[-84.38235,34.83815],[-84.38236,34.83827],[-84.38236,34.83838],[-84.38268,34.83868],[-84.38281,34.83891],[-84.38274,34.83897],[-84.38251,34.83895],[-84.38231,34.83893],[-84.38199,34.83889],[-84.38178,34.83899],[-84.38157,34.8392],[-84.38155,34.83922],[-84.38141,34.83939],[-84.38166,34.83931],[-84.38178,34.83927],[-84.38199,34.83932],[-84.38205,34.83935],[-84.38243,34.83933],[-84.38256,34.83932],[-84.38285,34.83921],[-84.38297,34.83917],[-84.3832,34.83931],[-84.38361,34.83943],[-84.38384,34.83932],[-84.38417,34.83916],[-84.38491,34.83954],[-84.38526,34.83935],[-84.3857,34.8394],[-84.38591,34.8393],[-84.38618,34.83918],[-84.38652,34.83892],[-84.38689,34.83834],[-84.38725,34.83778],[-84.38803,34.83745],[-84.38826,34.83717],[-84.3888,34.83644],[-84.389,34.83607],[-84.3891,34.83589],[-84.38911,34.83587],[-84.38959,34.83554],[-84.38973,34.83498],[-84.39053,34.83493],[-84.39084,34.83453],[-84.39087,34.83434],[-84.39156,34.83533],[-84.39218,34.83621],[-84.39326,34.83775],[-84.3935,34.8381],[-84.3957,34.83925],[-84.39537,34.83966],[-84.39521,34.83999],[-84.39498,34.84045],[-84.39496,34.84113],[-84.39495,34.84134],[-84.39494,34.84175],[-84.39527,34.84182],[-84.39575,34.84191],[-84.39578,34.84187],[-84.39592,34.84175],[-84.39596,34.84172],[-84.39613,34.84159],[-84.39616,34.84157],[-84.39625,34.84151],[-84.39649,34.84138],[-84.3966,34.84132],[-84.3969,34.84117],[-84.39709,34.84107],[-84.39717,34.84103],[-84.39734,34.84118],[-84.39752,34.84132],[-84.39802,34.84186],[-84.39812,34.84197],[-84.39852,34.84206],[-84.39887,34.84224],[-84.40151,34.8435],[-84.4034,34.84434],[-84.40582,34.84546],[-84.41168,34.84817],[-84.41186,34.84875],[-84.41202,34.849],[-84.41218,34.84917],[-84.41268,34.84922],[-84.41331,34.8493],[-84.41431,34.84976],[-84.41438,34.84977],[-84.41446,34.84979],[-84.41462,34.84983],[-84.41496,34.84995],[-84.41525,34.85004],[-84.41544,34.85007],[-84.41562,34.8501],[-84.41589,34.85014],[-84.41615,34.85017],[-84.41628,34.85017],[-84.41635,34.85017],[-84.41648,34.85015],[-84.41655,34.85015],[-84.41661,34.85014],[-84.41668,34.85014],[-84.41676,34.85011],[-84.41678,34.85011],[-84.41688,34.85007],[-84.41695,34.85003],[-84.41709,34.84991],[-84.41717,34.84983],[-84.41733,34.84982],[-84.41742,34.84982],[-84.41767,34.85025],[-84.41842,34.85154],[-84.41867,34.85197],[-84.41879,34.85219],[-84.41917,34.85287],[-84.41929,34.85309],[-84.41936,34.85326],[-84.41957,34.85376],[-84.41964,34.85393],[-84.41964,34.8541],[-84.41964,34.85417],[-84.41965,34.8543],[-84.41968,34.85442],[-84.41974,34.8545],[-84.4198,34.8545],[-84.41989,34.85447],[-84.41999,34.85445],[-84.42007,34.85445],[-84.4201,34.85447],[-84.42015,34.8545],[-84.42024,34.85467],[-84.4203,34.85469],[-84.42036,34.85471],[-84.42048,34.85474],[-84.42049,34.85474],[-84.42056,34.85475],[-84.42059,34.85475],[-84.4206,34.85475],[-84.42068,34.85476],[-84.42105,34.85479],[-84.42106,34.85479],[-84.42117,34.85482],[-84.42121,34.85483],[-84.42131,34.85487],[-84.42139,34.85495],[-84.42143,34.85501],[-84.42145,34.85509],[-84.42147,34.85538],[-84.42146,34.8556],[-84.42147,34.85567],[-84.42148,34.85571],[-84.4215,34.85578],[-84.42153,34.85583],[-84.4217,34.85599],[-84.42191,34.85624],[-84.42203,34.85639],[-84.42206,34.85647],[-84.42207,34.85654],[-84.42207,34.85666],[-84.42203,34.85683],[-84.42203,34.85694],[-84.42207,34.85703],[-84.42216,34.85712],[-84.42259,34.85746],[-84.42261,34.85712],[-84.42275,34.85479],[-84.42284,34.8548],[-84.42347,34.85482],[-84.42632,34.85493],[-84.42709,34.85496],[-84.42747,34.85498],[-84.42779,34.85499],[-84.42862,34.85502],[-84.42875,34.85502],[-84.42907,34.85503],[-84.42909,34.85504],[-84.42948,34.85503],[-84.42972,34.85503],[-84.43071,34.85501],[-84.43092,34.85501],[-84.43112,34.85502],[-84.4316,34.85503],[-84.43307,34.85507],[-84.4335,34.85509],[-84.43356,34.85509],[-84.43404,34.8551],[-84.43906,34.85514],[-84.43933,34.85506],[-84.43942,34.85504],[-84.43951,34.85502],[-84.44548,34.85502],[-84.47069,34.85503],[-84.49163,34.85494],[-84.49295,34.85494],[-84.4969,34.85492],[-84.49822,34.85491],[-84.49857,34.85495],[-84.49959,34.85505],[-84.49993,34.85509],[-84.50311,34.85509],[-84.51266,34.85511],[-84.51585,34.85512],[-84.51589,34.85512],[-84.51592,34.85512],[-84.51614,34.85516],[-84.51622,34.85517],[-84.51627,34.85518],[-84.52054,34.85521],[-84.53003,34.85526],[-84.53352,34.85528],[-84.53784,34.85531],[-84.53817,34.85531],[-84.54106,34.85533],[-84.54253,34.85534],[-84.55037,34.85539],[-84.55516,34.85541],[-84.5566,34.85542],[-84.56129,34.85545],[-84.56132,34.85545],[-84.56215,34.85546],[-84.56473,34.85549],[-84.56545,34.8555],[-84.56559,34.8555],[-84.5775,34.85555],[-84.57757,34.85555],[-84.58046,34.85556],[-84.58065,34.85556],[-84.58129,34.85554],[-84.58672,34.8554],[-84.58707,34.85539],[-84.58725,34.85538],[-84.59919,34.85542],[-84.59931,34.85542],[-84.61572,34.85547],[-84.61754,34.85548],[-84.61755,34.85548],[-84.61864,34.8554],[-84.61816,34.85492],[-84.61779,34.85457],[-84.61755,34.85435],[-84.61732,34.85413],[-84.61677,34.85374],[-84.61606,34.85348],[-84.61555,34.85323],[-84.61462,34.85268],[-84.61385,34.85194],[-84.6138,34.85192],[-84.61334,34.85167],[-84.61243,34.85129],[-84.6122,34.85102],[-84.61164,34.85027],[-84.61155,34.85013],[-84.61136,34.84982],[-84.61137,34.84937],[-84.61135,34.84912],[-84.61135,34.84897],[-84.61123,34.84866],[-84.61091,34.84817],[-84.61054,34.84773],[-84.61038,34.84751],[-84.61022,34.84741],[-84.61002,34.8473],[-84.60959,34.84712],[-84.60949,34.84708],[-84.60931,34.84691],[-84.60931,34.84677],[-84.6093,34.84619],[-84.60899,34.84556],[-84.60883,34.84541],[-84.60846,34.84508],[-84.60821,34.84484],[-84.60778,34.84466],[-84.60753,34.84461],[-84.60741,34.8445],[-84.60718,34.84427],[-84.60705,34.84408],[-84.60689,34.84378],[-84.60682,34.8435],[-84.60659,34.84332],[-84.60656,34.84327],[-84.60643,34.8431],[-84.60647,34.84264],[-84.60657,34.84171],[-84.60646,34.84138],[-84.60642,34.84132],[-84.60633,34.84125],[-84.60622,34.84118],[-84.60607,34.84111],[-84.60597,34.84106],[-84.60589,34.84101],[-84.60581,34.84093],[-84.60565,34.84069],[-84.60557,34.84051],[-84.60545,34.84039],[-84.60526,34.84029],[-84.60445,34.84008],[-84.60378,34.83978],[-84.60307,34.83934],[-84.60271,34.83889],[-84.60232,34.83852],[-84.60186,34.83832],[-84.60125,34.8382],[-84.60108,34.83817],[-84.60003,34.83822],[-84.59954,34.83821],[-84.59902,34.83813],[-84.5985,34.83816],[-84.59785,34.83834],[-84.59762,34.83841],[-84.59685,34.83863],[-84.59602,34.83889],[-84.59591,34.83892],[-84.59525,34.8391],[-84.59492,34.83942],[-84.59473,34.83961],[-84.59453,34.84039],[-84.59451,34.84069],[-84.59449,34.84115],[-84.5944,34.84114],[-84.59436,34.84114],[-84.59289,34.84018],[-84.59287,34.83983],[-84.59285,34.83951],[-84.59297,34.8392],[-84.59356,34.83868],[-84.5936,34.8383],[-84.59313,34.83779],[-84.59256,34.8372],[-84.59168,34.83687],[-84.59064,34.83656],[-84.5903,34.83628],[-84.59045,34.83576],[-84.59078,34.83525],[-84.59116,34.83483],[-84.59155,34.83459],[-84.59187,34.83424],[-84.59199,34.83414],[-84.59207,34.83398],[-84.59211,34.83384],[-84.59202,34.83359],[-84.59181,34.83324],[-84.59168,34.833],[-84.59148,34.83266],[-84.59093,34.8318],[-84.59073,34.83152],[-84.59053,34.83108],[-84.59029,34.83076],[-84.59001,34.83044],[-84.58946,34.82996],[-84.58917,34.82975],[-84.58904,34.82969],[-84.58881,34.82959],[-84.58767,34.82929],[-84.58721,34.82907],[-84.58695,34.82877],[-84.58691,34.82867],[-84.58676,34.8283],[-84.58664,34.82808],[-84.58646,34.82794],[-84.58618,34.82783],[-84.58585,34.82773],[-84.58562,34.82764],[-84.58545,34.82752],[-84.58539,34.82726],[-84.58535,34.82676],[-84.58531,34.82645],[-84.58529,34.82625],[-84.58532,34.82544],[-84.58534,34.82528],[-84.58536,34.82516],[-84.58525,34.82496],[-84.58515,34.82489],[-84.58503,34.8248],[-84.58469,34.82496],[-84.58456,34.8253],[-84.58389,34.82606],[-84.58386,34.82699],[-84.584,34.82729],[-84.58422,34.82754],[-84.58447,34.82782],[-84.58442,34.82809],[-84.58408,34.82812],[-84.58364,34.82766],[-84.58358,34.82709],[-84.58297,34.82606],[-84.5835,34.82482],[-84.58353,34.82425],[-84.58314,34.82409],[-84.58294,34.82423],[-84.58292,34.825],[-84.58253,34.82526],[-84.58231,34.82514],[-84.5822,34.82459],[-84.58258,34.82347],[-84.58314,34.8229],[-84.58314,34.82286],[-84.58317,34.82239],[-84.58292,34.82201],[-84.58294,34.82173],[-84.58317,34.82164],[-84.58383,34.82161],[-84.58473,34.82141],[-84.58494,34.82117],[-84.58506,34.82099],[-84.58521,34.82082],[-84.58531,34.82072],[-84.58571,34.82047],[-84.58582,34.82029],[-84.58592,34.82006],[-84.58599,34.81982],[-84.5861,34.81939],[-84.58633,34.81817],[-84.58633,34.81816],[-84.58644,34.81731],[-84.58655,34.81706],[-84.58747,34.81676],[-84.58794,34.81646],[-84.58816,34.81569],[-84.58803,34.81548],[-84.58786,34.8152],[-84.58788,34.81504],[-84.58834,34.81506],[-84.58863,34.81507],[-84.58884,34.81509],[-84.58945,34.81516],[-84.58966,34.81519],[-84.59083,34.81479],[-84.59146,34.81445],[-84.59208,34.81412],[-84.59211,34.81409],[-84.59244,34.8138],[-84.59289,34.81349],[-84.59318,34.81348],[-84.59353,34.81343],[-84.5938,34.81327],[-84.5939,34.81275],[-84.59371,34.81219],[-84.59337,34.81164],[-84.59311,34.81119],[-84.59299,34.81086],[-84.59318,34.81054],[-84.59337,34.81004],[-84.59332,34.80941],[-84.59339,34.80906],[-84.59358,34.80861],[-84.59381,34.80819],[-84.59432,34.80785],[-84.59435,34.80783],[-84.59465,34.80765],[-84.59474,34.80722],[-84.59495,34.80688],[-84.59603,34.80582],[-84.59642,34.8058],[-84.59689,34.80575],[-84.59785,34.8058],[-84.59879,34.80601],[-84.59959,34.80632],[-84.5998,34.80637],[-84.60004,34.80643],[-84.60051,34.80645],[-84.60108,34.80649],[-84.6014,34.80645],[-84.60161,34.80617],[-84.60173,34.80576],[-84.60157,34.80518],[-84.60149,34.80479],[-84.60158,34.80442],[-84.60295,34.80233],[-84.60308,34.8021],[-84.60314,34.80189],[-84.60288,34.80161],[-84.60287,34.80115],[-84.60285,34.80074],[-84.6026,34.80028],[-84.60253,34.7998],[-84.60264,34.79948],[-84.60319,34.79906],[-84.60395,34.79878],[-84.60461,34.79843],[-84.60516,34.79819],[-84.60552,34.79794],[-84.6056,34.79769],[-84.6058,34.79733],[-84.60603,34.79722],[-84.60657,34.79707],[-84.60698,34.79698],[-84.6072,34.79687],[-84.60744,34.79654],[-84.60759,34.79633],[-84.60768,34.79622],[-84.60771,34.79617],[-84.6078,34.796],[-84.60789,34.79585],[-84.60796,34.79573],[-84.60796,34.79526],[-84.60845,34.79457],[-84.60864,34.79406],[-84.6087,34.79325],[-84.60895,34.79232],[-84.60928,34.79171],[-84.6093,34.79167],[-84.60946,34.79132],[-84.60975,34.79094],[-84.60999,34.79083],[-84.61074,34.79058],[-84.6118,34.7906],[-84.613,34.79082],[-84.61412,34.79079],[-84.61491,34.7907],[-84.6158,34.79047],[-84.61636,34.79037],[-84.61725,34.79039],[-84.61809,34.7904],[-84.61911,34.79016],[-84.61987,34.78993],[-84.62078,34.78962],[-84.62147,34.7893],[-84.62168,34.78922],[-84.62198,34.78913],[-84.62217,34.78889],[-84.62218,34.78847],[-84.62211,34.78805],[-84.62214,34.7877],[-84.6225,34.78737],[-84.62272,34.78707],[-84.62274,34.78676],[-84.62267,34.78635],[-84.62267,34.78602],[-84.62318,34.78572],[-84.62322,34.78569],[-84.62349,34.78581],[-84.6239,34.78578],[-84.62401,34.78574],[-84.62448,34.78558],[-84.62479,34.78541],[-84.62527,34.78515],[-84.62543,34.78507],[-84.62582,34.78487],[-84.6259,34.78484],[-84.62625,34.78469],[-84.6263,34.78468],[-84.62643,34.78472],[-84.62671,34.78474],[-84.62704,34.78478],[-84.62764,34.78474],[-84.62768,34.78472],[-84.62791,34.78461],[-84.62735,34.78473],[-84.62821,34.78447],[-84.62828,34.78444],[-84.62831,34.78442],[-84.62839,34.78437],[-84.62842,34.78435],[-84.62895,34.78403],[-84.62908,34.78396],[-84.62936,34.78381],[-84.62964,34.78366],[-84.63031,34.78327],[-84.63109,34.78282],[-84.63122,34.78275],[-84.63171,34.78263],[-84.63183,34.78261],[-84.63222,34.78219],[-84.63267,34.78171],[-84.6335,34.78161],[-84.63372,34.7816],[-84.63414,34.78159],[-84.63429,34.78154],[-84.6347,34.78139],[-84.63541,34.78114],[-84.63591,34.78084],[-84.63629,34.78062],[-84.63658,34.78045],[-84.63694,34.78037],[-84.6375,34.78034],[-84.63757,34.78033],[-84.63822,34.77989],[-84.63878,34.77946],[-84.63934,34.77895],[-84.64016,34.77866],[-84.64066,34.77833],[-84.64101,34.77809],[-84.64135,34.77771],[-84.64146,34.7774],[-84.64144,34.77732],[-84.64137,34.77708],[-84.64135,34.777],[-84.64109,34.77656],[-84.64094,34.7761],[-84.64077,34.77573],[-84.64063,34.77535],[-84.6406,34.77532],[-84.63993,34.77465],[-84.63939,34.77412],[-84.63881,34.7736],[-84.63838,34.77311],[-84.63757,34.77304],[-84.63695,34.77287],[-84.63623,34.77271],[-84.63606,34.77255],[-84.63565,34.77219],[-84.63531,34.77093],[-84.63533,34.77083],[-84.63538,34.77055],[-84.6354,34.77046],[-84.63562,34.76925],[-84.63558,34.76856],[-84.63575,34.76795],[-84.63653,34.76704],[-84.63697,34.76614],[-84.63759,34.76561],[-84.63826,34.76516],[-84.63846,34.7639],[-84.63797,34.76335],[-84.63729,34.76319],[-84.63746,34.76149],[-84.63749,34.76093],[-84.63754,34.7602],[-84.63826,34.75881],[-84.63883,34.7573],[-84.63903,34.75633],[-84.63904,34.75542],[-84.63899,34.75443],[-84.63938,34.75423],[-84.63962,34.75357],[-84.63999,34.75342],[-84.6404,34.75343],[-84.64085,34.75384],[-84.64157,34.75399],[-84.64229,34.75333],[-84.64277,34.75321],[-84.64335,34.7534],[-84.64354,34.75323],[-84.64362,34.75257],[-84.64368,34.75182],[-84.64405,34.75158],[-84.64491,34.75083],[-84.64544,34.75008],[-84.64753,34.74782],[-84.64804,34.74786],[-84.64832,34.74766],[-84.64847,34.74731],[-84.64862,34.74689],[-84.64879,34.74646],[-84.64891,34.74618],[-84.64882,34.74565],[-84.64864,34.74528],[-84.64871,34.74483],[-84.64964,34.74308],[-84.64991,34.7429],[-84.65001,34.74244],[-84.65009,34.74182],[-84.6506,34.74085],[-84.65083,34.74014],[-84.65158,34.73997],[-84.65151,34.73962],[-84.65127,34.73933],[-84.65103,34.73906],[-84.65097,34.73853],[-84.65114,34.738],[-84.6517,34.73724],[-84.65271,34.73638],[-84.65271,34.73605],[-84.65271,34.73569],[-84.65334,34.73519],[-84.65391,34.73427],[-84.65388,34.7332],[-84.6539,34.7323],[-84.65397,34.73158],[-84.65434,34.73129],[-84.65484,34.7312],[-84.65623,34.73098],[-84.65672,34.72959],[-84.6571,34.7289],[-84.65703,34.72712],[-84.65699,34.72628],[-84.65689,34.72377],[-84.65685,34.72293],[-84.65685,34.72291],[-84.65685,34.72284],[-84.65685,34.72282],[-84.65677,34.72098],[-84.65655,34.71548],[-84.65647,34.71365],[-84.65646,34.71341],[-84.65645,34.71311],[-84.65638,34.7115],[-84.65636,34.71096],[-84.65623,34.7079],[-84.6561,34.70474],[-84.65585,34.69872],[-84.65572,34.69566],[-84.6557,34.69514],[-84.65563,34.69332],[-84.65545,34.68906],[-84.65536,34.68691],[-84.65534,34.68627],[-84.65528,34.68392],[-84.65528,34.68384],[-84.65518,34.68026],[-84.65488,34.66926],[-84.65478,34.66559],[-84.65478,34.66541],[-84.65479,34.66523],[-84.65484,34.66416],[-84.65485,34.66383],[-84.65485,34.66381],[-84.65477,34.66159],[-84.65465,34.65832],[-84.65453,34.65493],[-84.65445,34.65272],[-84.65447,34.6524],[-84.65455,34.65144],[-84.65457,34.65112],[-84.65458,34.6506],[-84.65458,34.64955],[-84.65458,34.64946],[-84.65455,34.64904],[-84.65453,34.64853],[-84.65452,34.64852],[-84.65451,34.64851],[-84.6545,34.64805],[-84.6545,34.64801],[-84.65449,34.64759],[-84.65447,34.6468],[-84.65447,34.64652],[-84.65446,34.64602],[-84.65442,34.64598],[-84.65437,34.6459],[-84.65425,34.6457],[-84.65413,34.6455],[-84.6541,34.64541],[-84.65409,34.64532],[-84.65409,34.64523],[-84.65411,34.64514],[-84.65415,34.64506],[-84.65419,34.64498],[-84.65426,34.6449],[-84.65448,34.64475],[-84.65456,34.64469],[-84.65433,34.64467],[-84.65429,34.64466],[-84.65431,34.6446],[-84.65437,34.64443],[-84.65439,34.64438],[-84.65437,34.64263],[-84.6543,34.6374],[-84.65429,34.6358],[-84.65428,34.63566],[-84.65427,34.63435],[-84.65422,34.63044],[-84.6542,34.62914],[-84.6542,34.6291],[-84.6542,34.629],[-84.6542,34.62898],[-84.6542,34.62894],[-84.65414,34.62764],[-84.6541,34.62653],[-84.65409,34.62634],[-84.65403,34.62496],[-84.65409,34.62216],[-84.6541,34.62129],[-84.65412,34.62043],[-84.65414,34.61928],[-84.65415,34.61911],[-84.65418,34.61779],[-84.65419,34.61733],[-84.6542,34.61687],[-84.65425,34.61685],[-84.6544,34.61679],[-84.65443,34.61678],[-84.65446,34.61677],[-84.65446,34.61619],[-84.65446,34.61514],[-84.65446,34.61027],[-84.65446,34.60864],[-84.65446,34.60858],[-84.65446,34.6085],[-84.65446,34.60807],[-84.65446,34.60792],[-84.65446,34.60785],[-84.65446,34.60765],[-84.65446,34.60758],[-84.65446,34.60705],[-84.65446,34.60543],[-84.65446,34.60489],[-84.65446,34.60477],[-84.65446,34.60468],[-84.65447,34.60403],[-84.65447,34.60382],[-84.65447,34.60369],[-84.65448,34.60365],[-84.65448,34.60362],[-84.65448,34.60304],[-84.65449,34.60284],[-84.6545,34.60238],[-84.6545,34.60101],[-84.6545,34.59552],[-84.65451,34.59369],[-84.65451,34.59159],[-84.65452,34.58529],[-84.65452,34.58319],[-84.65452,34.58313],[-84.65452,34.58296],[-84.65452,34.5829],[-84.65452,34.58288],[-84.65452,34.58281],[-84.65452,34.58266],[-84.65452,34.58254],[-84.65452,34.58246],[-84.65452,34.58168],[-84.65452,34.58094],[-84.6545,34.5764],[-84.65449,34.57488],[-84.65449,34.57455],[-84.65448,34.57355],[-84.65448,34.57322],[-84.65448,34.57312],[-84.65448,34.57303],[-84.65448,34.57294],[-84.65448,34.57285],[-84.65448,34.57276],[-84.65447,34.57137],[-84.65447,34.57112],[-84.65447,34.57104],[-84.65447,34.57097],[-84.65447,34.57091],[-84.65447,34.5702],[-84.65446,34.56807],[-84.65446,34.56737],[-84.65445,34.56649],[-84.65444,34.56387],[-84.65444,34.56317],[-84.65444,34.563],[-84.65414,34.55433],[-84.6541,34.55323],[-84.65401,34.55057],[-84.65402,34.55018],[-84.65406,34.54895],[-84.65388,34.54895],[-84.6516,34.54897],[-84.64954,34.54899],[-84.6469,34.54901],[-84.64476,34.54903],[-84.64418,34.54904],[-84.64249,34.54905],[-84.64132,34.54906],[-84.63783,34.54909],[-84.63667,34.5491],[-84.63443,34.54912],[-84.63319,34.54913],[-84.62493,34.5492],[-84.62277,34.54927],[-84.61991,34.54935],[-84.61939,34.54936],[-84.6193,34.54936],[-84.61924,34.54936],[-84.61917,34.54936],[-84.61742,34.5494],[-84.61176,34.54952],[-84.61039,34.54955],[-84.60988,34.54954],[-84.60891,34.54953],[-84.60599,34.54951],[-84.60546,34.5495],[-84.60502,34.5495],[-84.60328,34.54948],[-84.59848,34.54944],[-84.59805,34.54944],[-84.59631,34.54942],[-84.59592,34.54942],[-84.5953,34.54941],[-84.59475,34.54941],[-84.59436,34.5494],[-84.59421,34.5494],[-84.59377,34.5494],[-84.59362,34.5494],[-84.59217,34.5494],[-84.58781,34.54943],[-84.58636,34.54943],[-84.58561,34.54944],[-84.58543,34.54944],[-84.58499,34.54944],[-84.5809,34.54946],[-84.58032,34.54946],[-84.57954,34.54946],[-84.57919,34.54945],[-84.57818,34.54944],[-84.57784,34.54944],[-84.57776,34.54944],[-84.5775,34.54944],[-84.57742,34.54944],[-84.57695,34.54944],[-84.57616,34.54944],[-84.5757,34.54944],[-84.57557,34.54944],[-84.57511,34.54945],[-84.57499,34.54945],[-84.57464,34.54945],[-84.57452,34.54945],[-84.57445,34.54945],[-84.57439,34.54945],[-84.57399,34.54946],[-84.57385,34.54946],[-84.57385,34.54951],[-84.57383,34.54966],[-84.57383,34.54967],[-84.57383,34.54971],[-84.5738,34.54991],[-84.57374,34.55053],[-84.57372,34.55073],[-84.57326,34.55073],[-84.57188,34.55072],[-84.57185,34.55072],[-84.57142,34.55072],[-84.57116,34.55072],[-84.57052,34.55071],[-84.57038,34.55071],[-84.57012,34.55071],[-84.56928,34.55071],[-84.56678,34.55069],[-84.56595,34.55069],[-84.56583,34.55069],[-84.56569,34.55068],[-84.56549,34.55068],[-84.56537,34.55068],[-84.56435,34.55068],[-84.56127,34.55066],[-84.56051,34.55066],[-84.56025,34.55066],[-84.55914,34.55065],[-84.55583,34.55063],[-84.55473,34.55063],[-84.55396,34.55063],[-84.55165,34.55061],[-84.55122,34.55061],[-84.55088,34.55061],[-84.54919,34.5506],[-84.54411,34.55057],[-84.54242,34.55057],[-84.54225,34.55057],[-84.54173,34.55056],[-84.54156,34.55056],[-84.54115,34.55056],[-84.53993,34.55055],[-84.53951,34.55055],[-84.53889,34.55055],[-84.53702,34.55054],[-84.5364,34.55053],[-84.53619,34.55053],[-84.53556,34.55053],[-84.53535,34.55053],[-84.53495,34.55052],[-84.53375,34.55052],[-84.53373,34.55052],[-84.53335,34.55052],[-84.533,34.55052],[-84.53213,34.55051],[-84.53196,34.55051],[-84.53161,34.55051],[-84.531,34.55051],[-84.53055,34.5505],[-84.52919,34.5505],[-84.52858,34.55049],[-84.52857,34.55049],[-84.52853,34.55049],[-84.52851,34.55049],[-84.52759,34.55049],[-84.52744,34.55049],[-84.52483,34.55048],[-84.52391,34.55047],[-84.52348,34.55047],[-84.5222,34.55047],[-84.52178,34.55047],[-84.52155,34.55046],[-84.52147,34.55046],[-84.52139,34.55046],[-84.52136,34.55048],[-84.52127,34.55054],[-84.52124,34.55056],[-84.52118,34.5506],[-84.52079,34.55086],[-84.52064,34.55096],[-84.52063,34.55124],[-84.52062,34.55207],[-84.52062,34.55208],[-84.52061,34.55236],[-84.52059,34.55322],[-84.52056,34.55457],[-84.52054,34.55581],[-84.52052,34.55667],[-84.52049,34.55667],[-84.52041,34.55667],[-84.52038,34.55667],[-84.52036,34.55667],[-84.52031,34.55667],[-84.5203,34.55667],[-84.51906,34.55668],[-84.51535,34.5567],[-84.51411,34.55671],[-84.51383,34.55672],[-84.51368,34.55672],[-84.51335,34.55672],[-84.51299,34.55673],[-84.51279,34.55673],[-84.51271,34.55673],[-84.51265,34.55673],[-84.51246,34.55674],[-84.5124,34.55674],[-84.51226,34.55674],[-84.51183,34.55675],[-84.51169,34.55675],[-84.51164,34.55707],[-84.51152,34.55776],[-84.51147,34.55803],[-84.51142,34.55834],[-84.51143,34.55838],[-84.51146,34.55847],[-84.51146,34.5585],[-84.51148,34.55855],[-84.51151,34.55868],[-84.51153,34.55872],[-84.51156,34.55884],[-84.51161,34.5592],[-84.51161,34.55926],[-84.51163,34.55955],[-84.51159,34.56066],[-84.51159,34.56069],[-84.51158,34.56115],[-84.51157,34.56163],[-84.51154,34.56294],[-84.51153,34.56305],[-84.51152,34.56353],[-84.51152,34.56355],[-84.51152,34.56362],[-84.51152,34.56365],[-84.51095,34.56365],[-84.50922,34.56365],[-84.5092,34.56365],[-84.50865,34.56366],[-84.5086,34.56366],[-84.50844,34.56366],[-84.50839,34.56366],[-84.50838,34.56366],[-84.50835,34.56366],[-84.50834,34.56366],[-84.50719,34.56366],[-84.50448,34.56367],[-84.50375,34.56368],[-84.50261,34.56368],[-84.50265,34.56104],[-84.50277,34.55312],[-84.50281,34.55048],[-84.50194,34.55047],[-84.49993,34.55047],[-84.49759,34.55043],[-84.48194,34.5502],[-84.47673,34.55013],[-84.4767,34.55135],[-84.47663,34.55503],[-84.4766,34.55614],[-84.47659,34.55625],[-84.47658,34.55633],[-84.47654,34.55657],[-84.47653,34.55665],[-84.47658,34.55665],[-84.47673,34.55665],[-84.47678,34.55665],[-84.477,34.55665],[-84.47855,34.55666],[-84.48388,34.55669],[-84.48566,34.55671],[-84.48565,34.55786],[-84.48564,34.55849],[-84.48561,34.56133],[-84.4856,34.5624],[-84.48562,34.56249],[-84.48565,34.56264],[-84.48576,34.56311],[-84.4858,34.56327],[-84.48355,34.5633],[-84.47856,34.56337],[-84.47681,34.56339],[-84.47467,34.56342],[-84.47457,34.56342],[-84.47337,34.56343],[-84.4698,34.56347],[-84.46901,34.56347],[-84.46861,34.56348],[-84.46848,34.56348],[-84.46811,34.56348],[-84.46799,34.56349],[-84.46799,34.56347],[-84.46801,34.5634],[-84.46802,34.56337],[-84.4681,34.56308],[-84.46806,34.5623],[-84.46788,34.55903],[-84.46786,34.55866],[-84.46785,34.55849],[-84.46783,34.55809],[-84.46783,34.55794],[-84.46785,34.55754],[-84.46791,34.55635],[-84.46792,34.55596],[-84.46793,34.55589],[-84.46793,34.55581],[-84.46793,34.55487],[-84.46795,34.5516],[-84.46795,34.55051],[-84.46795,34.55047],[-84.46795,34.5504],[-84.46795,34.55025],[-84.4679,34.55007],[-84.46786,34.54997],[-84.46778,34.54997],[-84.46753,34.54996],[-84.46745,34.54996],[-84.46672,34.54994],[-84.46454,34.5499],[-84.46381,34.54988],[-84.46049,34.54981],[-84.45051,34.54959],[-84.4478,34.54954],[-84.44719,34.54952],[-84.44629,34.54949],[-84.44359,34.54942],[-84.44269,34.5494],[-84.44187,34.54938],[-84.43939,34.54934],[-84.43856,34.54933],[-84.43838,34.54933],[-84.43831,34.54933],[-84.43757,34.54934],[-84.43749,34.54935],[-84.43732,34.54935],[-84.43726,34.54935],[-84.43723,34.54935],[-84.43715,34.54935],[-84.43704,34.54935],[-84.43651,34.54934],[-84.43425,34.54933],[-84.43406,34.54933],[-84.43361,34.54933],[-84.43325,34.54936],[-84.43308,34.54938],[-84.43259,34.54942],[-84.43243,34.54944],[-84.432,34.54995],[-84.43073,34.55148],[-84.43057,34.55168],[-84.43032,34.55199],[-84.43006,34.55233],[-84.42926,34.55334],[-84.429,34.55367],[-84.42894,34.55444],[-84.42877,34.55673],[-84.42871,34.55749],[-84.42785,34.55748],[-84.4253,34.55743],[-84.42526,34.55743],[-84.4244,34.55741],[-84.42441,34.55612],[-84.42445,34.55276],[-84.42446,34.55224],[-84.42447,34.551],[-84.42447,34.55095],[-84.42449,34.55063],[-84.42453,34.54982],[-84.42454,34.54965],[-84.42456,34.54933],[-84.42417,34.54933],[-84.42301,34.54932],[-84.42263,34.54931],[-84.42219,34.54931],[-84.42088,34.5493],[-84.42075,34.54929],[-84.42045,34.54929],[-84.40352,34.54913],[-84.38035,34.5489],[-84.37855,34.54881],[-84.37492,34.54863],[-84.37315,34.54856],[-84.37135,34.5485],[-84.37135,34.54859],[-84.37134,34.54892],[-84.37133,34.5502],[-84.37132,34.55062],[-84.37132,34.55136],[-84.37132,34.55359],[-84.37132,34.55426],[-84.37132,34.55433],[-84.37136,34.55604],[-84.37139,34.55749],[-84.37146,34.56119],[-84.3715,34.56291],[-84.37057,34.56291],[-84.36778,34.56289],[-84.36685,34.56288],[-84.36424,34.56283],[-84.36074,34.56275],[-84.35992,34.56273],[-84.35898,34.56271],[-84.3564,34.56266],[-84.35603,34.56265],[-84.35446,34.56262],[-84.35379,34.5626],[-84.3537,34.5626],[-84.3526,34.56262],[-84.35214,34.56263],[-84.35098,34.56264],[-84.35086,34.56265],[-84.3472,34.56271],[-84.34555,34.56274],[-84.34556,34.56282],[-84.34556,34.56285],[-84.3456,34.56303],[-84.34562,34.56306],[-84.34567,34.56313],[-84.34589,34.56343],[-84.346,34.56373],[-84.34602,34.56401],[-84.34598,34.56413],[-84.34593,34.56428],[-84.34595,34.5645],[-84.3464,34.56535],[-84.3465,34.56571],[-84.34655,34.56604],[-84.34649,34.5663],[-84.34639,34.56654],[-84.34612,34.56682],[-84.34595,34.56694],[-84.34583,34.567],[-84.34575,34.56704],[-84.34521,34.56721],[-84.34486,34.5673],[-84.34478,34.56733],[-84.34441,34.56746],[-84.34389,34.56758],[-84.34371,34.56758],[-84.34316,34.56747],[-84.34307,34.56743],[-84.34298,34.56738],[-84.34278,34.56734],[-84.34252,34.56733],[-84.34232,34.56739],[-84.34216,34.56749],[-84.34208,34.56759],[-84.342,34.5678],[-84.34196,34.56802],[-84.34175,34.56846],[-84.34164,34.56858],[-84.34146,34.56866],[-84.34124,34.56881],[-84.34107,34.569],[-84.34097,34.56949],[-84.3409,34.56957],[-84.34081,34.56962],[-84.34057,34.56963],[-84.34027,34.56953],[-84.34012,34.56951],[-84.33952,34.56945],[-84.33929,34.56945],[-84.33916,34.56948],[-84.33823,34.56965],[-84.33778,34.56979],[-84.33763,34.56986],[-84.33753,34.56996],[-84.33752,34.57],[-84.33749,34.57005],[-84.33758,34.57152],[-84.33744,34.5717],[-84.33707,34.57184],[-84.33682,34.57188],[-84.33662,34.57187],[-84.33574,34.57173],[-84.33346,34.57138],[-84.33323,34.5714],[-84.33301,34.57145],[-84.33292,34.57149],[-84.33277,34.57164],[-84.33266,34.57177],[-84.33255,34.57192],[-84.33252,34.57205],[-84.33246,34.57244],[-84.3324,34.57255],[-84.33227,34.57262],[-84.33211,34.57265],[-84.33159,34.57256],[-84.3315,34.57253],[-84.33151,34.57262],[-84.33155,34.57272],[-84.33176,34.5729],[-84.33185,34.57307],[-84.33225,34.5734],[-84.33237,34.57346],[-84.3326,34.57359],[-84.33309,34.57376],[-84.33325,34.57387],[-84.33334,34.57401],[-84.33343,34.57434],[-84.33351,34.5745],[-84.33377,34.57484],[-84.33424,34.57519],[-84.33505,34.57565],[-84.33558,34.57589],[-84.33581,34.57604],[-84.336,34.57623],[-84.33615,34.57645],[-84.33624,34.57664],[-84.33626,34.5768],[-84.33635,34.577],[-84.33671,34.57734],[-84.33675,34.57748],[-84.3368,34.57801],[-84.33668,34.57823],[-84.33663,34.57836],[-84.33664,34.57889],[-84.33664,34.57891],[-84.33664,34.57895],[-84.33661,34.57907],[-84.33658,34.57922],[-84.33654,34.57927],[-84.33646,34.5793],[-84.33642,34.57929],[-84.33627,34.57927],[-84.33624,34.57927],[-84.33611,34.57927],[-84.33607,34.57927],[-84.33605,34.57928],[-84.3359,34.57932],[-84.33575,34.57938],[-84.33556,34.57956],[-84.33542,34.57977],[-84.33531,34.57993],[-84.3353,34.57995],[-84.33527,34.57999],[-84.3352,34.58006],[-84.33511,34.58015],[-84.33508,34.58015],[-84.33494,34.58016],[-84.33481,34.58013],[-84.33468,34.5801],[-84.33445,34.58004],[-84.33421,34.57998],[-84.33356,34.57982],[-84.33313,34.57982],[-84.33279,34.5799],[-84.33259,34.58003],[-84.33243,34.58021],[-84.3322,34.58038],[-84.33205,34.58066],[-84.33192,34.5808],[-84.33166,34.5811],[-84.33135,34.58142],[-84.33067,34.58187],[-84.33046,34.58196],[-84.32999,34.58197],[-84.32994,34.58197],[-84.32959,34.58204],[-84.32946,34.58225],[-84.32948,34.58244],[-84.3295,34.58265],[-84.3293,34.58295],[-84.32898,34.58344],[-84.32889,34.58353],[-84.32881,34.58357],[-84.32878,34.58359],[-84.32871,34.58362],[-84.32793,34.58358],[-84.3278,34.58357],[-84.3274,34.58359],[-84.32736,34.58359],[-84.32639,34.58363],[-84.3261,34.58358],[-84.32565,34.58342],[-84.32539,34.58328],[-84.32514,34.5832],[-84.32503,34.58317],[-84.32459,34.58315],[-84.32432,34.58308],[-84.32398,34.58294],[-84.32361,34.58282],[-84.32338,34.58264],[-84.32312,34.58244],[-84.32303,34.58241],[-84.32246,34.58235],[-84.32191,34.5824],[-84.3213,34.5824],[-84.32079,34.58229],[-84.32043,34.58226],[-84.32029,34.58223],[-84.32012,34.58214],[-84.31943,34.58145],[-84.31924,34.58118],[-84.31875,34.5806],[-84.31867,34.5805],[-84.31821,34.5798],[-84.31802,34.57936],[-84.31804,34.57903],[-84.31805,34.57883],[-84.31802,34.57881],[-84.3179,34.57879],[-84.31752,34.57893],[-84.3172,34.57898],[-84.31689,34.57899],[-84.31657,34.57895],[-84.31638,34.57887],[-84.31561,34.57867],[-84.31538,34.57856],[-84.31506,34.5785],[-84.31419,34.57822],[-84.31377,34.57791],[-84.3136,34.57781],[-84.31324,34.57771],[-84.31322,34.5777],[-84.31297,34.57768],[-84.31146,34.57759],[-84.31123,34.57769],[-84.31113,34.57778],[-84.31099,34.57801],[-84.31075,34.57862],[-84.31059,34.57895],[-84.31034,34.57937],[-84.3102,34.57954],[-84.31017,34.57956],[-84.31004,34.57967],[-84.30984,34.57978],[-84.30936,34.57999],[-84.30898,34.58012],[-84.30897,34.58013],[-84.3083,34.58056],[-84.30804,34.58086],[-84.30776,34.58122],[-84.30765,34.58132],[-84.30753,34.58139],[-84.30727,34.58145],[-84.30707,34.5814],[-84.30671,34.58111],[-84.30649,34.58082],[-84.30617,34.58062],[-84.30596,34.58054],[-84.30578,34.58049],[-84.30574,34.58048],[-84.30539,34.58044],[-84.30449,34.58034],[-84.30446,34.58033],[-84.30425,34.58024],[-84.30414,34.58013],[-84.30392,34.5798],[-84.30386,34.57959],[-84.3038,34.57916],[-84.30385,34.57899],[-84.30418,34.57847],[-84.30422,34.57836],[-84.30421,34.57817],[-84.30393,34.57785],[-84.30393,34.57784],[-84.30374,34.57772],[-84.30353,34.57767],[-84.30329,34.57772],[-84.30237,34.57832]]]}},{"type":"Feature","properties":{"GEOID":"13013","BASENAME":"Barrow"},"geometry":{"type":"Polygon","coordinates":[[[-83.61297,33.92492],[-83.61185,33.92554],[-83.61027,33.92641],[-83.6083,33.92749],[-83.60554,33.929],[-83.60482,33.92939],[-83.60396,33.92987],[-83.60246,33.93069],[-83.60212,33.93088],[-83.59796,33.93316],[-83.59645,33.93398],[-83.59598,33.93424],[-83.59528,33.93462],[-83.59521,33.93466],[-83.59473,33.93493],[-83.59425,33.93519],[-83.59376,33.93546],[-83.59356,33.93557],[-83.59297,33.93589],[-83.59277,33.936],[-83.59261,33.93609],[-83.5918,33.93653],[-83.58984,33.9376],[-83.58889,33.93812],[-83.58823,33.93848],[-83.58792,33.93866],[-83.58763,33.93881],[-83.58695,33.93918],[-83.5869,33.93921],[-83.58668,33.93932],[-83.58657,33.93939],[-83.58644,33.93946],[-83.58562,33.9399],[-83.58479,33.94036],[-83.58477,33.94037],[-83.5844,33.94057],[-83.58332,33.94116],[-83.58296,33.94136],[-83.58255,33.94158],[-83.58132,33.94225],[-83.58091,33.94247],[-83.57992,33.94301],[-83.57844,33.94382],[-83.5784,33.94384],[-83.57826,33.94392],[-83.57821,33.94394],[-83.57816,33.94398],[-83.57813,33.94399],[-83.57799,33.94407],[-83.57793,33.9441],[-83.57788,33.94413],[-83.57772,33.94421],[-83.57767,33.94424],[-83.57698,33.94461],[-83.57578,33.94525],[-83.5757,33.9453],[-83.57553,33.94539],[-83.57448,33.94595],[-83.57082,33.94792],[-83.57079,33.94794],[-83.56669,33.95014],[-83.56651,33.95024],[-83.56479,33.95117],[-83.56307,33.95211],[-83.56298,33.95216],[-83.56289,33.95221],[-83.56241,33.95247],[-83.56193,33.95274],[-83.56104,33.95322],[-83.56099,33.95325],[-83.55842,33.95462],[-83.55838,33.95464],[-83.55374,33.95712],[-83.54952,33.95937],[-83.54494,33.96181],[-83.54489,33.96184],[-83.54303,33.96283],[-83.54253,33.96309],[-83.5425,33.96311],[-83.54241,33.96316],[-83.54124,33.96377],[-83.54008,33.96438],[-83.54002,33.96441],[-83.53738,33.96591],[-83.5369,33.96618],[-83.53712,33.96672],[-83.53857,33.97028],[-83.54032,33.97455],[-83.54093,33.976],[-83.54168,33.97787],[-83.54509,33.98616],[-83.54526,33.98663],[-83.54603,33.98849],[-83.54763,33.99239],[-83.54822,33.99383],[-83.54882,33.9953],[-83.5492,33.99623],[-83.54928,33.99642],[-83.54962,33.99727],[-83.54979,33.99768],[-83.55004,33.9989],[-83.55025,33.99945],[-83.55037,33.99974],[-83.55082,34.00086],[-83.55159,34.00277],[-83.55182,34.00337],[-83.55425,34.00943],[-83.55468,34.01049],[-83.55709,34.01647],[-83.55714,34.0166],[-83.55771,34.01802],[-83.55908,34.02142],[-83.55946,34.02236],[-83.55953,34.02253],[-83.55957,34.02265],[-83.55968,34.02291],[-83.55979,34.02319],[-83.56317,34.03161],[-83.5632,34.03168],[-83.56323,34.03174],[-83.56326,34.03184],[-83.56328,34.03186],[-83.56339,34.03191],[-83.56351,34.03195],[-83.56385,34.03209],[-83.56444,34.03233],[-83.56451,34.03233],[-83.56482,34.03237],[-83.56516,34.03237],[-83.56612,34.03222],[-83.56669,34.03206],[-83.56697,34.03203],[-83.56725,34.03195],[-83.56754,34.03181],[-83.5682,34.03133],[-83.56852,34.03113],[-83.56871,34.03102],[-83.56909,34.03097],[-83.56944,34.03097],[-83.57046,34.03111],[-83.57081,34.03122],[-83.57111,34.0314],[-83.5713,34.03161],[-83.57134,34.03175],[-83.57135,34.03199],[-83.57135,34.03216],[-83.57145,34.03253],[-83.5715,34.03265],[-83.57152,34.03269],[-83.57184,34.03343],[-83.57229,34.03444],[-83.57272,34.0353],[-83.57309,34.03584],[-83.5736,34.03642],[-83.57371,34.0366],[-83.5738,34.03689],[-83.57385,34.03715],[-83.57384,34.03738],[-83.57373,34.03782],[-83.57333,34.03858],[-83.57333,34.03872],[-83.57336,34.0389],[-83.57344,34.03906],[-83.57356,34.03919],[-83.57374,34.03931],[-83.57382,34.03935],[-83.57396,34.0394],[-83.57415,34.03946],[-83.57468,34.0396],[-83.57525,34.03969],[-83.57528,34.0397],[-83.57548,34.03976],[-83.57573,34.03979],[-83.57589,34.0398],[-83.5761,34.03975],[-83.57684,34.03968],[-83.57739,34.03956],[-83.57804,34.03951],[-83.57951,34.03965],[-83.58041,34.03996],[-83.58048,34.03995],[-83.58052,34.03999],[-83.58073,34.04006],[-83.58089,34.04011],[-83.58094,34.04013],[-83.58122,34.04021],[-83.58128,34.04023],[-83.58143,34.04026],[-83.5815,34.04027],[-83.58161,34.04028],[-83.58164,34.04028],[-83.58176,34.04029],[-83.58197,34.04037],[-83.58231,34.04045],[-83.58256,34.04047],[-83.58311,34.04064],[-83.58355,34.04082],[-83.58395,34.04099],[-83.58416,34.04106],[-83.58424,34.04105],[-83.58428,34.04103],[-83.58434,34.04101],[-83.58436,34.041],[-83.58438,34.04098],[-83.58439,34.04095],[-83.58441,34.04094],[-83.58443,34.04091],[-83.58446,34.04078],[-83.58444,34.04066],[-83.58438,34.04055],[-83.58413,34.04027],[-83.5839,34.03996],[-83.5837,34.03962],[-83.58362,34.0394],[-83.58364,34.03926],[-83.58398,34.03864],[-83.58416,34.03853],[-83.58436,34.03852],[-83.58449,34.0386],[-83.58452,34.03868],[-83.5845,34.03877],[-83.58451,34.03885],[-83.58457,34.03893],[-83.58467,34.03898],[-83.58476,34.039],[-83.58487,34.03898],[-83.58513,34.03884],[-83.58532,34.0388],[-83.5854,34.03883],[-83.5855,34.03897],[-83.58566,34.03907],[-83.58632,34.03918],[-83.58648,34.03915],[-83.58658,34.03907],[-83.58675,34.03865],[-83.58691,34.03841],[-83.58709,34.03822],[-83.58729,34.0381],[-83.58753,34.03802],[-83.58772,34.038],[-83.58787,34.03802],[-83.58801,34.03807],[-83.58851,34.03821],[-83.58909,34.03816],[-83.58946,34.03792],[-83.58987,34.03757],[-83.59024,34.0373],[-83.59058,34.03719],[-83.59115,34.03722],[-83.5914,34.03716],[-83.59183,34.03735],[-83.59207,34.03732],[-83.59238,34.03713],[-83.59271,34.03701],[-83.59308,34.03695],[-83.59336,34.03703],[-83.59376,34.0371],[-83.5942,34.03705],[-83.59443,34.03686],[-83.59477,34.03667],[-83.59526,34.03648],[-83.59574,34.03647],[-83.5958,34.03647],[-83.59608,34.03647],[-83.59633,34.03659],[-83.5964,34.03675],[-83.59659,34.03675],[-83.5971,34.03644],[-83.59737,34.03644],[-83.59783,34.03664],[-83.59829,34.03697],[-83.59848,34.03731],[-83.59872,34.03738],[-83.59906,34.03686],[-83.59955,34.03658],[-83.59938,34.03613],[-83.59964,34.03577],[-83.6,34.03558],[-83.60025,34.03535],[-83.60035,34.0353],[-83.60054,34.0353],[-83.60068,34.03538],[-83.60082,34.03553],[-83.60088,34.03569],[-83.60088,34.0359],[-83.60092,34.03596],[-83.601,34.03596],[-83.60113,34.03591],[-83.60134,34.03587],[-83.6016,34.03591],[-83.60179,34.03602],[-83.60213,34.0363],[-83.60234,34.0364],[-83.6028,34.0365],[-83.60291,34.03655],[-83.60303,34.03684],[-83.60305,34.03716],[-83.60304,34.03753],[-83.60317,34.03772],[-83.60336,34.0378],[-83.60378,34.03784],[-83.60422,34.03795],[-83.60455,34.03816],[-83.6047,34.03847],[-83.60482,34.0387],[-83.60506,34.03881],[-83.60522,34.03881],[-83.60559,34.03862],[-83.60584,34.03856],[-83.60622,34.03865],[-83.60662,34.03887],[-83.60692,34.03906],[-83.60715,34.03911],[-83.60735,34.03906],[-83.60738,34.03894],[-83.60738,34.03865],[-83.60746,34.03848],[-83.60776,34.0384],[-83.60807,34.03837],[-83.60824,34.03829],[-83.60851,34.03822],[-83.6087,34.03821],[-83.60884,34.03819],[-83.60909,34.03817],[-83.60954,34.03824],[-83.60974,34.03828],[-83.60995,34.03837],[-83.61015,34.03851],[-83.61027,34.03866],[-83.61034,34.0388],[-83.61035,34.03896],[-83.61031,34.03906],[-83.61015,34.03915],[-83.60981,34.03916],[-83.6096,34.03922],[-83.60941,34.03933],[-83.60939,34.03938],[-83.6094,34.03943],[-83.60949,34.03953],[-83.60963,34.03958],[-83.60977,34.0396],[-83.61009,34.0396],[-83.61033,34.03965],[-83.61053,34.03975],[-83.61071,34.03989],[-83.61086,34.0401],[-83.611,34.04045],[-83.61114,34.04067],[-83.6112,34.04073],[-83.61126,34.04078],[-83.61148,34.04087],[-83.61156,34.04096],[-83.61167,34.04126],[-83.61166,34.04138],[-83.61162,34.04153],[-83.61162,34.04162],[-83.61168,34.04173],[-83.61174,34.04185],[-83.61175,34.04197],[-83.61169,34.04209],[-83.61163,34.04212],[-83.61115,34.04222],[-83.61107,34.04232],[-83.61104,34.04245],[-83.61108,34.04265],[-83.61137,34.04302],[-83.6115,34.04334],[-83.61153,34.04358],[-83.61154,34.04371],[-83.61145,34.04414],[-83.61147,34.04424],[-83.61155,34.04434],[-83.61172,34.04444],[-83.61194,34.04447],[-83.61211,34.04445],[-83.61262,34.04433],[-83.61291,34.04431],[-83.61321,34.04431],[-83.61365,34.04438],[-83.61378,34.04441],[-83.61422,34.04452],[-83.61471,34.04471],[-83.61499,34.04489],[-83.61516,34.04499],[-83.61543,34.04524],[-83.61552,34.04539],[-83.61555,34.0455],[-83.61558,34.04555],[-83.61557,34.04562],[-83.61557,34.0457],[-83.61554,34.04586],[-83.61544,34.04607],[-83.61532,34.04623],[-83.61524,34.04626],[-83.61515,34.04624],[-83.61504,34.04608],[-83.61493,34.04601],[-83.61483,34.04605],[-83.61472,34.04615],[-83.61455,34.04644],[-83.61452,34.04651],[-83.61446,34.04665],[-83.61442,34.04692],[-83.61446,34.04704],[-83.61452,34.04711],[-83.61465,34.04716],[-83.61478,34.04717],[-83.615,34.0472],[-83.61516,34.04721],[-83.61523,34.04721],[-83.61525,34.04721],[-83.61533,34.04722],[-83.61562,34.0472],[-83.61576,34.04715],[-83.616,34.04707],[-83.61614,34.04708],[-83.61629,34.04714],[-83.61634,34.04721],[-83.61637,34.04729],[-83.61649,34.04737],[-83.61653,34.04739],[-83.61668,34.0475],[-83.61674,34.04751],[-83.61687,34.04754],[-83.61705,34.04753],[-83.61721,34.04743],[-83.61729,34.04738],[-83.61789,34.04659],[-83.61798,34.04654],[-83.61808,34.04655],[-83.61814,34.04658],[-83.61836,34.04695],[-83.61845,34.04703],[-83.6186,34.04712],[-83.61877,34.04713],[-83.61895,34.04709],[-83.61935,34.04692],[-83.61939,34.0469],[-83.61958,34.04684],[-83.61992,34.04669],[-83.62003,34.04664],[-83.6204,34.04639],[-83.62068,34.04631],[-83.62094,34.0463],[-83.62107,34.04631],[-83.62111,34.04633],[-83.62129,34.04657],[-83.62145,34.04673],[-83.62174,34.04684],[-83.62206,34.0468],[-83.62232,34.0467],[-83.62244,34.04662],[-83.62246,34.0466],[-83.62269,34.04668],[-83.62292,34.04664],[-83.62319,34.04658],[-83.62328,34.04646],[-83.62323,34.04616],[-83.62314,34.04594],[-83.62321,34.04578],[-83.62344,34.04568],[-83.62389,34.04563],[-83.62429,34.04557],[-83.62461,34.04541],[-83.62493,34.0452],[-83.62511,34.04514],[-83.62524,34.04514],[-83.62546,34.04515],[-83.62599,34.04519],[-83.62635,34.04523],[-83.62676,34.04535],[-83.62689,34.04553],[-83.62698,34.04559],[-83.62702,34.04564],[-83.62695,34.04573],[-83.62701,34.04584],[-83.62704,34.04585],[-83.6271,34.04591],[-83.62715,34.04596],[-83.62718,34.04599],[-83.62723,34.046],[-83.62727,34.04599],[-83.6273,34.04598],[-83.62734,34.04596],[-83.62734,34.04593],[-83.62753,34.04579],[-83.62759,34.04575],[-83.62769,34.04571],[-83.62774,34.04559],[-83.62779,34.04551],[-83.62787,34.04547],[-83.6279,34.04545],[-83.62799,34.04545],[-83.62814,34.04544],[-83.62885,34.04542],[-83.62903,34.04537],[-83.62915,34.04534],[-83.62921,34.04533],[-83.62929,34.04528],[-83.62934,34.04527],[-83.6295,34.04513],[-83.62958,34.045],[-83.6297,34.04485],[-83.62973,34.04481],[-83.62992,34.04467],[-83.63008,34.04464],[-83.63017,34.04466],[-83.63021,34.04459],[-83.63026,34.04462],[-83.63033,34.04476],[-83.63032,34.04481],[-83.63035,34.04485],[-83.63042,34.04515],[-83.63044,34.04523],[-83.63048,34.04549],[-83.63057,34.04556],[-83.63061,34.04566],[-83.63066,34.04578],[-83.63071,34.04591],[-83.63071,34.04602],[-83.63081,34.04615],[-83.6309,34.04619],[-83.63141,34.04621],[-83.6321,34.0462],[-83.63265,34.04613],[-83.63268,34.04613],[-83.63274,34.04611],[-83.63276,34.04611],[-83.63277,34.04611],[-83.63287,34.04607],[-83.63292,34.04605],[-83.63322,34.04586],[-83.63341,34.04582],[-83.63366,34.04587],[-83.63422,34.0462],[-83.63445,34.04626],[-83.6349,34.04621],[-83.63499,34.04624],[-83.63504,34.04625],[-83.6351,34.04627],[-83.63522,34.04625],[-83.63529,34.04621],[-83.63533,34.04617],[-83.63537,34.04614],[-83.63541,34.04607],[-83.63557,34.04587],[-83.63561,34.04585],[-83.63567,34.04582],[-83.636,34.04591],[-83.63608,34.04593],[-83.63613,34.04595],[-83.63618,34.04601],[-83.63631,34.04616],[-83.63659,34.04649],[-83.63671,34.04664],[-83.63685,34.0468],[-83.6369,34.04686],[-83.63698,34.04693],[-83.63715,34.04702],[-83.63726,34.04708],[-83.63729,34.04748],[-83.63729,34.0475],[-83.63733,34.04761],[-83.63733,34.04769],[-83.63738,34.04773],[-83.63744,34.04778],[-83.63756,34.04786],[-83.63771,34.04791],[-83.63795,34.04792],[-83.63814,34.04797],[-83.63827,34.04805],[-83.63862,34.0483],[-83.63876,34.04835],[-83.63891,34.04836],[-83.63924,34.04833],[-83.63952,34.04833],[-83.63978,34.04838],[-83.64076,34.0486],[-83.64103,34.04863],[-83.64218,34.04866],[-83.64238,34.04871],[-83.64257,34.04878],[-83.64285,34.04896],[-83.64301,34.04903],[-83.64349,34.04919],[-83.64378,34.04928],[-83.64397,34.04953],[-83.64403,34.04966],[-83.64409,34.04975],[-83.64414,34.04991],[-83.6441,34.05002],[-83.64396,34.05017],[-83.64392,34.05021],[-83.6438,34.05033],[-83.6437,34.05043],[-83.6436,34.05055],[-83.64356,34.05058],[-83.64353,34.05059],[-83.64357,34.0507],[-83.64366,34.0508],[-83.64377,34.05085],[-83.64404,34.0509],[-83.64431,34.05088],[-83.64477,34.05088],[-83.64499,34.05088],[-83.64548,34.05081],[-83.64558,34.0508],[-83.64593,34.05068],[-83.64608,34.05059],[-83.64623,34.05047],[-83.64629,34.05041],[-83.64654,34.05014],[-83.64658,34.05006],[-83.6466,34.05001],[-83.64664,34.04998],[-83.64666,34.0499],[-83.64668,34.04984],[-83.64675,34.04964],[-83.64676,34.04959],[-83.64675,34.04941],[-83.64672,34.04913],[-83.64673,34.04905],[-83.64675,34.04876],[-83.64684,34.04778],[-83.64687,34.04737],[-83.64692,34.04718],[-83.64699,34.04688],[-83.64705,34.04675],[-83.64707,34.04671],[-83.64724,34.04651],[-83.64784,34.04599],[-83.64796,34.0459],[-83.6481,34.04586],[-83.64825,34.04584],[-83.64876,34.0459],[-83.64883,34.04594],[-83.64888,34.04596],[-83.64899,34.0461],[-83.64932,34.04631],[-83.64948,34.04635],[-83.64963,34.04639],[-83.64996,34.04639],[-83.65062,34.04626],[-83.65123,34.04633],[-83.65192,34.04647],[-83.65219,34.04649],[-83.65258,34.04658],[-83.65315,34.04684],[-83.65372,34.04705],[-83.65414,34.04718],[-83.6542,34.04719],[-83.65484,34.04733],[-83.65508,34.04748],[-83.65543,34.04786],[-83.6557,34.0482],[-83.65605,34.04884],[-83.6563,34.04945],[-83.65636,34.04957],[-83.65648,34.05004],[-83.6565,34.05033],[-83.65655,34.05096],[-83.65649,34.05232],[-83.65649,34.05259],[-83.65654,34.05279],[-83.65666,34.05305],[-83.65685,34.05325],[-83.65701,34.05333],[-83.65727,34.05338],[-83.65744,34.05338],[-83.65763,34.05338],[-83.65804,34.05329],[-83.65871,34.05295],[-83.65913,34.05269],[-83.66013,34.05237],[-83.66048,34.05234],[-83.66151,34.05238],[-83.66199,34.05245],[-83.66239,34.05247],[-83.66267,34.05247],[-83.66309,34.05238],[-83.66324,34.05227],[-83.66372,34.05195],[-83.66393,34.05172],[-83.66401,34.05157],[-83.66401,34.05137],[-83.6639,34.05115],[-83.66372,34.05088],[-83.66367,34.05067],[-83.66365,34.05043],[-83.66371,34.05023],[-83.66381,34.04991],[-83.66376,34.04975],[-83.66362,34.0496],[-83.66347,34.04948],[-83.66325,34.04934],[-83.66316,34.04921],[-83.66312,34.04906],[-83.66312,34.0489],[-83.66327,34.04878],[-83.66349,34.04871],[-83.66378,34.0487],[-83.66395,34.0487],[-83.66484,34.04881],[-83.6651,34.04877],[-83.66524,34.0487],[-83.66537,34.0486],[-83.66567,34.04823],[-83.66578,34.04816],[-83.66592,34.04811],[-83.66656,34.04804],[-83.66698,34.04804],[-83.66714,34.04804],[-83.66757,34.04801],[-83.66761,34.04798],[-83.66766,34.04798],[-83.66776,34.04798],[-83.66787,34.048],[-83.66795,34.04802],[-83.66824,34.04811],[-83.66841,34.04822],[-83.66851,34.04828],[-83.66861,34.04833],[-83.6687,34.04833],[-83.66912,34.04834],[-83.66931,34.04841],[-83.66945,34.04858],[-83.66965,34.04884],[-83.66971,34.04891],[-83.66985,34.04918],[-83.66995,34.04946],[-83.66996,34.04951],[-83.66997,34.04987],[-83.67003,34.04999],[-83.67019,34.05008],[-83.67058,34.0501],[-83.67084,34.05019],[-83.67104,34.05029],[-83.67123,34.05044],[-83.67138,34.05055],[-83.67168,34.05065],[-83.67149,34.05064],[-83.67158,34.05076],[-83.6716,34.05094],[-83.67168,34.05106],[-83.67179,34.05116],[-83.67207,34.05129],[-83.67217,34.05137],[-83.67224,34.05148],[-83.67229,34.05172],[-83.67221,34.05206],[-83.67221,34.05225],[-83.67229,34.05247],[-83.67245,34.05264],[-83.67259,34.05272],[-83.67295,34.05284],[-83.67315,34.05294],[-83.67345,34.05304],[-83.67352,34.05301],[-83.67355,34.05297],[-83.67357,34.05291],[-83.67359,34.0528],[-83.67361,34.05271],[-83.67363,34.05268],[-83.67371,34.05251],[-83.67381,34.05247],[-83.67394,34.05245],[-83.67423,34.0525],[-83.67435,34.05259],[-83.67438,34.05273],[-83.67448,34.05295],[-83.67451,34.053],[-83.67472,34.0533],[-83.67487,34.05339],[-83.67518,34.05357],[-83.67559,34.05375],[-83.67575,34.05378],[-83.67591,34.05376],[-83.67606,34.05369],[-83.67611,34.05365],[-83.67619,34.05359],[-83.67627,34.05349],[-83.67643,34.05326],[-83.67654,34.0531],[-83.67669,34.0529],[-83.67693,34.05249],[-83.67712,34.05243],[-83.67764,34.05245],[-83.67834,34.05254],[-83.67853,34.05253],[-83.67872,34.05247],[-83.67895,34.05232],[-83.67913,34.05214],[-83.67927,34.05198],[-83.67938,34.05187],[-83.6794,34.05185],[-83.67949,34.05173],[-83.6796,34.05156],[-83.67963,34.05144],[-83.67952,34.05126],[-83.67935,34.05104],[-83.67914,34.05075],[-83.67895,34.05048],[-83.67874,34.05017],[-83.67866,34.04968],[-83.67869,34.04931],[-83.67883,34.04889],[-83.67916,34.04804],[-83.67926,34.04765],[-83.67934,34.04752],[-83.67946,34.04741],[-83.67963,34.04735],[-83.6797,34.04736],[-83.67991,34.0473],[-83.68014,34.04732],[-83.68112,34.04749],[-83.68166,34.04754],[-83.68236,34.04744],[-83.68366,34.04729],[-83.68414,34.04718],[-83.68494,34.04694],[-83.6851,34.04692],[-83.68532,34.04696],[-83.68559,34.0471],[-83.6858,34.04725],[-83.6863,34.04778],[-83.68637,34.04788],[-83.6865,34.04806],[-83.68654,34.04817],[-83.68656,34.04818],[-83.68666,34.04847],[-83.6867,34.04886],[-83.68666,34.04913],[-83.68656,34.0494],[-83.6862,34.05005],[-83.68608,34.05016],[-83.68597,34.0503],[-83.68587,34.05053],[-83.68576,34.05103],[-83.6857,34.05242],[-83.68548,34.05286],[-83.68542,34.05311],[-83.68544,34.05329],[-83.68551,34.05344],[-83.68582,34.05359],[-83.68594,34.05363],[-83.68652,34.05376],[-83.68717,34.05379],[-83.68775,34.05376],[-83.68807,34.05367],[-83.68912,34.05319],[-83.68974,34.05285],[-83.68986,34.05272],[-83.68992,34.05258],[-83.68993,34.05232],[-83.69004,34.05212],[-83.69017,34.05203],[-83.69058,34.0518],[-83.69082,34.05173],[-83.69137,34.05162],[-83.69181,34.05162],[-83.69215,34.05169],[-83.69235,34.05179],[-83.69249,34.05182],[-83.69273,34.05195],[-83.69313,34.05222],[-83.69344,34.05251],[-83.69396,34.05292],[-83.69408,34.0531],[-83.6941,34.05322],[-83.69409,34.05334],[-83.69393,34.05392],[-83.69372,34.0545],[-83.69369,34.05473],[-83.69373,34.05491],[-83.69389,34.05524],[-83.6942,34.05589],[-83.69442,34.05617],[-83.69443,34.05618],[-83.69459,34.05626],[-83.69474,34.05626],[-83.69556,34.05628],[-83.69568,34.05624],[-83.6958,34.05617],[-83.69588,34.05608],[-83.69599,34.05579],[-83.69606,34.05543],[-83.69635,34.05428],[-83.69652,34.05373],[-83.6966,34.05363],[-83.69674,34.05353],[-83.69711,34.05342],[-83.69736,34.05328],[-83.69751,34.05314],[-83.69779,34.05278],[-83.69793,34.05267],[-83.69814,34.05261],[-83.69835,34.05262],[-83.69858,34.05271],[-83.69894,34.05296],[-83.69913,34.05319],[-83.69922,34.05345],[-83.69964,34.05412],[-83.69971,34.05407],[-83.69977,34.05402],[-83.69988,34.05399],[-83.70013,34.05399],[-83.7003,34.05406],[-83.70054,34.05432],[-83.70071,34.05438],[-83.7008,34.05437],[-83.70087,34.05432],[-83.70104,34.05393],[-83.70126,34.05363],[-83.70165,34.05328],[-83.70181,34.05314],[-83.70202,34.05291],[-83.70206,34.05275],[-83.70207,34.05258],[-83.70201,34.05233],[-83.70201,34.05216],[-83.70201,34.05209],[-83.70205,34.05175],[-83.70211,34.05148],[-83.70217,34.05129],[-83.70252,34.05068],[-83.7026,34.05043],[-83.70259,34.05013],[-83.70241,34.04949],[-83.70241,34.04901],[-83.70247,34.04871],[-83.70253,34.04861],[-83.70261,34.04852],[-83.70273,34.04845],[-83.70362,34.04779],[-83.70394,34.04739],[-83.70403,34.04719],[-83.70408,34.04673],[-83.70409,34.04665],[-83.7042,34.04645],[-83.7043,34.04636],[-83.70443,34.04629],[-83.70475,34.04621],[-83.70587,34.04614],[-83.70688,34.04617],[-83.70762,34.04616],[-83.70785,34.04613],[-83.70807,34.04607],[-83.70829,34.04597],[-83.70878,34.04547],[-83.709,34.0452],[-83.70907,34.04515],[-83.70918,34.04513],[-83.70938,34.04516],[-83.70958,34.04522],[-83.71056,34.04564],[-83.71138,34.04598],[-83.71164,34.04613],[-83.7118,34.04631],[-83.71191,34.04649],[-83.71213,34.04737],[-83.71224,34.04737],[-83.71226,34.0475],[-83.71245,34.04805],[-83.71269,34.04854],[-83.71308,34.04914],[-83.71324,34.04926],[-83.71359,34.04947],[-83.7141,34.04963],[-83.71426,34.04975],[-83.71436,34.04989],[-83.7144,34.05002],[-83.71439,34.05016],[-83.71437,34.05024],[-83.71427,34.05067],[-83.71412,34.05107],[-83.71397,34.05139],[-83.71378,34.0517],[-83.71362,34.05178],[-83.71336,34.05192],[-83.71313,34.05205],[-83.713,34.05217],[-83.71287,34.05233],[-83.71266,34.05274],[-83.71256,34.05295],[-83.71229,34.05402],[-83.71228,34.05423],[-83.71229,34.05443],[-83.71235,34.05464],[-83.71245,34.05483],[-83.71261,34.05512],[-83.71292,34.05568],[-83.71295,34.05585],[-83.71302,34.05603],[-83.71313,34.0562],[-83.71324,34.05628],[-83.71349,34.05638],[-83.7139,34.05638],[-83.71452,34.05632],[-83.71458,34.0563],[-83.71512,34.05619],[-83.7154,34.0561],[-83.71576,34.05595],[-83.71636,34.05558],[-83.71695,34.05518],[-83.71708,34.05507],[-83.71709,34.05505],[-83.71742,34.05475],[-83.71756,34.05461],[-83.71764,34.05441],[-83.7177,34.05407],[-83.71784,34.05385],[-83.71801,34.05373],[-83.7184,34.05354],[-83.71852,34.05351],[-83.71863,34.05351],[-83.71876,34.05355],[-83.71883,34.0536],[-83.71919,34.05398],[-83.71925,34.05413],[-83.71949,34.05428],[-83.71968,34.05444],[-83.71978,34.05458],[-83.71992,34.0549],[-83.72008,34.05498],[-83.72034,34.055],[-83.7205,34.05505],[-83.72064,34.05513],[-83.72073,34.05524],[-83.7208,34.0554],[-83.7208,34.0555],[-83.72072,34.05568],[-83.72058,34.05582],[-83.72045,34.05625],[-83.72038,34.05657],[-83.72042,34.05669],[-83.72051,34.05678],[-83.72083,34.05691],[-83.72093,34.057],[-83.72096,34.05711],[-83.72093,34.05778],[-83.72096,34.05789],[-83.72096,34.05801],[-83.72087,34.0582],[-83.7204,34.05861],[-83.72029,34.05881],[-83.72025,34.05895],[-83.72024,34.05911],[-83.72035,34.05957],[-83.72047,34.05991],[-83.72059,34.06012],[-83.72073,34.06017],[-83.72095,34.06012],[-83.7211,34.06014],[-83.72122,34.06023],[-83.72133,34.0604],[-83.72142,34.0608],[-83.72147,34.06124],[-83.72147,34.06169],[-83.72147,34.0623],[-83.72149,34.06238],[-83.72159,34.06263],[-83.72183,34.06284],[-83.72212,34.06303],[-83.72242,34.06318],[-83.72288,34.06336],[-83.72305,34.06343],[-83.72318,34.06345],[-83.72361,34.06345],[-83.72377,34.06342],[-83.72419,34.06321],[-83.72443,34.06303],[-83.72479,34.06284],[-83.72503,34.06268],[-83.72525,34.0625],[-83.72541,34.06231],[-83.72555,34.06219],[-83.72717,34.06133],[-83.72739,34.06115],[-83.72765,34.06086],[-83.7279,34.06072],[-83.72793,34.0607],[-83.72842,34.06054],[-83.72888,34.06042],[-83.7295,34.06033],[-83.73032,34.06015],[-83.73105,34.06009],[-83.7318,34.06012],[-83.73199,34.06016],[-83.73208,34.06018],[-83.73234,34.06028],[-83.73254,34.06045],[-83.73272,34.06065],[-83.73287,34.06091],[-83.73323,34.06179],[-83.73341,34.06214],[-83.73361,34.06249],[-83.73392,34.06291],[-83.7343,34.06351],[-83.73434,34.06364],[-83.73437,34.06386],[-83.73434,34.06406],[-83.73406,34.06496],[-83.73385,34.06564],[-83.73362,34.06613],[-83.73331,34.06666],[-83.73333,34.06692],[-83.73344,34.06715],[-83.7336,34.0673],[-83.73373,34.06734],[-83.73408,34.06736],[-83.73448,34.06732],[-83.73453,34.06731],[-83.73507,34.0672],[-83.73579,34.06711],[-83.73613,34.06703],[-83.73646,34.0669],[-83.73704,34.06647],[-83.73721,34.0664],[-83.73738,34.06636],[-83.73755,34.06636],[-83.73772,34.06639],[-83.73856,34.06667],[-83.73867,34.06676],[-83.73891,34.06697],[-83.73899,34.06707],[-83.7391,34.06719],[-83.73982,34.06829],[-83.74009,34.06908],[-83.74016,34.06921],[-83.74033,34.06938],[-83.74058,34.0695],[-83.74103,34.06954],[-83.7416,34.06953],[-83.74212,34.06945],[-83.74252,34.06933],[-83.74268,34.06925],[-83.7428,34.06919],[-83.7429,34.0691],[-83.74309,34.06893],[-83.74328,34.06864],[-83.74339,34.06834],[-83.74343,34.06803],[-83.74341,34.06773],[-83.74333,34.0674],[-83.74327,34.06725],[-83.74321,34.06712],[-83.74283,34.06665],[-83.74257,34.06639],[-83.74253,34.06636],[-83.7422,34.06608],[-83.7421,34.06591],[-83.74207,34.06578],[-83.74207,34.06562],[-83.74211,34.06548],[-83.7422,34.06535],[-83.74233,34.06524],[-83.74249,34.06517],[-83.74327,34.06507],[-83.74361,34.0651],[-83.74387,34.06519],[-83.74411,34.06528],[-83.74464,34.06532],[-83.74468,34.06532],[-83.74522,34.0653],[-83.74529,34.06529],[-83.74566,34.06523],[-83.74625,34.06513],[-83.74677,34.06499],[-83.74703,34.06494],[-83.74796,34.06496],[-83.74845,34.06492],[-83.75,34.06454],[-83.75004,34.06453],[-83.75138,34.0642],[-83.75158,34.06417],[-83.75178,34.06418],[-83.75201,34.06423],[-83.75275,34.06451],[-83.75392,34.06487],[-83.75458,34.06511],[-83.75492,34.06517],[-83.75582,34.06517],[-83.75659,34.06563],[-83.75698,34.06602],[-83.75791,34.06632],[-83.75924,34.06657],[-83.76084,34.06668],[-83.76174,34.06661],[-83.76283,34.06616],[-83.76318,34.06541],[-83.76326,34.06525],[-83.76331,34.06487],[-83.76384,34.06468],[-83.76452,34.06493],[-83.76488,34.06514],[-83.76513,34.06529],[-83.76524,34.06536],[-83.76528,34.06538],[-83.76544,34.06544],[-83.76548,34.06545],[-83.76753,34.06645],[-83.76765,34.06656],[-83.76784,34.06681],[-83.76856,34.0681],[-83.76857,34.06813],[-83.76892,34.06894],[-83.76904,34.06923],[-83.7691,34.0694],[-83.7691,34.06944],[-83.76911,34.06958],[-83.76914,34.06984],[-83.76921,34.07041],[-83.76932,34.07093],[-83.76952,34.07261],[-83.76958,34.07283],[-83.7697,34.07304],[-83.76988,34.07323],[-83.7701,34.07338],[-83.77039,34.07352],[-83.77067,34.07361],[-83.77094,34.07366],[-83.77161,34.07369],[-83.77204,34.07371],[-83.77213,34.0737],[-83.77216,34.0737],[-83.77249,34.07366],[-83.77299,34.07365],[-83.77321,34.07371],[-83.77328,34.07373],[-83.77344,34.07383],[-83.77384,34.07424],[-83.77514,34.0763],[-83.77555,34.07703],[-83.77591,34.07758],[-83.77635,34.07817],[-83.77649,34.07833],[-83.77653,34.07838],[-83.77718,34.0791],[-83.77755,34.07948],[-83.7776,34.07953],[-83.77764,34.07956],[-83.77776,34.07965],[-83.77798,34.07982],[-83.77835,34.08005],[-83.78012,34.08101],[-83.78124,34.08162],[-83.783,34.08236],[-83.78335,34.08254],[-83.78393,34.08284],[-83.78414,34.08295],[-83.7842,34.08298],[-83.78454,34.08316],[-83.78459,34.08319],[-83.78461,34.0832],[-83.78481,34.08329],[-83.78517,34.08346],[-83.78609,34.08389],[-83.78625,34.08397],[-83.78641,34.08406],[-83.78688,34.08435],[-83.78709,34.08453],[-83.78727,34.08458],[-83.78773,34.08495],[-83.78919,34.08602],[-83.78948,34.08618],[-83.79051,34.08663],[-83.79079,34.08688],[-83.79103,34.08719],[-83.79122,34.08751],[-83.79135,34.08784],[-83.79143,34.0883],[-83.79143,34.08855],[-83.7914,34.08881],[-83.79126,34.08919],[-83.79049,34.0913],[-83.79034,34.09205],[-83.79008,34.09252],[-83.79003,34.09268],[-83.78994,34.09309],[-83.78992,34.09315],[-83.78992,34.09319],[-83.78992,34.09327],[-83.78993,34.09353],[-83.78993,34.09358],[-83.78994,34.09373],[-83.79001,34.09406],[-83.79012,34.09439],[-83.79019,34.09456],[-83.79022,34.09467],[-83.79043,34.09529],[-83.7907,34.09619],[-83.79094,34.09681],[-83.79119,34.09813],[-83.79146,34.09879],[-83.79163,34.09921],[-83.79205,34.10004],[-83.79222,34.1003],[-83.79227,34.10035],[-83.79259,34.10059],[-83.79278,34.10069],[-83.7928,34.10073],[-83.79283,34.10078],[-83.79287,34.10084],[-83.79306,34.1009],[-83.79326,34.10096],[-83.79349,34.10112],[-83.79352,34.10114],[-83.79355,34.10116],[-83.79392,34.10133],[-83.79454,34.1016],[-83.79512,34.10177],[-83.79579,34.10201],[-83.79598,34.10207],[-83.79674,34.10226],[-83.79702,34.10231],[-83.79722,34.10235],[-83.79727,34.10236],[-83.79766,34.10242],[-83.79772,34.10242],[-83.79782,34.10243],[-83.79803,34.10244],[-83.79807,34.10244],[-83.79808,34.10244],[-83.79836,34.10248],[-83.79841,34.10248],[-83.79879,34.10255],[-83.79921,34.10263],[-83.79931,34.10265],[-83.79939,34.10268],[-83.79952,34.10272],[-83.79961,34.10276],[-83.7997,34.1028],[-83.79977,34.10282],[-83.7998,34.10283],[-83.79986,34.10285],[-83.80017,34.10305],[-83.80049,34.10334],[-83.80088,34.1037],[-83.80149,34.10427],[-83.80161,34.10437],[-83.80193,34.10464],[-83.802,34.1047],[-83.8021,34.10481],[-83.80218,34.10488],[-83.80225,34.10494],[-83.80233,34.10499],[-83.8024,34.10505],[-83.80312,34.10568],[-83.80372,34.1062],[-83.80395,34.10644],[-83.804,34.10655],[-83.80403,34.10662],[-83.80408,34.10667],[-83.80411,34.10669],[-83.80412,34.10671],[-83.80416,34.10675],[-83.80432,34.10686],[-83.8045,34.10692],[-83.80478,34.10702],[-83.80495,34.10711],[-83.80543,34.10742],[-83.80576,34.10769],[-83.8059,34.10794],[-83.80594,34.10821],[-83.80579,34.10912],[-83.80571,34.10911],[-83.80563,34.10939],[-83.80569,34.10961],[-83.80585,34.10982],[-83.80599,34.10992],[-83.80611,34.10996],[-83.80614,34.10998],[-83.80632,34.11],[-83.80648,34.10999],[-83.80656,34.10996],[-83.80671,34.1099],[-83.80704,34.10966],[-83.80724,34.10945],[-83.80735,34.10938],[-83.80741,34.10937],[-83.80747,34.10936],[-83.80757,34.10935],[-83.80778,34.1094],[-83.8082,34.1097],[-83.80921,34.11034],[-83.80937,34.11042],[-83.80942,34.11045],[-83.80958,34.11058],[-83.80977,34.11086],[-83.80989,34.11127],[-83.80992,34.11138],[-83.8101,34.11175],[-83.81039,34.11209],[-83.81077,34.11239],[-83.81127,34.11266],[-83.81176,34.11285],[-83.81196,34.11289],[-83.81311,34.11306],[-83.81365,34.11314],[-83.81477,34.11341],[-83.81494,34.11348],[-83.81507,34.11358],[-83.81517,34.1137],[-83.8152,34.11376],[-83.81521,34.11379],[-83.81524,34.11386],[-83.81526,34.11402],[-83.81524,34.11416],[-83.81515,34.11428],[-83.81502,34.11436],[-83.81439,34.11459],[-83.81385,34.11467],[-83.81344,34.11474],[-83.81247,34.11498],[-83.81111,34.11552],[-83.81096,34.11563],[-83.81085,34.11578],[-83.8108,34.11597],[-83.81083,34.11615],[-83.81094,34.11633],[-83.81102,34.11639],[-83.8111,34.11646],[-83.81143,34.11662],[-83.81175,34.11675],[-83.81208,34.11685],[-83.81256,34.11696],[-83.81273,34.11705],[-83.81288,34.11716],[-83.81299,34.11729],[-83.81307,34.11745],[-83.81315,34.11785],[-83.81314,34.11817],[-83.81307,34.11845],[-83.81284,34.11882],[-83.81236,34.1196],[-83.81213,34.12004],[-83.81212,34.12023],[-83.81215,34.12043],[-83.81218,34.12052],[-83.81222,34.12062],[-83.81232,34.12079],[-83.81253,34.12098],[-83.8126,34.12102],[-83.81274,34.12111],[-83.81278,34.12114],[-83.81303,34.12124],[-83.81339,34.12134],[-83.81381,34.12143],[-83.81423,34.12149],[-83.8145,34.12151],[-83.81521,34.1215],[-83.81525,34.12142],[-83.81526,34.12141],[-83.81555,34.12145],[-83.8158,34.12164],[-83.81646,34.12245],[-83.81653,34.12253],[-83.81644,34.12264],[-83.8165,34.12278],[-83.81659,34.12328],[-83.81656,34.12402],[-83.81645,34.12426],[-83.81634,34.12449],[-83.81627,34.12464],[-83.81579,34.12562],[-83.81576,34.12575],[-83.81572,34.12598],[-83.81573,34.12605],[-83.81575,34.12633],[-83.81583,34.1266],[-83.81584,34.12664],[-83.81586,34.12667],[-83.816,34.12688],[-83.81613,34.12701],[-83.8163,34.12716],[-83.81649,34.12726],[-83.81668,34.12737],[-83.81689,34.12743],[-83.81695,34.12743],[-83.81701,34.12741],[-83.81714,34.12745],[-83.8176,34.12751],[-83.81766,34.12748],[-83.81768,34.12749],[-83.81771,34.12744],[-83.81772,34.12741],[-83.81786,34.12706],[-83.81821,34.12622],[-83.81857,34.12536],[-83.81869,34.12506],[-83.81888,34.12461],[-83.8189,34.12456],[-83.81942,34.12329],[-83.81943,34.12327],[-83.81961,34.12283],[-83.81962,34.12281],[-83.81975,34.12249],[-83.81977,34.12243],[-83.81991,34.1221],[-83.82001,34.12186],[-83.82007,34.12171],[-83.82013,34.12155],[-83.82026,34.12124],[-83.82032,34.12111],[-83.82048,34.12072],[-83.82053,34.12059],[-83.82059,34.12044],[-83.82067,34.12025],[-83.82089,34.11972],[-83.82106,34.1193],[-83.8211,34.1192],[-83.82157,34.11806],[-83.82177,34.1176],[-83.82177,34.11758],[-83.82203,34.11695],[-83.82214,34.11669],[-83.82218,34.1166],[-83.8224,34.11605],[-83.82259,34.1156],[-83.82261,34.11555],[-83.82264,34.11548],[-83.82268,34.11538],[-83.82272,34.11528],[-83.82275,34.11522],[-83.82286,34.11495],[-83.82319,34.11414],[-83.8233,34.11387],[-83.82334,34.11378],[-83.8234,34.11363],[-83.82344,34.11353],[-83.82345,34.11351],[-83.82348,34.11343],[-83.82349,34.11341],[-83.82351,34.11335],[-83.82352,34.11334],[-83.82363,34.11307],[-83.82383,34.11257],[-83.82449,34.11099],[-83.82478,34.11029],[-83.82509,34.10953],[-83.82549,34.10858],[-83.82669,34.10573],[-83.82709,34.10478],[-83.8271,34.10476],[-83.82712,34.10471],[-83.82712,34.1047],[-83.82739,34.10404],[-83.82749,34.10381],[-83.82761,34.10352],[-83.8282,34.10208],[-83.82847,34.10143],[-83.82847,34.10141],[-83.8285,34.10134],[-83.82854,34.10125],[-83.82858,34.10115],[-83.82861,34.10108],[-83.82868,34.1009],[-83.82878,34.10066],[-83.8289,34.10038],[-83.82897,34.1002],[-83.82898,34.10018],[-83.829,34.10013],[-83.82905,34.1],[-83.82907,34.09996],[-83.82908,34.09995],[-83.82909,34.09991],[-83.8291,34.0999],[-83.8291,34.09988],[-83.82911,34.09987],[-83.82913,34.09983],[-83.82913,34.09981],[-83.82915,34.09978],[-83.82919,34.09968],[-83.8292,34.09964],[-83.82922,34.09959],[-83.82929,34.09944],[-83.82931,34.09939],[-83.82931,34.09937],[-83.82934,34.09931],[-83.82935,34.0993],[-83.82943,34.09909],[-83.82959,34.09869],[-83.82968,34.09847],[-83.82969,34.09845],[-83.82975,34.09831],[-83.82977,34.09827],[-83.82977,34.09825],[-83.82978,34.09823],[-83.82981,34.09816],[-83.82982,34.09813],[-83.82983,34.09812],[-83.82985,34.09807],[-83.82985,34.09805],[-83.82986,34.09804],[-83.82988,34.098],[-83.82988,34.09798],[-83.82989,34.09796],[-83.82992,34.0979],[-83.82993,34.09788],[-83.82994,34.09784],[-83.82999,34.09772],[-83.83001,34.09768],[-83.83001,34.09767],[-83.83003,34.09762],[-83.83004,34.09761],[-83.83005,34.09758],[-83.83008,34.0975],[-83.8301,34.09747],[-83.8301,34.09745],[-83.83013,34.09738],[-83.83014,34.09736],[-83.83015,34.09734],[-83.83017,34.09727],[-83.83018,34.09725],[-83.83021,34.0972],[-83.83022,34.09716],[-83.83027,34.09704],[-83.83029,34.09699],[-83.8303,34.09697],[-83.83032,34.09692],[-83.83032,34.09691],[-83.83045,34.0966],[-83.83071,34.09597],[-83.83083,34.09568],[-83.83096,34.09537],[-83.83097,34.09535],[-83.831,34.09529],[-83.831,34.09527],[-83.83106,34.09514],[-83.83111,34.09501],[-83.83122,34.09475],[-83.83125,34.09468],[-83.83128,34.09463],[-83.83139,34.09434],[-83.83151,34.09405],[-83.83168,34.09364],[-83.8317,34.09359],[-83.83175,34.09346],[-83.83187,34.09317],[-83.83191,34.09309],[-83.83201,34.09286],[-83.83205,34.09278],[-83.83209,34.09268],[-83.83221,34.09237],[-83.83225,34.09227],[-83.83238,34.09197],[-83.83271,34.09114],[-83.83273,34.09111],[-83.83275,34.09105],[-83.83287,34.09075],[-83.8329,34.09068],[-83.83298,34.09049],[-83.83301,34.09043],[-83.83304,34.09036],[-83.83312,34.09016],[-83.83314,34.09011],[-83.83315,34.0901],[-83.83321,34.08995],[-83.8334,34.08949],[-83.83346,34.08934],[-83.83417,34.08765],[-83.83581,34.08371],[-83.83628,34.08257],[-83.83699,34.08087],[-83.83705,34.08072],[-83.83724,34.08025],[-83.83792,34.07863],[-83.83798,34.07848],[-83.83801,34.07841],[-83.83827,34.07779],[-83.83839,34.07751],[-83.83859,34.07702],[-83.83902,34.07599],[-83.83954,34.0747],[-83.83986,34.07393],[-83.83993,34.07375],[-83.84014,34.07324],[-83.84021,34.07307],[-83.84042,34.07255],[-83.84105,34.07099],[-83.84109,34.0709],[-83.84127,34.07048],[-83.84137,34.07024],[-83.84168,34.06952],[-83.84178,34.06929],[-83.84204,34.06869],[-83.84219,34.06835],[-83.84253,34.06751],[-83.84278,34.06691],[-83.84301,34.06637],[-83.84303,34.06632],[-83.84335,34.06554],[-83.84336,34.06552],[-83.84349,34.0652],[-83.844,34.06397],[-83.84432,34.0632],[-83.84465,34.06242],[-83.84479,34.06206],[-83.84524,34.06099],[-83.84539,34.06063],[-83.84551,34.06034],[-83.84587,34.05946],[-83.84599,34.05917],[-83.84665,34.05758],[-83.8468,34.05722],[-83.84863,34.05281],[-83.84929,34.05122],[-83.84954,34.05062],[-83.84964,34.05037],[-83.85042,34.04846],[-83.85068,34.04783],[-83.851,34.04703],[-83.85102,34.04698],[-83.85116,34.04663],[-83.85151,34.04578],[-83.85159,34.04558],[-83.8516,34.04556],[-83.85161,34.04553],[-83.85174,34.04523],[-83.85175,34.0452],[-83.85177,34.04514],[-83.85178,34.04512],[-83.85181,34.04506],[-83.85188,34.04489],[-83.8519,34.04483],[-83.85193,34.04474],[-83.85204,34.04449],[-83.85208,34.0444],[-83.85211,34.04431],[-83.85221,34.04406],[-83.85225,34.04397],[-83.85259,34.04313],[-83.85361,34.04062],[-83.85365,34.04053],[-83.85396,34.03979],[-83.85406,34.03956],[-83.85428,34.03905],[-83.85432,34.03894],[-83.85435,34.03888],[-83.85445,34.03865],[-83.85473,34.038],[-83.85478,34.03786],[-83.8557,34.0355],[-83.85571,34.03548],[-83.85603,34.0347],[-83.85604,34.03467],[-83.85607,34.0346],[-83.85609,34.03457],[-83.8561,34.03454],[-83.85614,34.03443],[-83.85616,34.0344],[-83.85618,34.03434],[-83.85625,34.03417],[-83.85627,34.03411],[-83.85628,34.03409],[-83.8563,34.03405],[-83.85638,34.03385],[-83.85641,34.03379],[-83.85649,34.03359],[-83.85674,34.03297],[-83.85683,34.03277],[-83.85697,34.03242],[-83.85736,34.03146],[-83.8574,34.03138],[-83.85753,34.03107],[-83.85754,34.03103],[-83.85757,34.03096],[-83.85765,34.03076],[-83.85768,34.03069],[-83.85777,34.03048],[-83.85778,34.03045],[-83.85803,34.02987],[-83.85812,34.02966],[-83.85816,34.02957],[-83.85827,34.02931],[-83.8583,34.02924],[-83.85831,34.02922],[-83.85837,34.02906],[-83.85857,34.02859],[-83.85858,34.02856],[-83.85863,34.02843],[-83.85865,34.02841],[-83.85868,34.02833],[-83.85869,34.0283],[-83.85871,34.02826],[-83.85876,34.02813],[-83.85878,34.02809],[-83.8588,34.02805],[-83.85883,34.02796],[-83.85885,34.02791],[-83.85887,34.02787],[-83.85888,34.02786],[-83.85888,34.02784],[-83.85891,34.02777],[-83.85902,34.02752],[-83.85905,34.02743],[-83.85906,34.02742],[-83.85908,34.02737],[-83.85908,34.02736],[-83.8591,34.02732],[-83.8591,34.02731],[-83.85911,34.02729],[-83.85912,34.02727],[-83.85916,34.02715],[-83.85918,34.0271],[-83.85919,34.02708],[-83.8592,34.02705],[-83.85926,34.02692],[-83.85928,34.02687],[-83.8593,34.02683],[-83.85932,34.02677],[-83.85936,34.02669],[-83.85938,34.02665],[-83.8594,34.02659],[-83.85948,34.02639],[-83.85951,34.02632],[-83.85957,34.02618],[-83.85963,34.02604],[-83.85978,34.02568],[-83.85998,34.02519],[-83.86009,34.02493],[-83.8601,34.02491],[-83.86011,34.02487],[-83.86012,34.02484],[-83.86016,34.02475],[-83.86017,34.02472],[-83.86029,34.02445],[-83.86062,34.02363],[-83.86074,34.02336],[-83.86088,34.02302],[-83.86124,34.02215],[-83.8613,34.022],[-83.86144,34.02166],[-83.86156,34.02136],[-83.86163,34.02121],[-83.86172,34.02099],[-83.86193,34.02047],[-83.86206,34.02018],[-83.86217,34.01989],[-83.86253,34.01902],[-83.86265,34.01873],[-83.86279,34.01839],[-83.86321,34.01737],[-83.86323,34.01732],[-83.86335,34.01703],[-83.86366,34.01632],[-83.86457,34.01419],[-83.86487,34.01348],[-83.8649,34.01339],[-83.865,34.01312],[-83.86504,34.01303],[-83.86508,34.0129],[-83.86522,34.01252],[-83.86526,34.01239],[-83.86529,34.01232],[-83.86537,34.01209],[-83.86539,34.01205],[-83.8654,34.01202],[-83.86548,34.01182],[-83.86551,34.01175],[-83.86558,34.01156],[-83.86565,34.01136],[-83.86568,34.01119],[-83.86571,34.01101],[-83.86572,34.01097],[-83.86574,34.01091],[-83.86581,34.01072],[-83.86583,34.01067],[-83.86591,34.01049],[-83.86616,34.00998],[-83.86624,34.0098],[-83.86629,34.00968],[-83.86646,34.00933],[-83.86649,34.00928],[-83.86652,34.00921],[-83.86656,34.0091],[-83.8667,34.00879],[-83.86675,34.00869],[-83.86681,34.00856],[-83.86699,34.00815],[-83.86703,34.00806],[-83.86705,34.00802],[-83.8672,34.00771],[-83.86733,34.00749],[-83.86747,34.00714],[-83.86841,34.00565],[-83.86893,34.00479],[-83.86895,34.00476],[-83.869,34.00465],[-83.86902,34.00461],[-83.86903,34.00457],[-83.86912,34.00432],[-83.86906,34.00429],[-83.86896,34.00425],[-83.86889,34.00423],[-83.86883,34.00422],[-83.86868,34.00418],[-83.86853,34.00413],[-83.86846,34.00412],[-83.86838,34.00411],[-83.86828,34.00411],[-83.86814,34.00412],[-83.86797,34.00415],[-83.86783,34.00418],[-83.86776,34.0042],[-83.86754,34.00423],[-83.86731,34.00425],[-83.867,34.00426],[-83.86694,34.00425],[-83.86691,34.00424],[-83.86684,34.00422],[-83.86681,34.00422],[-83.8667,34.00416],[-83.8666,34.00408],[-83.86647,34.00393],[-83.86625,34.00363],[-83.86603,34.00335],[-83.86558,34.00285],[-83.86554,34.00281],[-83.8655,34.00278],[-83.86543,34.00271],[-83.86535,34.00265],[-83.86527,34.00259],[-83.86518,34.00254],[-83.86509,34.00249],[-83.865,34.00245],[-83.8649,34.0024],[-83.86486,34.00239],[-83.86471,34.00231],[-83.86453,34.00221],[-83.86436,34.0021],[-83.86428,34.00204],[-83.86393,34.00159],[-83.86366,34.00141],[-83.86358,34.00136],[-83.86355,34.00134],[-83.86352,34.00131],[-83.86349,34.00127],[-83.86341,34.00117],[-83.86337,34.0011],[-83.86334,34.00106],[-83.86329,34.00098],[-83.8631,34.00075],[-83.86299,34.00062],[-83.86286,34.00048],[-83.86274,34.00033],[-83.86263,34.00017],[-83.8626,34.00012],[-83.86259,34.0001],[-83.86255,34.00005],[-83.86254,34.00003],[-83.86253,34.00001],[-83.8625,33.99996],[-83.86249,33.99994],[-83.86243,33.99983],[-83.86242,33.9998],[-83.86237,33.9997],[-83.86235,33.99963],[-83.86223,33.99936],[-83.86223,33.99935],[-83.86216,33.99922],[-83.86217,33.9992],[-83.86216,33.99916],[-83.86216,33.99914],[-83.86215,33.99908],[-83.86204,33.9989],[-83.86199,33.99885],[-83.86192,33.99873],[-83.86178,33.99859],[-83.86175,33.99857],[-83.86155,33.99844],[-83.86135,33.99829],[-83.86127,33.99823],[-83.86119,33.99817],[-83.86112,33.9981],[-83.86106,33.99803],[-83.86101,33.99795],[-83.86096,33.99787],[-83.86094,33.99783],[-83.86092,33.99778],[-83.86084,33.99747],[-83.86083,33.99743],[-83.86081,33.99734],[-83.86078,33.99725],[-83.86073,33.99717],[-83.86068,33.9971],[-83.86061,33.99703],[-83.86016,33.99672],[-83.85992,33.99654],[-83.85984,33.99648],[-83.85982,33.99645],[-83.8598,33.99636],[-83.85975,33.99628],[-83.85967,33.99622],[-83.85958,33.99617],[-83.85954,33.99617],[-83.85943,33.99615],[-83.85942,33.99615],[-83.85933,33.99613],[-83.85923,33.99605],[-83.85918,33.99597],[-83.85905,33.99583],[-83.85898,33.99576],[-83.8589,33.9957],[-83.85882,33.99564],[-83.85873,33.99558],[-83.85871,33.99557],[-83.85856,33.99548],[-83.85847,33.99542],[-83.8583,33.99531],[-83.85821,33.99527],[-83.8581,33.99524],[-83.858,33.99523],[-83.85789,33.99522],[-83.85778,33.9952],[-83.85768,33.99517],[-83.85758,33.99514],[-83.85752,33.9951],[-83.85749,33.99509],[-83.85732,33.99498],[-83.85714,33.99492],[-83.85706,33.99484],[-83.85702,33.99476],[-83.85702,33.99469],[-83.85702,33.99467],[-83.857,33.99458],[-83.85694,33.99451],[-83.85686,33.99444],[-83.85677,33.99439],[-83.85669,33.99434],[-83.85661,33.99427],[-83.85654,33.99421],[-83.85647,33.99414],[-83.85641,33.99408],[-83.8564,33.99407],[-83.85635,33.9939],[-83.85635,33.99384],[-83.85624,33.9937],[-83.85617,33.99364],[-83.8561,33.99357],[-83.85604,33.99349],[-83.856,33.99341],[-83.85594,33.99334],[-83.85587,33.99326],[-83.8558,33.9932],[-83.85571,33.99315],[-83.85561,33.99311],[-83.85557,33.9931],[-83.85551,33.99309],[-83.8554,33.99307],[-83.85529,33.99306],[-83.85519,33.99304],[-83.85509,33.993],[-83.8549,33.99292],[-83.85488,33.99284],[-83.85487,33.99281],[-83.85485,33.99277],[-83.8548,33.99272],[-83.85472,33.99267],[-83.85468,33.99265],[-83.85458,33.99262],[-83.85452,33.9926],[-83.85447,33.99259],[-83.85444,33.99257],[-83.85438,33.99255],[-83.85431,33.99252],[-83.85425,33.99249],[-83.85417,33.99245],[-83.85413,33.99243],[-83.85403,33.99239],[-83.85395,33.99235],[-83.85386,33.99232],[-83.85377,33.9923],[-83.85371,33.99229],[-83.85364,33.99227],[-83.85358,33.99226],[-83.8535,33.99223],[-83.85345,33.99222],[-83.8534,33.99221],[-83.85332,33.99219],[-83.8533,33.99218],[-83.85325,33.99214],[-83.85318,33.9921],[-83.85311,33.99203],[-83.85308,33.99199],[-83.85303,33.99195],[-83.853,33.99193],[-83.85297,33.99191],[-83.85291,33.99187],[-83.85281,33.99183],[-83.85278,33.99182],[-83.85266,33.99182],[-83.85257,33.99179],[-83.85251,33.99178],[-83.85244,33.99175],[-83.85237,33.99174],[-83.85232,33.99173],[-83.85229,33.9917],[-83.85221,33.99167],[-83.85215,33.99165],[-83.85209,33.99161],[-83.85206,33.99161],[-83.85203,33.99161],[-83.85201,33.99162],[-83.85199,33.99162],[-83.85196,33.99162],[-83.85193,33.99161],[-83.85189,33.99159],[-83.85183,33.99157],[-83.85176,33.99156],[-83.85169,33.99156],[-83.85163,33.99155],[-83.8516,33.99154],[-83.85151,33.99152],[-83.85144,33.9915],[-83.8514,33.99149],[-83.85137,33.99149],[-83.85117,33.99148],[-83.85114,33.99147],[-83.85111,33.99145],[-83.85109,33.99141],[-83.85109,33.9914],[-83.85108,33.99139],[-83.85107,33.99138],[-83.85105,33.99138],[-83.85103,33.99138],[-83.85101,33.99138],[-83.85097,33.99139],[-83.85094,33.99139],[-83.85091,33.9914],[-83.85088,33.99141],[-83.85085,33.99142],[-83.85078,33.99142],[-83.85071,33.99141],[-83.85069,33.99143],[-83.85066,33.99143],[-83.85064,33.99144],[-83.85062,33.99145],[-83.85059,33.99145],[-83.85055,33.99144],[-83.85053,33.99144],[-83.85051,33.99143],[-83.85047,33.99143],[-83.85042,33.99142],[-83.85036,33.99139],[-83.85034,33.99139],[-83.85031,33.99136],[-83.85028,33.99134],[-83.85025,33.99131],[-83.85023,33.9913],[-83.85018,33.99127],[-83.85015,33.99125],[-83.85011,33.99123],[-83.85007,33.99121],[-83.85005,33.99119],[-83.85003,33.99118],[-83.85,33.99116],[-83.84997,33.99109],[-83.84995,33.99106],[-83.84993,33.99102],[-83.84991,33.99101],[-83.84988,33.991],[-83.84985,33.991],[-83.8498,33.99097],[-83.84976,33.99095],[-83.8497,33.99093],[-83.84968,33.99091],[-83.84966,33.99089],[-83.84966,33.99087],[-83.84963,33.99083],[-83.84962,33.9908],[-83.84961,33.99075],[-83.8496,33.99071],[-83.84957,33.99067],[-83.84956,33.99063],[-83.84955,33.99061],[-83.84954,33.99058],[-83.84953,33.99056],[-83.8495,33.99053],[-83.84947,33.99053],[-83.84944,33.99051],[-83.84941,33.99051],[-83.84936,33.99051],[-83.84934,33.99053],[-83.84933,33.99054],[-83.84932,33.99055],[-83.84931,33.99056],[-83.84929,33.99056],[-83.84928,33.99055],[-83.84926,33.99055],[-83.84926,33.99054],[-83.84924,33.99052],[-83.84922,33.9905],[-83.84921,33.99051],[-83.84919,33.99051],[-83.84917,33.99052],[-83.84915,33.99046],[-83.8491,33.99039],[-83.84908,33.99035],[-83.84904,33.99029],[-83.84902,33.99025],[-83.84898,33.9902],[-83.84894,33.99014],[-83.8489,33.99011],[-83.84885,33.99006],[-83.84882,33.99004],[-83.84877,33.98999],[-83.84873,33.98994],[-83.84866,33.98991],[-83.8486,33.98989],[-83.84854,33.98985],[-83.84848,33.98984],[-83.84846,33.98983],[-83.84842,33.98982],[-83.84833,33.98979],[-83.84826,33.98977],[-83.84822,33.98976],[-83.84817,33.98974],[-83.84815,33.98972],[-83.84811,33.98972],[-83.84807,33.98972],[-83.84804,33.98972],[-83.84803,33.98972],[-83.84799,33.98974],[-83.84797,33.98974],[-83.84797,33.98975],[-83.84796,33.98976],[-83.84794,33.98976],[-83.84792,33.98977],[-83.84791,33.98977],[-83.84787,33.98977],[-83.84785,33.98975],[-83.84783,33.98973],[-83.84781,33.98972],[-83.84779,33.9897],[-83.84774,33.98968],[-83.8477,33.98967],[-83.84765,33.98966],[-83.8476,33.98964],[-83.84757,33.98964],[-83.84753,33.98962],[-83.84749,33.9896],[-83.84745,33.98958],[-83.8474,33.98954],[-83.84735,33.98949],[-83.84732,33.98947],[-83.84729,33.98944],[-83.84727,33.98942],[-83.84725,33.98939],[-83.84724,33.98937],[-83.84723,33.98933],[-83.84721,33.98929],[-83.84719,33.98926],[-83.84715,33.98923],[-83.84711,33.98922],[-83.84706,33.98921],[-83.84703,33.9892],[-83.84697,33.98919],[-83.84692,33.98917],[-83.84681,33.98914],[-83.84674,33.98912],[-83.8467,33.98911],[-83.84666,33.98909],[-83.84659,33.98907],[-83.84653,33.98902],[-83.84648,33.98898],[-83.84642,33.98894],[-83.84637,33.9889],[-83.84635,33.98886],[-83.84634,33.98884],[-83.84628,33.9888],[-83.84623,33.98877],[-83.84619,33.98876],[-83.84614,33.98875],[-83.84611,33.98873],[-83.84605,33.98871],[-83.84599,33.98868],[-83.84594,33.98865],[-83.84588,33.98863],[-83.8458,33.98859],[-83.84573,33.98857],[-83.84567,33.98856],[-83.84558,33.98851],[-83.84554,33.98849],[-83.84539,33.98842],[-83.84528,33.98834],[-83.84517,33.98827],[-83.84504,33.98818],[-83.84494,33.9881],[-83.84488,33.98807],[-83.84483,33.98805],[-83.84478,33.98805],[-83.84474,33.98802],[-83.84468,33.98799],[-83.84464,33.98797],[-83.84452,33.98792],[-83.84446,33.98789],[-83.84441,33.98787],[-83.84434,33.98783],[-83.8443,33.98782],[-83.84424,33.9878],[-83.84414,33.98776],[-83.84408,33.98776],[-83.84401,33.98775],[-83.84394,33.98774],[-83.84385,33.98774],[-83.84376,33.98773],[-83.84373,33.98773],[-83.8437,33.98771],[-83.84365,33.9877],[-83.84361,33.98768],[-83.84358,33.98766],[-83.84354,33.98764],[-83.8435,33.98761],[-83.84346,33.98758],[-83.84342,33.98756],[-83.8434,33.98753],[-83.84338,33.9875],[-83.84337,33.98747],[-83.84336,33.98743],[-83.84336,33.98738],[-83.84337,33.98735],[-83.84338,33.98732],[-83.84338,33.98729],[-83.84339,33.98726],[-83.8434,33.98724],[-83.84341,33.9872],[-83.84342,33.98718],[-83.8434,33.98715],[-83.84339,33.98711],[-83.84338,33.98707],[-83.84335,33.98705],[-83.84333,33.98703],[-83.84331,33.98701],[-83.84329,33.987],[-83.84328,33.98697],[-83.84324,33.98693],[-83.84314,33.98677],[-83.84304,33.98666],[-83.84295,33.98655],[-83.84289,33.98649],[-83.84281,33.98644],[-83.84266,33.98638],[-83.84242,33.98616],[-83.84227,33.98594],[-83.84205,33.98577],[-83.84169,33.98558],[-83.84165,33.98558],[-83.84154,33.98556],[-83.84144,33.98554],[-83.84133,33.98551],[-83.84124,33.98546],[-83.84122,33.98545],[-83.84116,33.9854],[-83.84109,33.98533],[-83.84103,33.98526],[-83.84097,33.98518],[-83.84092,33.9851],[-83.84085,33.98503],[-83.84076,33.98498],[-83.84067,33.98494],[-83.84057,33.9849],[-83.84047,33.98487],[-83.84036,33.98485],[-83.84026,33.98485],[-83.84015,33.98482],[-83.84006,33.98478],[-83.84002,33.98476],[-83.83997,33.98473],[-83.83989,33.98467],[-83.83979,33.98463],[-83.83968,33.98462],[-83.8396,33.98454],[-83.83953,33.98445],[-83.83933,33.98442],[-83.83923,33.98444],[-83.83912,33.98442],[-83.83903,33.98439],[-83.83895,33.98433],[-83.83891,33.98427],[-83.83889,33.98425],[-83.83887,33.98416],[-83.83887,33.98407],[-83.83889,33.98398],[-83.83894,33.9839],[-83.83897,33.98382],[-83.83894,33.98373],[-83.83886,33.98368],[-83.83876,33.98365],[-83.83865,33.98365],[-83.83855,33.98368],[-83.83844,33.98368],[-83.83834,33.98367],[-83.83827,33.98361],[-83.83825,33.98352],[-83.8382,33.98343],[-83.8381,33.98328],[-83.83803,33.98317],[-83.83798,33.98312],[-83.83793,33.98304],[-83.83788,33.98296],[-83.8378,33.98279],[-83.83773,33.98266],[-83.83771,33.98263],[-83.83765,33.98255],[-83.83759,33.98248],[-83.83753,33.98241],[-83.83738,33.98227],[-83.83731,33.9822],[-83.83726,33.98213],[-83.83722,33.98206],[-83.83724,33.98195],[-83.83729,33.98187],[-83.83732,33.98178],[-83.83733,33.98169],[-83.83733,33.9816],[-83.83728,33.98143],[-83.83725,33.98134],[-83.83723,33.98125],[-83.83723,33.98116],[-83.83724,33.98107],[-83.83724,33.98098],[-83.83723,33.98089],[-83.83722,33.98086],[-83.8372,33.9808],[-83.83718,33.98074],[-83.83713,33.98066],[-83.83709,33.98057],[-83.837,33.98031],[-83.83696,33.98014],[-83.83689,33.97978],[-83.83685,33.97961],[-83.83679,33.97943],[-83.83672,33.97926],[-83.83663,33.9791],[-83.83653,33.97894],[-83.83614,33.9784],[-83.83608,33.97834],[-83.83582,33.97811],[-83.83576,33.97804],[-83.83573,33.97795],[-83.83571,33.97786],[-83.83571,33.97777],[-83.83571,33.97768],[-83.83571,33.9776],[-83.83571,33.97741],[-83.83569,33.97732],[-83.83565,33.97724],[-83.8356,33.97716],[-83.83554,33.97709],[-83.8354,33.97694],[-83.83522,33.97672],[-83.83511,33.97657],[-83.83509,33.97654],[-83.83501,33.97644],[-83.8349,33.97631],[-83.83485,33.97623],[-83.83481,33.97615],[-83.8348,33.97613],[-83.83477,33.97606],[-83.83477,33.97601],[-83.83477,33.97599],[-83.83477,33.97597],[-83.83478,33.97594],[-83.83479,33.97592],[-83.83481,33.97589],[-83.83485,33.97582],[-83.83487,33.97581],[-83.83489,33.97579],[-83.83497,33.97573],[-83.83511,33.97562],[-83.83517,33.97554],[-83.83518,33.97551],[-83.83521,33.97546],[-83.83521,33.97542],[-83.83522,33.9754],[-83.83522,33.97537],[-83.83522,33.97535],[-83.83522,33.97532],[-83.83523,33.97528],[-83.83522,33.97524],[-83.83522,33.97522],[-83.83521,33.97521],[-83.83521,33.97519],[-83.8352,33.97517],[-83.83518,33.97512],[-83.83518,33.9751],[-83.83509,33.97495],[-83.83507,33.9749],[-83.835,33.97477],[-83.83495,33.9747],[-83.83486,33.97459],[-83.83458,33.97425],[-83.83441,33.97398],[-83.83432,33.97385],[-83.83428,33.97376],[-83.83424,33.97368],[-83.83421,33.97359],[-83.83419,33.9735],[-83.83418,33.97341],[-83.83417,33.97332],[-83.83425,33.97323],[-83.83426,33.97321],[-83.83431,33.97307],[-83.83435,33.97289],[-83.83436,33.97279],[-83.83437,33.97271],[-83.83437,33.97265],[-83.83437,33.97262],[-83.83435,33.97253],[-83.83433,33.97247],[-83.83432,33.97245],[-83.83419,33.9722],[-83.83408,33.97195],[-83.83402,33.97178],[-83.83396,33.9716],[-83.83363,33.97085],[-83.83353,33.9707],[-83.83346,33.9706],[-83.83337,33.97051],[-83.83331,33.97043],[-83.83321,33.97031],[-83.83317,33.97023],[-83.83313,33.97015],[-83.8331,33.97004],[-83.83306,33.96985],[-83.83304,33.96961],[-83.83304,33.96943],[-83.83304,33.96937],[-83.83302,33.96928],[-83.83299,33.96921],[-83.83298,33.96919],[-83.83289,33.96905],[-83.83289,33.96903],[-83.83283,33.96896],[-83.83277,33.96888],[-83.83275,33.96879],[-83.83275,33.9687],[-83.83276,33.96861],[-83.83279,33.96852],[-83.83283,33.96844],[-83.83284,33.96834],[-83.83286,33.96825],[-83.83285,33.96822],[-83.83285,33.96807],[-83.83283,33.96789],[-83.83283,33.96785],[-83.83282,33.9678],[-83.83278,33.96774],[-83.83277,33.96772],[-83.83273,33.96766],[-83.83272,33.96765],[-83.8327,33.96761],[-83.83265,33.9675],[-83.83264,33.96747],[-83.83262,33.96744],[-83.83258,33.96734],[-83.83257,33.96731],[-83.83254,33.96727],[-83.83249,33.96716],[-83.83248,33.96714],[-83.83246,33.9671],[-83.83245,33.96708],[-83.83242,33.96705],[-83.83239,33.967],[-83.83232,33.96693],[-83.83231,33.96693],[-83.83227,33.96689],[-83.83225,33.96687],[-83.83219,33.96679],[-83.83214,33.96671],[-83.83213,33.96669],[-83.832,33.96637],[-83.83195,33.96629],[-83.83188,33.96622],[-83.83181,33.96615],[-83.83173,33.96609],[-83.83152,33.96594],[-83.8307,33.96579],[-83.83056,33.9658],[-83.83034,33.96581],[-83.83024,33.96581],[-83.83002,33.9658],[-83.82981,33.96577],[-83.82928,33.96569],[-83.82917,33.96568],[-83.82906,33.96568],[-83.82895,33.96567],[-83.82886,33.96562],[-83.82879,33.96555],[-83.82871,33.9655],[-83.82861,33.96546],[-83.82839,33.96544],[-83.82829,33.96542],[-83.82818,33.96541],[-83.82807,33.9654],[-83.82796,33.96541],[-83.82786,33.96541],[-83.82775,33.9654],[-83.82733,33.96533],[-83.82712,33.96529],[-83.8266,33.96514],[-83.8265,33.96513],[-83.82639,33.96512],[-83.82613,33.96517],[-83.82599,33.96517],[-83.82588,33.96517],[-83.82577,33.96515],[-83.82567,33.96512],[-83.82554,33.96503],[-83.825,33.96465],[-83.82491,33.96459],[-83.82482,33.96454],[-83.82473,33.9645],[-83.82463,33.96446],[-83.82442,33.9644],[-83.82434,33.96434],[-83.82428,33.96427],[-83.82423,33.96417],[-83.82421,33.96407],[-83.82415,33.96399],[-83.8241,33.96394],[-83.82408,33.96392],[-83.82404,33.96389],[-83.82395,33.96383],[-83.82367,33.96364],[-83.82364,33.96362],[-83.8236,33.96356],[-83.82358,33.96355],[-83.82354,33.96346],[-83.82352,33.96342],[-83.8235,33.96338],[-83.82347,33.96329],[-83.82339,33.96313],[-83.8233,33.96299],[-83.82328,33.96297],[-83.8232,33.96292],[-83.82316,33.96291],[-83.82309,33.96289],[-83.82307,33.96288],[-83.823,33.96285],[-83.8229,33.9628],[-83.82284,33.96276],[-83.82282,33.96275],[-83.82278,33.9627],[-83.82276,33.96267],[-83.82275,33.96265],[-83.82273,33.96259],[-83.82272,33.9625],[-83.82271,33.96248],[-83.82269,33.96243],[-83.82268,33.96242],[-83.82263,33.96235],[-83.82262,33.96234],[-83.82255,33.96228],[-83.82245,33.96223],[-83.8224,33.96222],[-83.82235,33.9622],[-83.82231,33.96219],[-83.82218,33.96214],[-83.82205,33.96209],[-83.82196,33.96205],[-83.82187,33.962],[-83.82179,33.96195],[-83.8217,33.96189],[-83.82167,33.96186],[-83.8216,33.9618],[-83.82155,33.96176],[-83.82151,33.96171],[-83.82138,33.96163],[-83.8213,33.96158],[-83.82122,33.96152],[-83.82115,33.96148],[-83.82096,33.96138],[-83.82095,33.96137],[-83.82086,33.96131],[-83.82084,33.9613],[-83.82079,33.96126],[-83.82077,33.96125],[-83.82075,33.96123],[-83.82063,33.96114],[-83.82049,33.961],[-83.82038,33.96088],[-83.82036,33.96086],[-83.82024,33.96071],[-83.82013,33.96055],[-83.82008,33.96048],[-83.82004,33.96032],[-83.81997,33.96014],[-83.8199,33.95998],[-83.81981,33.95981],[-83.8197,33.95965],[-83.81963,33.95956],[-83.81958,33.9595],[-83.81942,33.95937],[-83.81928,33.95928],[-83.81923,33.95926],[-83.81919,33.95924],[-83.8191,33.95919],[-83.81906,33.95917],[-83.81902,33.95915],[-83.819,33.95913],[-83.81894,33.95909],[-83.81892,33.95908],[-83.81887,33.95903],[-83.81885,33.95901],[-83.81882,33.95893],[-83.81882,33.95884],[-83.81882,33.95877],[-83.81881,33.95875],[-83.81879,33.95866],[-83.81876,33.95857],[-83.81872,33.95849],[-83.81868,33.95842],[-83.81847,33.95824],[-83.81767,33.95756],[-83.81759,33.95754],[-83.81748,33.95752],[-83.81737,33.95752],[-83.81726,33.95752],[-83.81716,33.95749],[-83.81707,33.95745],[-83.8168,33.95726],[-83.81663,33.95714],[-83.81654,33.95707],[-83.81646,33.95698],[-83.81637,33.95678],[-83.81629,33.95665],[-83.81587,33.95605],[-83.81566,33.95579],[-83.81556,33.95568],[-83.81542,33.95554],[-83.81521,33.95542],[-83.81502,33.95537],[-83.81487,33.95536],[-83.81478,33.95534],[-83.81469,33.95529],[-83.81457,33.9551],[-83.81449,33.955],[-83.81434,33.95491],[-83.81411,33.95479],[-83.81399,33.95474],[-83.81388,33.95466],[-83.81383,33.95462],[-83.81369,33.95449],[-83.8135,33.95423],[-83.81325,33.95369],[-83.813,33.95317],[-83.81299,33.95314],[-83.81293,33.95291],[-83.81292,33.95271],[-83.81287,33.95237],[-83.81287,33.95226],[-83.81293,33.95212],[-83.813,33.952],[-83.8131,33.95186],[-83.81317,33.95169],[-83.8132,33.9515],[-83.81319,33.95133],[-83.81315,33.95115],[-83.81309,33.95101],[-83.81294,33.9508],[-83.81286,33.95068],[-83.81283,33.95058],[-83.81283,33.95048],[-83.81291,33.95035],[-83.813,33.95018],[-83.81307,33.94998],[-83.81315,33.94986],[-83.81321,33.94978],[-83.81336,33.94964],[-83.81342,33.94957],[-83.81345,33.94948],[-83.81346,33.94939],[-83.81345,33.9493],[-83.81342,33.94921],[-83.81338,33.94913],[-83.81332,33.94905],[-83.8129,33.94864],[-83.81237,33.94804],[-83.8123,33.94795],[-83.81225,33.94788],[-83.81222,33.94781],[-83.81219,33.94775],[-83.81217,33.94771],[-83.81215,33.94762],[-83.81211,33.94754],[-83.81206,33.94745],[-83.81189,33.94733],[-83.81167,33.94718],[-83.81109,33.94677],[-83.81103,33.94675],[-83.81097,33.94672],[-83.81093,33.94671],[-83.81083,33.94668],[-83.81072,33.94666],[-83.8107,33.94666],[-83.81067,33.94665],[-83.81062,33.94664],[-83.8106,33.94664],[-83.81058,33.94664],[-83.81051,33.94664],[-83.81043,33.94664],[-83.8104,33.94664],[-83.81029,33.94665],[-83.81019,33.94666],[-83.81008,33.94669],[-83.81,33.9467],[-83.80998,33.9467],[-83.80987,33.94671],[-83.80985,33.94671],[-83.80981,33.94671],[-83.80976,33.9467],[-83.80969,33.94669],[-83.80965,33.94669],[-83.80955,33.94667],[-83.80934,33.94665],[-83.80923,33.94664],[-83.80912,33.94663],[-83.80902,33.9466],[-83.80892,33.94656],[-83.80883,33.94651],[-83.80875,33.94645],[-83.80869,33.94638],[-83.80864,33.9463],[-83.80862,33.94627],[-83.80861,33.94621],[-83.80855,33.94614],[-83.80849,33.94607],[-83.80831,33.94596],[-83.80822,33.94592],[-83.80814,33.94585],[-83.80809,33.94577],[-83.80808,33.94568],[-83.80815,33.94542],[-83.80819,33.94534],[-83.80821,33.94525],[-83.8082,33.94516],[-83.80818,33.94507],[-83.80815,33.94498],[-83.8081,33.94491],[-83.80803,33.94484],[-83.80794,33.94478],[-83.80785,33.94474],[-83.80776,33.94468],[-83.8077,33.94461],[-83.80766,33.94453],[-83.80762,33.94444],[-83.80759,33.94436],[-83.80755,33.94419],[-83.80753,33.94405],[-83.8075,33.94396],[-83.80747,33.94388],[-83.80743,33.94379],[-83.80739,33.94371],[-83.80734,33.94363],[-83.80727,33.94356],[-83.80719,33.94351],[-83.80709,33.94347],[-83.80708,33.94347],[-83.80698,33.94345],[-83.80688,33.94341],[-83.80679,33.94337],[-83.80671,33.94331],[-83.80665,33.94324],[-83.80656,33.94307],[-83.80654,33.94298],[-83.80649,33.94291],[-83.8064,33.94285],[-83.80629,33.94284],[-83.8062,33.94284],[-83.80602,33.94264],[-83.80593,33.94253],[-83.80547,33.94253],[-83.8053,33.94244],[-83.80507,33.94231],[-83.80504,33.94229],[-83.80496,33.94225],[-83.80493,33.94223],[-83.80492,33.9422],[-83.80488,33.94179],[-83.80482,33.94162],[-83.80466,33.94127],[-83.80463,33.94123],[-83.80446,33.94082],[-83.80445,33.94071],[-83.80451,33.94059],[-83.80473,33.94027],[-83.80483,33.94004],[-83.80489,33.93982],[-83.80496,33.93958],[-83.80501,33.93937],[-83.80508,33.93923],[-83.80543,33.93888],[-83.80556,33.93876],[-83.8056,33.93864],[-83.80569,33.93849],[-83.8057,33.93847],[-83.80573,33.93836],[-83.80574,33.93812],[-83.80571,33.93793],[-83.80573,33.93774],[-83.80581,33.93758],[-83.80589,33.93748],[-83.80589,33.93746],[-83.8059,33.93737],[-83.80583,33.93731],[-83.80574,33.93726],[-83.80563,33.93715],[-83.8055,33.93699],[-83.80536,33.93684],[-83.80516,33.93674],[-83.80496,33.93669],[-83.80476,33.93659],[-83.80446,33.93635],[-83.80431,33.93618],[-83.80419,33.93596],[-83.80405,33.9358],[-83.80402,33.93573],[-83.80393,33.93554],[-83.80391,33.93548],[-83.80389,33.93544],[-83.80384,33.9353],[-83.80383,33.93526],[-83.80374,33.93502],[-83.80372,33.93495],[-83.80339,33.93454],[-83.80337,33.93439],[-83.80336,33.93434],[-83.80332,33.93414],[-83.80332,33.9341],[-83.80332,33.93396],[-83.80331,33.93375],[-83.8033,33.9334],[-83.80329,33.93331],[-83.80329,33.93322],[-83.80324,33.93317],[-83.80317,33.93311],[-83.80308,33.93303],[-83.80304,33.933],[-83.80302,33.93299],[-83.80301,33.93297],[-83.80285,33.93265],[-83.80264,33.93222],[-83.80228,33.93182],[-83.80216,33.93177],[-83.80181,33.93162],[-83.8018,33.93159],[-83.80178,33.93156],[-83.80173,33.93157],[-83.8017,33.93157],[-83.80142,33.93153],[-83.80105,33.93177],[-83.80103,33.93177],[-83.80041,33.93173],[-83.80019,33.93146],[-83.79986,33.93092],[-83.79977,33.93075],[-83.79957,33.93038],[-83.79953,33.93031],[-83.79924,33.93013],[-83.7991,33.92984],[-83.79885,33.92929],[-83.79883,33.92916],[-83.79877,33.92883],[-83.79882,33.92871],[-83.79887,33.92857],[-83.799,33.92828],[-83.79908,33.9281],[-83.79896,33.92794],[-83.79877,33.92767],[-83.79833,33.92733],[-83.79792,33.92701],[-83.79783,33.92694],[-83.79774,33.92688],[-83.79748,33.92686],[-83.7974,33.92682],[-83.79703,33.92664],[-83.797,33.92662],[-83.79698,33.9266],[-83.79695,33.92656],[-83.79679,33.92635],[-83.79667,33.92616],[-83.79665,33.92613],[-83.79658,33.92599],[-83.79649,33.92582],[-83.79641,33.92581],[-83.79594,33.92575],[-83.79555,33.92558],[-83.79508,33.92538],[-83.7931,33.92402],[-83.79292,33.9239],[-83.79237,33.92338],[-83.7918,33.92284],[-83.79154,33.92267],[-83.79025,33.92177],[-83.78884,33.92076],[-83.78816,33.92027],[-83.78805,33.92019],[-83.78795,33.92012],[-83.78766,33.91993],[-83.78757,33.91988],[-83.78737,33.91974],[-83.78731,33.9197],[-83.78672,33.91943],[-83.78643,33.91918],[-83.78635,33.91912],[-83.78623,33.91884],[-83.78622,33.9188],[-83.78609,33.91867],[-83.78572,33.91829],[-83.78559,33.91817],[-83.78552,33.9181],[-83.78548,33.91799],[-83.78534,33.91768],[-83.78517,33.91745],[-83.78505,33.91728],[-83.78489,33.91711],[-83.78465,33.91705],[-83.78433,33.91697],[-83.78383,33.91687],[-83.78347,33.91657],[-83.78336,33.91649],[-83.78297,33.91621],[-83.78281,33.91617],[-83.78271,33.91614],[-83.78235,33.916],[-83.7822,33.91594],[-83.78216,33.91592],[-83.7821,33.9159],[-83.78206,33.91588],[-83.7818,33.91588],[-83.78165,33.91588],[-83.78161,33.91587],[-83.78157,33.91588],[-83.78147,33.91587],[-83.78133,33.91586],[-83.78126,33.91586],[-83.78104,33.91583],[-83.78094,33.91581],[-83.78051,33.91571],[-83.78024,33.91564],[-83.78018,33.91563],[-83.77981,33.91549],[-83.77963,33.91527],[-83.77947,33.91418],[-83.7789,33.91322],[-83.77862,33.91274],[-83.77855,33.91258],[-83.7785,33.9125],[-83.77834,33.91218],[-83.77825,33.91211],[-83.77811,33.912],[-83.77808,33.91198],[-83.77798,33.91194],[-83.77787,33.91191],[-83.77777,33.9119],[-83.77766,33.91189],[-83.77755,33.91189],[-83.77745,33.9119],[-83.77723,33.91191],[-83.77713,33.91188],[-83.77706,33.91181],[-83.77699,33.91174],[-83.77695,33.91165],[-83.77691,33.91156],[-83.77686,33.91143],[-83.77665,33.9109],[-83.77658,33.91084],[-83.77649,33.91079],[-83.77638,33.91079],[-83.77629,33.91082],[-83.77626,33.91095],[-83.77622,33.91103],[-83.77621,33.91106],[-83.77619,33.91112],[-83.77614,33.9112],[-83.77599,33.91144],[-83.77585,33.91168],[-83.77576,33.91185],[-83.77566,33.91201],[-83.7756,33.91208],[-83.7755,33.9122],[-83.77536,33.91243],[-83.77528,33.91249],[-83.77519,33.91254],[-83.7751,33.91259],[-83.77504,33.91262],[-83.77501,33.91263],[-83.77491,33.91267],[-83.77481,33.91271],[-83.77476,33.91271],[-83.77468,33.91273],[-83.77457,33.91274],[-83.7744,33.91273],[-83.77436,33.91272],[-83.77425,33.91271],[-83.77414,33.91269],[-83.77404,33.91266],[-83.77394,33.91263],[-83.77384,33.91259],[-83.77374,33.91255],[-83.77365,33.91251],[-83.77347,33.9124],[-83.77331,33.91229],[-83.77314,33.91217],[-83.77307,33.91211],[-83.773,33.91204],[-83.77293,33.91197],[-83.77288,33.91189],[-83.77282,33.9118],[-83.77273,33.91165],[-83.77259,33.9114],[-83.77247,33.91115],[-83.77238,33.91094],[-83.77233,33.9109],[-83.77209,33.91046],[-83.77185,33.91006],[-83.7716,33.90966],[-83.77123,33.90911],[-83.77117,33.90904],[-83.7711,33.90896],[-83.77103,33.9089],[-83.77095,33.90884],[-83.77077,33.90874],[-83.77051,33.90858],[-83.77035,33.90845],[-83.77027,33.90839],[-83.77011,33.90827],[-83.77002,33.90822],[-83.76993,33.90817],[-83.76984,33.90813],[-83.76974,33.90809],[-83.76963,33.90806],[-83.76942,33.90802],[-83.76921,33.908],[-83.76901,33.90799],[-83.76889,33.90799],[-83.76878,33.90798],[-83.76858,33.90801],[-83.76847,33.90805],[-83.76838,33.90809],[-83.76831,33.90816],[-83.7683,33.90818],[-83.76819,33.90836],[-83.76814,33.90844],[-83.76808,33.90852],[-83.768,33.90857],[-83.7679,33.90861],[-83.76769,33.90862],[-83.76758,33.90864],[-83.76748,33.90861],[-83.76745,33.90857],[-83.76741,33.90859],[-83.76732,33.90854],[-83.76714,33.90826],[-83.76708,33.90819],[-83.76701,33.90812],[-83.76685,33.908],[-83.76668,33.90789],[-83.7665,33.90779],[-83.76641,33.90774],[-83.76631,33.9077],[-83.76622,33.90766],[-83.76613,33.9076],[-83.76605,33.90754],[-83.76598,33.90747],[-83.7659,33.90742],[-83.76581,33.90736],[-83.76571,33.90732],[-83.76561,33.9073],[-83.76556,33.90731],[-83.7655,33.90731],[-83.7654,33.90733],[-83.7653,33.90737],[-83.7652,33.90741],[-83.76515,33.90744],[-83.76512,33.90744],[-83.76507,33.90748],[-83.76496,33.90749],[-83.76485,33.90747],[-83.76477,33.90741],[-83.76469,33.90735],[-83.76463,33.90728],[-83.76457,33.9072],[-83.76452,33.90712],[-83.76449,33.90703],[-83.76446,33.90695],[-83.76442,33.90668],[-83.76437,33.90641],[-83.7643,33.90615],[-83.76424,33.90597],[-83.76422,33.90589],[-83.7642,33.9058],[-83.76416,33.90571],[-83.7641,33.90564],[-83.76405,33.90556],[-83.76404,33.90547],[-83.76404,33.90538],[-83.76406,33.90529],[-83.76409,33.90521],[-83.76412,33.90512],[-83.76415,33.90503],[-83.76416,33.90494],[-83.76417,33.90485],[-83.76417,33.90476],[-83.76417,33.90467],[-83.76415,33.90458],[-83.76412,33.9045],[-83.76404,33.90433],[-83.76397,33.90416],[-83.76395,33.90407],[-83.76393,33.90398],[-83.76393,33.90389],[-83.76395,33.9038],[-83.76398,33.90372],[-83.764,33.90363],[-83.76401,33.90354],[-83.764,33.90345],[-83.76399,33.90336],[-83.76397,33.90327],[-83.76393,33.90319],[-83.76388,33.90311],[-83.76384,33.90302],[-83.7638,33.90294],[-83.76374,33.90276],[-83.76367,33.90259],[-83.76362,33.90251],[-83.76356,33.90244],[-83.76348,33.90238],[-83.7634,33.90232],[-83.76331,33.90227],[-83.76322,33.90222],[-83.76314,33.90216],[-83.76309,33.90208],[-83.76305,33.902],[-83.76303,33.90194],[-83.76302,33.90191],[-83.76301,33.90182],[-83.763,33.90173],[-83.763,33.90164],[-83.76301,33.90155],[-83.76309,33.90116],[-83.76312,33.90107],[-83.76315,33.90098],[-83.76316,33.90089],[-83.76317,33.9008],[-83.76316,33.90071],[-83.76316,33.90062],[-83.76319,33.90044],[-83.76321,33.90035],[-83.76324,33.90026],[-83.76329,33.90013],[-83.76338,33.90001],[-83.76341,33.89992],[-83.76341,33.89976],[-83.76341,33.89971],[-83.76325,33.8997],[-83.76312,33.89968],[-83.76307,33.8996],[-83.76309,33.89951],[-83.76316,33.89947],[-83.76359,33.89937],[-83.76389,33.8993],[-83.76399,33.89927],[-83.76417,33.89918],[-83.76432,33.89905],[-83.7644,33.89898],[-83.76448,33.8988],[-83.76451,33.89871],[-83.76455,33.89862],[-83.76457,33.89854],[-83.76456,33.89845],[-83.7645,33.89836],[-83.76441,33.8983],[-83.76431,33.89826],[-83.76423,33.8982],[-83.76414,33.89814],[-83.76408,33.89808],[-83.76402,33.898],[-83.76394,33.89794],[-83.76385,33.8979],[-83.76383,33.89781],[-83.76387,33.89773],[-83.76406,33.89765],[-83.76414,33.8976],[-83.7642,33.89753],[-83.7642,33.89742],[-83.76416,33.89734],[-83.76409,33.89728],[-83.76399,33.89723],[-83.76393,33.89716],[-83.76388,33.89708],[-83.76385,33.89699],[-83.76383,33.8969],[-83.76382,33.89681],[-83.76383,33.89675],[-83.76384,33.89668],[-83.76373,33.89665],[-83.76362,33.89664],[-83.76359,33.89666],[-83.76349,33.89669],[-83.76328,33.89672],[-83.76321,33.89671],[-83.76318,33.8967],[-83.76311,33.89662],[-83.76292,33.89655],[-83.76281,33.89652],[-83.76274,33.89645],[-83.76269,33.89637],[-83.76266,33.89629],[-83.76259,33.89612],[-83.76253,33.89604],[-83.76243,33.89601],[-83.76234,33.89596],[-83.76226,33.8959],[-83.76224,33.89583],[-83.76229,33.8958],[-83.76239,33.89577],[-83.76249,33.89575],[-83.76254,33.89567],[-83.76248,33.8956],[-83.76239,33.89554],[-83.7623,33.8955],[-83.7622,33.89546],[-83.76212,33.8954],[-83.76209,33.89532],[-83.76202,33.89525],[-83.76192,33.89522],[-83.76181,33.89519],[-83.76171,33.89519],[-83.7616,33.89518],[-83.76154,33.89516],[-83.76152,33.89515],[-83.76144,33.89514],[-83.76134,33.8951],[-83.76118,33.89498],[-83.76111,33.89491],[-83.76104,33.89484],[-83.76099,33.89476],[-83.76094,33.89468],[-83.76093,33.89463],[-83.76087,33.89457],[-83.76062,33.89501],[-83.76029,33.89585],[-83.75755,33.89717],[-83.75713,33.89743],[-83.75701,33.89753],[-83.75697,33.89756],[-83.75693,33.89759],[-83.75688,33.89761],[-83.75682,33.89761],[-83.75677,33.89761],[-83.75671,33.89761],[-83.75666,33.89759],[-83.75656,33.89755],[-83.75645,33.89752],[-83.7564,33.89751],[-83.75629,33.89749],[-83.75618,33.89748],[-83.7561,33.89748],[-83.75553,33.89759],[-83.75547,33.89761],[-83.75536,33.8977],[-83.75528,33.89775],[-83.75519,33.89781],[-83.75509,33.89784],[-83.75488,33.89787],[-83.75467,33.8979],[-83.75446,33.89794],[-83.75435,33.89796],[-83.75425,33.898],[-83.75416,33.89805],[-83.75407,33.89809],[-83.75397,33.89812],[-83.75376,33.89817],[-83.75368,33.89811],[-83.75363,33.89803],[-83.75358,33.89795],[-83.7536,33.89786],[-83.75358,33.89764],[-83.75348,33.89753],[-83.75303,33.89731],[-83.75282,33.89725],[-83.75279,33.89725],[-83.75244,33.89731],[-83.75237,33.89736],[-83.75227,33.89739],[-83.75207,33.89743],[-83.75196,33.89741],[-83.75187,33.89736],[-83.75174,33.89721],[-83.75169,33.89714],[-83.75159,33.89699],[-83.75149,33.89689],[-83.75137,33.89685],[-83.75116,33.89681],[-83.75095,33.89679],[-83.75084,33.89676],[-83.75074,33.89673],[-83.75056,33.89665],[-83.75049,33.89661],[-83.75045,33.8966],[-83.75039,33.89658],[-83.75029,33.89656],[-83.75018,33.89655],[-83.75007,33.89654],[-83.74998,33.89659],[-83.74989,33.89663],[-83.74978,33.8967],[-83.74977,33.89672],[-83.74963,33.8968],[-83.7495,33.89683],[-83.7494,33.89686],[-83.7493,33.89689],[-83.74919,33.89689],[-83.74917,33.8969],[-83.74908,33.89691],[-83.74899,33.89696],[-83.74889,33.89699],[-83.74878,33.89698],[-83.74869,33.89693],[-83.74858,33.89693],[-83.74847,33.89695],[-83.74839,33.897],[-83.74836,33.89709],[-83.74832,33.89717],[-83.74826,33.89725],[-83.74813,33.89739],[-83.74805,33.89745],[-83.74804,33.89746],[-83.74797,33.89751],[-83.74787,33.89756],[-83.74769,33.89765],[-83.74761,33.89766],[-83.7471,33.89798],[-83.74683,33.89814],[-83.7462,33.89849],[-83.74602,33.89859],[-83.74594,33.89864],[-83.74585,33.8987],[-83.74577,33.89876],[-83.7457,33.89883],[-83.74563,33.8989],[-83.74561,33.89898],[-83.74561,33.89907],[-83.74565,33.89916],[-83.74586,33.89936],[-83.74593,33.89943],[-83.74599,33.89951],[-83.74604,33.89959],[-83.74608,33.89967],[-83.74612,33.89975],[-83.74615,33.89984],[-83.74624,33.90028],[-83.74626,33.90037],[-83.74627,33.90055],[-83.74627,33.90064],[-83.74625,33.90073],[-83.74622,33.90082],[-83.74617,33.9009],[-83.74609,33.90096],[-83.74591,33.90106],[-83.74582,33.9011],[-83.74573,33.90115],[-83.74565,33.90121],[-83.74544,33.90142],[-83.7453,33.90156],[-83.74523,33.90162],[-83.74514,33.90168],[-83.74499,33.90179],[-83.74495,33.90179],[-83.74484,33.90179],[-83.74473,33.90177],[-83.74464,33.90173],[-83.74456,33.90166],[-83.74448,33.9016],[-83.7444,33.90155],[-83.74421,33.90145],[-83.74411,33.90142],[-83.74401,33.90141],[-83.7439,33.90141],[-83.74379,33.90142],[-83.7437,33.90146],[-83.74365,33.90154],[-83.74365,33.90163],[-83.7437,33.90171],[-83.7438,33.90176],[-83.74387,33.90182],[-83.74392,33.9019],[-83.74395,33.90199],[-83.74399,33.90207],[-83.74401,33.90216],[-83.74401,33.90225],[-83.74401,33.90234],[-83.74399,33.90243],[-83.74398,33.90246],[-83.74397,33.90263],[-83.744,33.90294],[-83.74404,33.90304],[-83.74405,33.90313],[-83.74406,33.90322],[-83.74404,33.90331],[-83.74405,33.90343],[-83.74403,33.90346],[-83.74402,33.90349],[-83.74405,33.90363],[-83.74407,33.90381],[-83.74408,33.90399],[-83.74408,33.90408],[-83.74407,33.90417],[-83.74406,33.90426],[-83.74407,33.90435],[-83.74408,33.90444],[-83.7441,33.90453],[-83.74416,33.90468],[-83.74425,33.9052],[-83.74428,33.90554],[-83.74424,33.90562],[-83.74416,33.90568],[-83.74407,33.90573],[-83.74397,33.90576],[-83.74387,33.90579],[-83.74366,33.90584],[-83.74356,33.90581],[-83.74347,33.90576],[-83.74343,33.90567],[-83.74341,33.90559],[-83.74342,33.9055],[-83.74341,33.90541],[-83.74338,33.90532],[-83.74333,33.90524],[-83.74326,33.90517],[-83.7432,33.9051],[-83.74315,33.90502],[-83.74312,33.90493],[-83.74311,33.90492],[-83.74271,33.90436],[-83.74114,33.90308],[-83.74105,33.90302],[-83.74098,33.90296],[-83.74092,33.90288],[-83.74085,33.90271],[-83.7408,33.90254],[-83.74079,33.90245],[-83.74078,33.90236],[-83.74079,33.90227],[-83.74081,33.90212],[-83.74082,33.9021],[-83.74084,33.90162],[-83.74087,33.90157],[-83.7409,33.90148],[-83.74092,33.9014],[-83.74094,33.90131],[-83.74094,33.90122],[-83.74095,33.90113],[-83.74094,33.90104],[-83.74091,33.90095],[-83.74088,33.90086],[-83.74083,33.90078],[-83.74078,33.9007],[-83.74072,33.90063],[-83.74065,33.90056],[-83.74058,33.9005],[-83.74041,33.90039],[-83.74017,33.90021],[-83.74002,33.90008],[-83.73985,33.89996],[-83.73968,33.89985],[-83.7395,33.89975],[-83.73945,33.89973],[-83.73932,33.89966],[-83.73913,33.89957],[-83.73904,33.89953],[-83.73894,33.8995],[-83.73884,33.89947],[-83.73874,33.89945],[-83.73865,33.89943],[-83.73853,33.89941],[-83.73842,33.89941],[-83.73832,33.89944],[-83.73823,33.89949],[-83.73819,33.89957],[-83.73815,33.89965],[-83.73814,33.89971],[-83.73815,33.89975],[-83.73815,33.89984],[-83.73813,33.89992],[-83.73808,33.9],[-83.73803,33.90008],[-83.73794,33.90013],[-83.73784,33.90016],[-83.73775,33.90018],[-83.73773,33.90018],[-83.73771,33.90018],[-83.7376,33.90017],[-83.7375,33.90015],[-83.73741,33.90011],[-83.73728,33.89996],[-83.73723,33.89988],[-83.73716,33.89981],[-83.73708,33.89976],[-83.73699,33.89972],[-83.73688,33.89969],[-83.73656,33.8997],[-83.73624,33.89972],[-83.73617,33.89974],[-83.73603,33.89976],[-83.73593,33.89978],[-83.73563,33.89978],[-83.73553,33.89976],[-83.7355,33.89976],[-83.7354,33.89977],[-83.73529,33.89975],[-83.73519,33.89972],[-83.73513,33.89967],[-83.73505,33.89965],[-83.73499,33.89964],[-83.73494,33.89958],[-83.73485,33.89953],[-83.73475,33.89949],[-83.73465,33.89949],[-83.73454,33.89948],[-83.73443,33.89946],[-83.73433,33.89943],[-83.73423,33.89939],[-83.73414,33.89935],[-83.73405,33.8993],[-83.73386,33.89921],[-83.73368,33.89912],[-83.73349,33.89903],[-83.73343,33.89901],[-83.73331,33.89897],[-83.73321,33.89895],[-83.7331,33.89895],[-83.73299,33.89896],[-83.73289,33.89898],[-83.73278,33.89901],[-83.73268,33.89904],[-83.7325,33.89913],[-83.73243,33.8992],[-83.73239,33.89928],[-83.7324,33.8995],[-83.73241,33.89959],[-83.73243,33.89968],[-83.73242,33.89977],[-83.73239,33.89986],[-83.73233,33.89993],[-83.73225,33.89999],[-83.73215,33.90002],[-83.73205,33.90005],[-83.73194,33.90008],[-83.73162,33.90013],[-83.73152,33.90015],[-83.73141,33.90016],[-83.7313,33.90016],[-83.73119,33.90014],[-83.73109,33.90014],[-83.73098,33.90014],[-83.73067,33.90021],[-83.73046,33.90026],[-83.73026,33.90033],[-83.73016,33.90036],[-83.73006,33.9004],[-83.72996,33.90043],[-83.72985,33.90045],[-83.72967,33.90054],[-83.72961,33.90055],[-83.72955,33.90058],[-83.72946,33.90063],[-83.72937,33.90067],[-83.72926,33.90067],[-83.72916,33.90064],[-83.72903,33.90051],[-83.72892,33.90036],[-83.7288,33.90021],[-83.7287,33.90005],[-83.72861,33.89989],[-83.72853,33.89973],[-83.72841,33.89948],[-83.72828,33.89924],[-83.72815,33.899],[-83.72806,33.89883],[-83.72801,33.89875],[-83.72796,33.89868],[-83.72789,33.89861],[-83.7278,33.89856],[-83.72768,33.8984],[-83.72759,33.89838],[-83.72756,33.89833],[-83.72748,33.89827],[-83.72739,33.89823],[-83.72729,33.8982],[-83.72719,33.89818],[-83.72708,33.89819],[-83.72698,33.89821],[-83.7269,33.89826],[-83.72684,33.89833],[-83.72683,33.89838],[-83.72685,33.89841],[-83.72688,33.89858],[-83.72685,33.89867],[-83.72678,33.89873],[-83.7267,33.89878],[-83.7266,33.89878],[-83.72649,33.89875],[-83.7264,33.89871],[-83.72635,33.89869],[-83.72632,33.89866],[-83.72622,33.89862],[-83.72612,33.89859],[-83.72602,33.89859],[-83.72592,33.89861],[-83.72582,33.89865],[-83.72577,33.89873],[-83.72577,33.8988],[-83.72573,33.89881],[-83.72568,33.89889],[-83.72564,33.89892],[-83.72556,33.89898],[-83.72549,33.89905],[-83.72533,33.89928],[-83.72528,33.89937],[-83.72526,33.89945],[-83.72524,33.89954],[-83.72526,33.8996],[-83.72529,33.89969],[-83.72525,33.89977],[-83.72516,33.89981],[-83.7251,33.89982],[-83.72507,33.89981],[-83.72496,33.89981],[-83.72486,33.89985],[-83.72478,33.89991],[-83.72472,33.89998],[-83.72467,33.90006],[-83.72464,33.90015],[-83.72463,33.90042],[-83.72463,33.90051],[-83.72466,33.90066],[-83.72466,33.90075],[-83.72464,33.90093],[-83.72458,33.90099],[-83.72447,33.90102],[-83.7244,33.90098],[-83.72436,33.90098],[-83.72433,33.90097],[-83.72426,33.9009],[-83.72419,33.90083],[-83.72406,33.90069],[-83.72391,33.90055],[-83.72384,33.90049],[-83.72366,33.90039],[-83.72348,33.90029],[-83.72331,33.90022],[-83.72319,33.90016],[-83.72309,33.90013],[-83.72301,33.90012],[-83.72299,33.90011],[-83.72266,33.90009],[-83.72255,33.90009],[-83.72237,33.90008],[-83.72234,33.90008],[-83.72212,33.90009],[-83.72191,33.90011],[-83.7218,33.90013],[-83.7216,33.90019],[-83.7214,33.90026],[-83.7213,33.90029],[-83.7212,33.90033],[-83.72111,33.90038],[-83.72102,33.90043],[-83.72085,33.90054],[-83.72069,33.90066],[-83.72067,33.90069],[-83.7206,33.90076],[-83.72052,33.90082],[-83.72044,33.90087],[-83.72035,33.90092],[-83.72015,33.90099],[-83.72005,33.90103],[-83.71994,33.90105],[-83.71985,33.9011],[-83.71978,33.90115],[-83.71977,33.90116],[-83.71968,33.90121],[-83.71958,33.90123],[-83.71947,33.90125],[-83.71937,33.90127],[-83.71915,33.90128],[-83.71887,33.90138],[-83.71881,33.9014],[-83.71879,33.90145],[-83.71873,33.90152],[-83.71866,33.90159],[-83.7184,33.90175],[-83.7183,33.90178],[-83.71819,33.90179],[-83.71808,33.90178],[-83.71798,33.90175],[-83.71789,33.90171],[-83.71781,33.90168],[-83.7178,33.90167],[-83.71771,33.90163],[-83.71761,33.90164],[-83.7175,33.90166],[-83.7174,33.9017],[-83.71731,33.90175],[-83.71723,33.9018],[-83.71715,33.90187],[-83.71701,33.90201],[-83.71686,33.90214],[-83.71678,33.90219],[-83.71675,33.90221],[-83.71669,33.90225],[-83.7166,33.90229],[-83.7163,33.90239],[-83.71616,33.90243],[-83.71609,33.90245],[-83.71589,33.90251],[-83.71568,33.90256],[-83.71559,33.90257],[-83.71558,33.90258],[-83.71547,33.90258],[-83.71536,33.90261],[-83.71527,33.90265],[-83.71519,33.90271],[-83.71511,33.90278],[-83.71505,33.90285],[-83.71499,33.90292],[-83.71493,33.903],[-83.71486,33.90306],[-83.71478,33.90312],[-83.7146,33.90323],[-83.71451,33.90328],[-83.71442,33.90332],[-83.7141,33.90345],[-83.71403,33.90348],[-83.71374,33.9036],[-83.71364,33.90364],[-83.71356,33.90368],[-83.71355,33.90368],[-83.71346,33.90375],[-83.71325,33.90395],[-83.71318,33.90399],[-83.71317,33.904],[-83.71308,33.90406],[-83.71299,33.9041],[-83.71288,33.90413],[-83.71268,33.9042],[-83.71239,33.90431],[-83.71227,33.90435],[-83.71209,33.90442],[-83.71208,33.90443],[-83.71194,33.90448],[-83.7118,33.90453],[-83.7117,33.90457],[-83.71155,33.90461],[-83.71141,33.90464],[-83.71107,33.90473],[-83.71006,33.90498],[-83.70972,33.90506],[-83.70969,33.90507],[-83.70961,33.90509],[-83.70959,33.90509],[-83.7093,33.90511],[-83.70862,33.90517],[-83.70845,33.90517],[-83.70817,33.90518],[-83.70783,33.90519],[-83.70731,33.90521],[-83.70683,33.90523],[-83.70677,33.90523],[-83.70649,33.90524],[-83.70596,33.90526],[-83.70584,33.90525],[-83.70553,33.90523],[-83.70521,33.90519],[-83.70499,33.90518],[-83.70489,33.90517],[-83.70435,33.90518],[-83.70413,33.90519],[-83.70392,33.90522],[-83.70389,33.90523],[-83.70361,33.9053],[-83.70325,33.90536],[-83.70293,33.90545],[-83.7029,33.90545],[-83.70229,33.90548],[-83.70203,33.90551],[-83.70195,33.90553],[-83.70181,33.90557],[-83.70169,33.90571],[-83.70137,33.90608],[-83.70115,33.90632],[-83.70087,33.90663],[-83.70028,33.90731],[-83.69957,33.90792],[-83.69943,33.90806],[-83.69885,33.9086],[-83.69884,33.90861],[-83.69851,33.90896],[-83.69827,33.90924],[-83.69817,33.9093],[-83.69811,33.90935],[-83.69805,33.90943],[-83.69783,33.90966],[-83.69759,33.9099],[-83.69754,33.90999],[-83.69748,33.91006],[-83.69742,33.91013],[-83.69734,33.91019],[-83.69716,33.9103],[-83.697,33.91042],[-83.69693,33.91048],[-83.69686,33.91056],[-83.69682,33.91064],[-83.69679,33.91073],[-83.69679,33.91082],[-83.69676,33.911],[-83.69672,33.91108],[-83.69669,33.91112],[-83.69667,33.91116],[-83.69659,33.91123],[-83.69646,33.9113],[-83.69638,33.91136],[-83.69629,33.91141],[-83.69619,33.91146],[-83.6961,33.9115],[-83.696,33.91153],[-83.69589,33.91155],[-83.69579,33.91157],[-83.69568,33.91158],[-83.69557,33.91159],[-83.69546,33.91158],[-83.69536,33.91157],[-83.69488,33.91155],[-83.69443,33.91153],[-83.69408,33.91152],[-83.69305,33.91148],[-83.69271,33.91146],[-83.69268,33.91146],[-83.6926,33.91146],[-83.69257,33.91146],[-83.69184,33.91143],[-83.69025,33.91137],[-83.68963,33.91135],[-83.68904,33.91133],[-83.6889,33.91132],[-83.68883,33.91132],[-83.68864,33.91131],[-83.68858,33.91131],[-83.68822,33.91129],[-83.68784,33.91125],[-83.68756,33.91115],[-83.68726,33.91109],[-83.68718,33.9111],[-83.68689,33.91115],[-83.68684,33.91117],[-83.68607,33.91152],[-83.68563,33.91172],[-83.68549,33.91179],[-83.68339,33.91279],[-83.6827,33.91329],[-83.68215,33.91375],[-83.68174,33.9141],[-83.68171,33.91412],[-83.68133,33.91437],[-83.68078,33.91468],[-83.68042,33.91485],[-83.68035,33.91489],[-83.68002,33.91502],[-83.6798,33.91514],[-83.67971,33.91519],[-83.67944,33.91534],[-83.67917,33.91564],[-83.67891,33.91591],[-83.67822,33.91648],[-83.67769,33.91692],[-83.67753,33.91706],[-83.67722,33.91726],[-83.67705,33.91734],[-83.67695,33.91737],[-83.67676,33.91745],[-83.67666,33.91749],[-83.67646,33.91757],[-83.67637,33.91761],[-83.67626,33.91763],[-83.67615,33.91763],[-83.67605,33.9176],[-83.67597,33.91754],[-83.67591,33.91747],[-83.67585,33.91739],[-83.67582,33.91731],[-83.67575,33.91724],[-83.67567,33.91718],[-83.67557,33.91714],[-83.67547,33.91712],[-83.67536,33.91712],[-83.67496,33.91716],[-83.67475,33.91721],[-83.67456,33.91722],[-83.67425,33.91717],[-83.67396,33.9171],[-83.6738,33.91704],[-83.67373,33.91702],[-83.67335,33.91691],[-83.67322,33.91687],[-83.67311,33.91685],[-83.673,33.91684],[-83.6729,33.91684],[-83.67275,33.91685],[-83.67268,33.91687],[-83.67258,33.9169],[-83.67248,33.91693],[-83.67237,33.91694],[-83.67227,33.91695],[-83.67216,33.91694],[-83.67206,33.9169],[-83.67195,33.91689],[-83.67184,33.9169],[-83.67174,33.91689],[-83.67164,33.91684],[-83.67155,33.91681],[-83.67125,33.91676],[-83.67103,33.9167],[-83.67083,33.91664],[-83.67065,33.91669],[-83.67048,33.91677],[-83.67042,33.9168],[-83.67,33.91692],[-83.66976,33.91695],[-83.66955,33.91695],[-83.66931,33.91692],[-83.66903,33.91686],[-83.66873,33.91676],[-83.66847,33.91662],[-83.66826,33.91642],[-83.66813,33.91624],[-83.66798,33.91608],[-83.66777,33.91596],[-83.66722,33.91592],[-83.66697,33.91588],[-83.66673,33.91589],[-83.66645,33.91592],[-83.66621,33.91592],[-83.666,33.91592],[-83.66579,33.9159],[-83.66556,33.91587],[-83.66533,33.91583],[-83.66516,33.91574],[-83.66504,33.91564],[-83.66498,33.91548],[-83.66494,33.91529],[-83.66495,33.91504],[-83.665,33.91481],[-83.66507,33.91466],[-83.66524,33.91437],[-83.66532,33.91426],[-83.66535,33.91409],[-83.66533,33.91393],[-83.66528,33.9138],[-83.6652,33.91364],[-83.6652,33.91357],[-83.66521,33.91337],[-83.66514,33.91317],[-83.66502,33.91284],[-83.66485,33.91254],[-83.66468,33.91236],[-83.66451,33.91228],[-83.66433,33.91227],[-83.66418,33.91225],[-83.66404,33.91217],[-83.66393,33.91206],[-83.66376,33.91197],[-83.66353,33.91189],[-83.66343,33.91188],[-83.66336,33.91185],[-83.66149,33.91228],[-83.66056,33.91232],[-83.66031,33.91222],[-83.65959,33.9109],[-83.65901,33.91027],[-83.65899,33.91025],[-83.65805,33.90929],[-83.65774,33.90856],[-83.65741,33.90833],[-83.65704,33.90825],[-83.65668,33.90831],[-83.65636,33.90881],[-83.65614,33.90905],[-83.65598,33.90916],[-83.65585,33.90919],[-83.65575,33.90921],[-83.65551,33.90919],[-83.65544,33.90916],[-83.65541,33.90907],[-83.65533,33.90883],[-83.65521,33.90869],[-83.65498,33.90854],[-83.65466,33.90839],[-83.65438,33.90834],[-83.65421,33.90831],[-83.65392,33.90826],[-83.65371,33.90819],[-83.65341,33.90816],[-83.65302,33.9081],[-83.65219,33.90786],[-83.65186,33.90779],[-83.65159,33.90778],[-83.65132,33.90774],[-83.65095,33.90773],[-83.65056,33.90774],[-83.64986,33.90781],[-83.64967,33.90784],[-83.64953,33.90791],[-83.64936,33.90796],[-83.64912,33.90797],[-83.64889,33.90795],[-83.64875,33.90789],[-83.64868,33.90777],[-83.64856,33.90763],[-83.64843,33.90753],[-83.64824,33.90741],[-83.64821,33.90729],[-83.64812,33.90709],[-83.64804,33.90692],[-83.64786,33.90678],[-83.64775,33.90664],[-83.64765,33.90648],[-83.64742,33.90631],[-83.64724,33.90621],[-83.64703,33.9062],[-83.64693,33.90626],[-83.64585,33.90685],[-83.64434,33.90769],[-83.64384,33.90797],[-83.63886,33.91068],[-83.63884,33.91069],[-83.63556,33.91248],[-83.63551,33.9125],[-83.6338,33.91344],[-83.62543,33.91799],[-83.62542,33.918],[-83.62481,33.91833],[-83.62472,33.91845],[-83.62394,33.91886],[-83.62138,33.92028],[-83.62132,33.92032],[-83.62027,33.9209],[-83.61297,33.92492]]]}},{"type":"Feature","properties":{"GEOID":"13111","BASENAME":"Fannin"},"geometry":{"type":"Polygon","coordinates":[[[-84.26106,34.98845],[-84.26219,34.98845],[-84.26287,34.98845],[-84.26355,34.98845],[-84.26424,34.98845],[-84.26465,34.98845],[-84.26492,34.98845],[-84.26548,34.98845],[-84.26628,34.98845],[-84.26697,34.98845],[-84.26765,34.98845],[-84.26833,34.98845],[-84.26879,34.98845],[-84.26936,34.98845],[-84.2697,34.98845],[-84.27072,34.98845],[-84.27175,34.98845],[-84.27277,34.98845],[-84.27345,34.98845],[-84.27383,34.98845],[-84.27414,34.98845],[-84.27482,34.98845],[-84.2755,34.98845],[-84.27619,34.98844],[-84.27687,34.98844],[-84.2779,34.98844],[-84.27858,34.98844],[-84.27926,34.98844],[-84.27995,34.98844],[-84.28063,34.98844],[-84.28165,34.98844],[-84.28233,34.98844],[-84.28268,34.98844],[-84.283,34.98844],[-84.28367,34.98844],[-84.28377,34.98844],[-84.28401,34.98844],[-84.28468,34.98844],[-84.28569,34.98843],[-84.28616,34.98843],[-84.28636,34.98843],[-84.28657,34.98843],[-84.28669,34.98843],[-84.28703,34.98843],[-84.2877,34.98843],[-84.28837,34.98843],[-84.28904,34.98843],[-84.28971,34.98843],[-84.29038,34.98843],[-84.29105,34.98843],[-84.29173,34.98843],[-84.2924,34.98843],[-84.29308,34.98843],[-84.29375,34.98843],[-84.29442,34.98843],[-84.2951,34.98843],[-84.29577,34.98843],[-84.29644,34.98843],[-84.29712,34.98843],[-84.29779,34.98843],[-84.29847,34.98843],[-84.29914,34.98843],[-84.29981,34.98843],[-84.30049,34.98843],[-84.30116,34.98843],[-84.30183,34.98843],[-84.30251,34.98843],[-84.30318,34.98843],[-84.30385,34.98843],[-84.30453,34.98843],[-84.30477,34.98843],[-84.30487,34.98843],[-84.30499,34.98843],[-84.30521,34.98843],[-84.30554,34.98843],[-84.30588,34.98843],[-84.30622,34.98843],[-84.30656,34.98843],[-84.3069,34.98843],[-84.30724,34.98843],[-84.30758,34.98843],[-84.30792,34.98843],[-84.30826,34.98843],[-84.3086,34.98843],[-84.30894,34.98843],[-84.30928,34.98842],[-84.30962,34.98842],[-84.30995,34.98842],[-84.31029,34.98842],[-84.31063,34.98842],[-84.31097,34.98842],[-84.31131,34.98842],[-84.31165,34.98842],[-84.31199,34.98842],[-84.31233,34.98842],[-84.31267,34.98842],[-84.31301,34.98842],[-84.31328,34.98842],[-84.31334,34.98842],[-84.31368,34.98842],[-84.31402,34.98842],[-84.31436,34.98842],[-84.31443,34.98842],[-84.3147,34.98842],[-84.31504,34.98842],[-84.31538,34.98842],[-84.31572,34.98842],[-84.31606,34.98842],[-84.3164,34.98842],[-84.31674,34.98842],[-84.31707,34.98841],[-84.31715,34.98841],[-84.31741,34.98841],[-84.31775,34.98841],[-84.31809,34.98841],[-84.31843,34.98841],[-84.31877,34.98841],[-84.31911,34.98841],[-84.31945,34.98841],[-84.31979,34.98841],[-84.32013,34.98841],[-84.32047,34.98841],[-84.3208,34.98841],[-84.32114,34.98841],[-84.32148,34.98841],[-84.32158,34.98841],[-84.32182,34.98841],[-84.32187,34.98841],[-84.32372,34.98841],[-84.3238,34.98841],[-84.32634,34.98841],[-84.32812,34.98841],[-84.32848,34.98841],[-84.32876,34.98841],[-84.33196,34.98839],[-84.33231,34.98839],[-84.33263,34.98838],[-84.33272,34.98838],[-84.33599,34.98836],[-84.33631,34.98836],[-84.33684,34.98836],[-84.33726,34.98836],[-84.33755,34.98835],[-84.33758,34.98835],[-84.33773,34.98835],[-84.33779,34.98835],[-84.33815,34.98835],[-84.33829,34.98835],[-84.33918,34.98834],[-84.34048,34.98834],[-84.34049,34.98834],[-84.34186,34.98833],[-84.34275,34.98832],[-84.34288,34.98832],[-84.3433,34.98832],[-84.34343,34.98832],[-84.3436,34.98832],[-84.3441,34.98832],[-84.34426,34.98832],[-84.3444,34.98831],[-84.34448,34.98831],[-84.34482,34.9883],[-84.34496,34.9883],[-84.34506,34.9883],[-84.34535,34.98828],[-84.34545,34.98827],[-84.3468,34.98826],[-84.34814,34.98825],[-84.35022,34.98824],[-84.35087,34.98823],[-84.35223,34.98822],[-84.3536,34.98823],[-84.35571,34.98824],[-84.35772,34.98826],[-84.3591,34.98827],[-84.35915,34.98827],[-84.35931,34.98827],[-84.35936,34.98827],[-84.36036,34.98828],[-84.36069,34.98828],[-84.36113,34.98828],[-84.36114,34.98828],[-84.36127,34.98828],[-84.36165,34.98828],[-84.36318,34.98827],[-84.36369,34.98827],[-84.36373,34.98826],[-84.36386,34.98827],[-84.3639,34.98827],[-84.36423,34.98827],[-84.36609,34.98826],[-84.36707,34.98826],[-84.36716,34.98826],[-84.36735,34.98826],[-84.36836,34.98826],[-84.36877,34.98826],[-84.36886,34.98826],[-84.36906,34.98826],[-84.36924,34.98825],[-84.37016,34.98825],[-84.37077,34.98824],[-84.37108,34.98824],[-84.37165,34.98821],[-84.37194,34.98821],[-84.37224,34.98821],[-84.37303,34.98821],[-84.37359,34.98819],[-84.37364,34.98818],[-84.37491,34.98798],[-84.37738,34.98799],[-84.37913,34.98799],[-84.38126,34.988],[-84.38133,34.988],[-84.38265,34.988],[-84.38269,34.988],[-84.38279,34.988],[-84.38289,34.988],[-84.38301,34.988],[-84.38313,34.988],[-84.38358,34.988],[-84.38374,34.988],[-84.38381,34.988],[-84.38443,34.988],[-84.38606,34.98801],[-84.38684,34.98801],[-84.3874,34.98801],[-84.38792,34.98801],[-84.38916,34.98802],[-84.38985,34.98802],[-84.38994,34.98802],[-84.3907,34.98803],[-84.39076,34.98803],[-84.39092,34.98803],[-84.39202,34.98804],[-84.39382,34.98807],[-84.3949,34.98803],[-84.39603,34.98803],[-84.39695,34.98803],[-84.39843,34.98803],[-84.39867,34.98803],[-84.40134,34.98804],[-84.40139,34.98804],[-84.40142,34.98804],[-84.40195,34.98804],[-84.40363,34.98804],[-84.40375,34.98804],[-84.40857,34.98805],[-84.41383,34.98806],[-84.41405,34.98806],[-84.41558,34.98806],[-84.41983,34.98807],[-84.42592,34.98808],[-84.42598,34.98808],[-84.43039,34.98808],[-84.43087,34.98808],[-84.43091,34.98808],[-84.43311,34.98809],[-84.43345,34.98809],[-84.43486,34.98809],[-84.43846,34.9881],[-84.43861,34.9881],[-84.43918,34.9881],[-84.44472,34.98811],[-84.44483,34.9881],[-84.44519,34.98811],[-84.4533,34.98812],[-84.45475,34.98812],[-84.45491,34.98812],[-84.45525,34.98812],[-84.45737,34.98809],[-84.45801,34.98809],[-84.4626,34.98811],[-84.46344,34.98811],[-84.466,34.98811],[-84.46622,34.98811],[-84.46651,34.98812],[-84.46668,34.98812],[-84.48734,34.98818],[-84.48786,34.98818],[-84.4883,34.98818],[-84.48839,34.98817],[-84.49704,34.98811],[-84.49993,34.98805],[-84.50021,34.98804],[-84.50319,34.98802],[-84.50333,34.98802],[-84.50417,34.98802],[-84.5071,34.98803],[-84.50808,34.98803],[-84.50844,34.98803],[-84.50953,34.98801],[-84.50989,34.98801],[-84.51106,34.98802],[-84.51458,34.98806],[-84.51576,34.98807],[-84.51638,34.98808],[-84.51824,34.98808],[-84.51886,34.98808],[-84.52138,34.98809],[-84.52895,34.98812],[-84.53147,34.98813],[-84.53635,34.98814],[-84.54148,34.98816],[-84.54969,34.98819],[-84.55099,34.98819],[-84.55517,34.98821],[-84.55587,34.98822],[-84.55634,34.98822],[-84.55776,34.98825],[-84.55824,34.98825],[-84.55842,34.98826],[-84.56024,34.98827],[-84.56624,34.98829],[-84.56798,34.9883],[-84.56824,34.9883],[-84.56835,34.9883],[-84.56846,34.9883],[-84.56911,34.9883],[-84.56932,34.9883],[-84.56944,34.9883],[-84.56977,34.9883],[-84.56988,34.9883],[-84.57016,34.98829],[-84.571,34.98827],[-84.57128,34.98827],[-84.57162,34.98827],[-84.57264,34.98827],[-84.57298,34.98827],[-84.5755,34.98828],[-84.58087,34.9883],[-84.58305,34.98831],[-84.58557,34.98832],[-84.5869,34.98832],[-84.58721,34.98832],[-84.59193,34.98832],[-84.59211,34.98832],[-84.59375,34.98832],[-84.59408,34.98831],[-84.5951,34.9883],[-84.59544,34.98829],[-84.59562,34.98829],[-84.59618,34.98829],[-84.59636,34.9883],[-84.59652,34.98829],[-84.59701,34.98827],[-84.59717,34.98827],[-84.59742,34.98827],[-84.59817,34.98827],[-84.59842,34.98827],[-84.59888,34.98828],[-84.60025,34.9883],[-84.60071,34.9883],[-84.60129,34.9883],[-84.60136,34.9883],[-84.60306,34.98831],[-84.60365,34.98831],[-84.60389,34.98831],[-84.60461,34.98832],[-84.60484,34.98832],[-84.60603,34.98832],[-84.60817,34.98832],[-84.61724,34.98833],[-84.61816,34.98833],[-84.62148,34.98833],[-84.62149,34.98737],[-84.62152,34.98452],[-84.62153,34.9837],[-84.62153,34.98356],[-84.62171,34.96775],[-84.62171,34.96741],[-84.62173,34.96576],[-84.62177,34.96156],[-84.62179,34.95978],[-84.62181,34.95779],[-84.62184,34.95552],[-84.62188,34.95113],[-84.62189,34.95104],[-84.62196,34.9445],[-84.62205,34.93607],[-84.62207,34.93495],[-84.62216,34.92572],[-84.62231,34.91162],[-84.62231,34.91148],[-84.62232,34.91048],[-84.62241,34.90247],[-84.62241,34.90236],[-84.62242,34.90203],[-84.62242,34.90192],[-84.62242,34.90185],[-84.62245,34.89911],[-84.62246,34.89832],[-84.62253,34.89101],[-84.62254,34.89095],[-84.62262,34.88423],[-84.62273,34.87508],[-84.62274,34.86391],[-84.62275,34.86198],[-84.62275,34.85909],[-84.62275,34.85713],[-84.62274,34.85712],[-84.62271,34.85711],[-84.6227,34.8571],[-84.62252,34.85697],[-84.62197,34.85656],[-84.62189,34.8565],[-84.62179,34.85642],[-84.62154,34.85623],[-84.62083,34.85563],[-84.62059,34.85543],[-84.62024,34.85543],[-84.6192,34.85545],[-84.61885,34.85545],[-84.61881,34.85544],[-84.61868,34.85541],[-84.61864,34.8554],[-84.61755,34.85548],[-84.61754,34.85548],[-84.61572,34.85547],[-84.59931,34.85542],[-84.59919,34.85542],[-84.58725,34.85538],[-84.58707,34.85539],[-84.58672,34.8554],[-84.58129,34.85554],[-84.58065,34.85556],[-84.58046,34.85556],[-84.57757,34.85555],[-84.5775,34.85555],[-84.56559,34.8555],[-84.56545,34.8555],[-84.56473,34.85549],[-84.56215,34.85546],[-84.56132,34.85545],[-84.56129,34.85545],[-84.5566,34.85542],[-84.55516,34.85541],[-84.55037,34.85539],[-84.54253,34.85534],[-84.54106,34.85533],[-84.53817,34.85531],[-84.53784,34.85531],[-84.53352,34.85528],[-84.53003,34.85526],[-84.52054,34.85521],[-84.51627,34.85518],[-84.51622,34.85517],[-84.51614,34.85516],[-84.51592,34.85512],[-84.51589,34.85512],[-84.51585,34.85512],[-84.51266,34.85511],[-84.50311,34.85509],[-84.49993,34.85509],[-84.49959,34.85505],[-84.49857,34.85495],[-84.49822,34.85491],[-84.4969,34.85492],[-84.49295,34.85494],[-84.49163,34.85494],[-84.47069,34.85503],[-84.44548,34.85502],[-84.43951,34.85502],[-84.43942,34.85504],[-84.43933,34.85506],[-84.43906,34.85514],[-84.43404,34.8551],[-84.43356,34.85509],[-84.4335,34.85509],[-84.43307,34.85507],[-84.4316,34.85503],[-84.43112,34.85502],[-84.43092,34.85501],[-84.43071,34.85501],[-84.42972,34.85503],[-84.42948,34.85503],[-84.42909,34.85504],[-84.42907,34.85503],[-84.42875,34.85502],[-84.42862,34.85502],[-84.42779,34.85499],[-84.42747,34.85498],[-84.42709,34.85496],[-84.42632,34.85493],[-84.42347,34.85482],[-84.42284,34.8548],[-84.42275,34.85479],[-84.42261,34.85712],[-84.42259,34.85746],[-84.42216,34.85712],[-84.42207,34.85703],[-84.42203,34.85694],[-84.42203,34.85683],[-84.42207,34.85666],[-84.42207,34.85654],[-84.42206,34.85647],[-84.42203,34.85639],[-84.42191,34.85624],[-84.4217,34.85599],[-84.42153,34.85583],[-84.4215,34.85578],[-84.42148,34.85571],[-84.42147,34.85567],[-84.42146,34.8556],[-84.42147,34.85538],[-84.42145,34.85509],[-84.42143,34.85501],[-84.42139,34.85495],[-84.42131,34.85487],[-84.42121,34.85483],[-84.42117,34.85482],[-84.42106,34.85479],[-84.42105,34.85479],[-84.42068,34.85476],[-84.4206,34.85475],[-84.42059,34.85475],[-84.42056,34.85475],[-84.42049,34.85474],[-84.42048,34.85474],[-84.42036,34.85471],[-84.4203,34.85469],[-84.42024,34.85467],[-84.42015,34.8545],[-84.4201,34.85447],[-84.42007,34.85445],[-84.41999,34.85445],[-84.41989,34.85447],[-84.4198,34.8545],[-84.41974,34.8545],[-84.41968,34.85442],[-84.41965,34.8543],[-84.41964,34.85417],[-84.41964,34.8541],[-84.41964,34.85393],[-84.41957,34.85376],[-84.41936,34.85326],[-84.41929,34.85309],[-84.41917,34.85287],[-84.41879,34.85219],[-84.41867,34.85197],[-84.41842,34.85154],[-84.41767,34.85025],[-84.41742,34.84982],[-84.41733,34.84982],[-84.41717,34.84983],[-84.41709,34.84991],[-84.41695,34.85003],[-84.41688,34.85007],[-84.41678,34.85011],[-84.41676,34.85011],[-84.41668,34.85014],[-84.41661,34.85014],[-84.41655,34.85015],[-84.41648,34.85015],[-84.41635,34.85017],[-84.41628,34.85017],[-84.41615,34.85017],[-84.41589,34.85014],[-84.41562,34.8501],[-84.41544,34.85007],[-84.41525,34.85004],[-84.41496,34.84995],[-84.41462,34.84983],[-84.41446,34.84979],[-84.41438,34.84977],[-84.41431,34.84976],[-84.41331,34.8493],[-84.41268,34.84922],[-84.41218,34.84917],[-84.41202,34.849],[-84.41186,34.84875],[-84.41168,34.84817],[-84.40582,34.84546],[-84.4034,34.84434],[-84.40151,34.8435],[-84.39887,34.84224],[-84.39852,34.84206],[-84.39812,34.84197],[-84.39802,34.84186],[-84.39752,34.84132],[-84.39734,34.84118],[-84.39717,34.84103],[-84.39709,34.84107],[-84.3969,34.84117],[-84.3966,34.84132],[-84.39649,34.84138],[-84.39625,34.84151],[-84.39616,34.84157],[-84.39613,34.84159],[-84.39596,34.84172],[-84.39592,34.84175],[-84.39578,34.84187],[-84.39575,34.84191],[-84.39527,34.84182],[-84.39494,34.84175],[-84.39495,34.84134],[-84.39496,34.84113],[-84.39498,34.84045],[-84.39521,34.83999],[-84.39537,34.83966],[-84.3957,34.83925],[-84.3935,34.8381],[-84.39326,34.83775],[-84.39218,34.83621],[-84.39156,34.83533],[-84.39087,34.83434],[-84.39084,34.83453],[-84.39053,34.83493],[-84.38973,34.83498],[-84.38959,34.83554],[-84.38911,34.83587],[-84.3891,34.83589],[-84.389,34.83607],[-84.3888,34.83644],[-84.38826,34.83717],[-84.38803,34.83745],[-84.38725,34.83778],[-84.38689,34.83834],[-84.38652,34.83892],[-84.38618,34.83918],[-84.38591,34.8393],[-84.3857,34.8394],[-84.38526,34.83935],[-84.38491,34.83954],[-84.38417,34.83916],[-84.38384,34.83932],[-84.38361,34.83943],[-84.3832,34.83931],[-84.38297,34.83917],[-84.38285,34.83921],[-84.38256,34.83932],[-84.38243,34.83933],[-84.38205,34.83935],[-84.38199,34.83932],[-84.38178,34.83927],[-84.38166,34.83931],[-84.38141,34.83939],[-84.38155,34.83922],[-84.38157,34.8392],[-84.38178,34.83899],[-84.38199,34.83889],[-84.38231,34.83893],[-84.38251,34.83895],[-84.38274,34.83897],[-84.38281,34.83891],[-84.38268,34.83868],[-84.38236,34.83838],[-84.38236,34.83827],[-84.38235,34.83815],[-84.38246,34.83793],[-84.38257,34.83784],[-84.38279,34.83779],[-84.38303,34.83771],[-84.38314,34.83763],[-84.38312,34.83754],[-84.38309,34.83747],[-84.38297,34.83742],[-84.38292,34.83723],[-84.383,34.83702],[-84.38306,34.83692],[-84.38311,34.83683],[-84.38319,34.83668],[-84.38321,34.83665],[-84.38323,34.83661],[-84.38354,34.83635],[-84.38367,34.83625],[-84.3835,34.83618],[-84.38214,34.83562],[-84.38329,34.83467],[-84.38214,34.83345],[-84.38184,34.83349],[-84.38151,34.83347],[-84.38127,34.83321],[-84.38077,34.8332],[-84.37998,34.83319],[-84.37911,34.83317],[-84.37864,34.83292],[-84.37843,34.8332],[-84.37834,34.83339],[-84.37825,34.83379],[-84.37807,34.83377],[-84.37744,34.83372],[-84.37696,34.83363],[-84.37677,34.83361],[-84.37662,34.83357],[-84.37651,34.83352],[-84.37647,34.83348],[-84.37636,34.83339],[-84.37629,34.83327],[-84.37613,34.83297],[-84.37597,34.83289],[-84.37576,34.83289],[-84.37574,34.83289],[-84.37552,34.83291],[-84.37542,34.83291],[-84.37536,34.8329],[-84.37532,34.8329],[-84.3752,34.83284],[-84.37514,34.83282],[-84.37508,34.83275],[-84.37487,34.83251],[-84.37482,34.83245],[-84.37476,34.83239],[-84.37433,34.83212],[-84.37385,34.83193],[-84.37381,34.83191],[-84.37354,34.8318],[-84.37344,34.83175],[-84.37327,34.83168],[-84.37315,34.83163],[-84.37303,34.83158],[-84.37292,34.83154],[-84.37271,34.83146],[-84.37246,34.83133],[-84.37238,34.83129],[-84.37234,34.83124],[-84.37231,34.83122],[-84.37226,34.83114],[-84.37221,34.83097],[-84.37218,34.83087],[-84.37215,34.8308],[-84.37211,34.8307],[-84.37208,34.8306],[-84.37207,34.83059],[-84.37201,34.83051],[-84.37198,34.83041],[-84.37197,34.83039],[-84.3719,34.83031],[-84.37183,34.83026],[-84.37176,34.83018],[-84.3717,34.83012],[-84.3716,34.83003],[-84.37153,34.82991],[-84.37141,34.8298],[-84.37133,34.82971],[-84.37122,34.82958],[-84.37109,34.82945],[-84.371,34.82941],[-84.37096,34.82938],[-84.37081,34.82931],[-84.37072,34.82928],[-84.37063,34.82925],[-84.37043,34.82928],[-84.3703,34.82927],[-84.37018,34.82932],[-84.37017,34.82933],[-84.36974,34.82963],[-84.3696,34.82979],[-84.36953,34.82985],[-84.36951,34.82987],[-84.36947,34.8299],[-84.36941,34.8299],[-84.36935,34.8299],[-84.36927,34.8299],[-84.36923,34.8299],[-84.3691,34.82987],[-84.369,34.82986],[-84.3689,34.82986],[-84.36863,34.82992],[-84.36846,34.82992],[-84.36829,34.82993],[-84.36817,34.82995],[-84.36788,34.83006],[-84.36769,34.8301],[-84.36756,34.83015],[-84.36752,34.83016],[-84.36747,34.83019],[-84.36739,34.83022],[-84.36733,34.83025],[-84.36723,34.8303],[-84.36708,34.83033],[-84.3669,34.83035],[-84.3668,34.83035],[-84.36674,34.83035],[-84.36664,34.83029],[-84.36653,34.83019],[-84.36638,34.83002],[-84.36626,34.8299],[-84.36623,34.82988],[-84.36592,34.8296],[-84.36565,34.82936],[-84.3655,34.82925],[-84.36541,34.82917],[-84.36521,34.82904],[-84.36507,34.82892],[-84.36502,34.82889],[-84.36494,34.8288],[-84.36486,34.82873],[-84.36475,34.82866],[-84.36463,34.82855],[-84.36448,34.82839],[-84.36445,34.82833],[-84.3644,34.82823],[-84.36441,34.828],[-84.36439,34.82794],[-84.36424,34.82777],[-84.36409,34.82756],[-84.36407,34.82755],[-84.36387,34.8274],[-84.36378,34.82729],[-84.36376,34.82728],[-84.36373,34.82721],[-84.36361,34.82699],[-84.36358,34.82696],[-84.36351,34.82689],[-84.36348,34.82686],[-84.36327,34.82673],[-84.36326,34.82672],[-84.36297,34.82652],[-84.36288,34.82644],[-84.36247,34.82685],[-84.3625,34.82726],[-84.36253,34.8277],[-84.36245,34.82805],[-84.36235,34.82842],[-84.36217,34.8283],[-84.3621,34.82825],[-84.36201,34.82822],[-84.36193,34.82818],[-84.36184,34.82814],[-84.36176,34.8281],[-84.36169,34.82805],[-84.36162,34.82801],[-84.36155,34.82795],[-84.36151,34.82791],[-84.36147,34.82789],[-84.36145,34.82784],[-84.36142,34.8278],[-84.36138,34.82777],[-84.36134,34.82775],[-84.36131,34.82771],[-84.36127,34.82767],[-84.36123,34.82759],[-84.36118,34.82752],[-84.36115,34.82745],[-84.36112,34.8274],[-84.36108,34.82735],[-84.36104,34.8273],[-84.36091,34.8272],[-84.36083,34.82714],[-84.36074,34.82709],[-84.3607,34.82703],[-84.36066,34.82698],[-84.36059,34.82701],[-84.36051,34.82703],[-84.36043,34.82708],[-84.36041,34.82711],[-84.36038,34.82716],[-84.36033,34.82725],[-84.36032,34.82737],[-84.36027,34.82745],[-84.36019,34.82755],[-84.36011,34.8277],[-84.35994,34.8277],[-84.35949,34.82761],[-84.35889,34.82737],[-84.35855,34.82718],[-84.35861,34.82709],[-84.35833,34.82684],[-84.35816,34.82667],[-84.35785,34.82637],[-84.35749,34.82599],[-84.35741,34.82589],[-84.35737,34.82586],[-84.35684,34.82544],[-84.35623,34.82601],[-84.35614,34.82607],[-84.3559,34.82627],[-84.35582,34.82633],[-84.35568,34.82612],[-84.35541,34.82563],[-84.35504,34.82536],[-84.35422,34.82502],[-84.35388,34.825],[-84.35294,34.82494],[-84.35117,34.82478],[-84.34854,34.82486],[-84.34366,34.82478],[-84.34326,34.82417],[-84.34303,34.82367],[-84.343,34.82337],[-84.34305,34.82327],[-84.34319,34.82316],[-84.34443,34.82316],[-84.34427,34.82075],[-84.33973,34.82077],[-84.33956,34.82069],[-84.33679,34.81932],[-84.33459,34.81749],[-84.33326,34.81778],[-84.33148,34.81794],[-84.33134,34.81785],[-84.33132,34.81784],[-84.33131,34.81783],[-84.33129,34.81781],[-84.33101,34.81757],[-84.3308,34.81703],[-84.33092,34.8163],[-84.3313,34.81555],[-84.33167,34.8149],[-84.33191,34.81447],[-84.33267,34.81384],[-84.33324,34.81337],[-84.33375,34.81313],[-84.33427,34.81283],[-84.33435,34.8123],[-84.33423,34.81171],[-84.33414,34.81107],[-84.33334,34.81047],[-84.3328,34.80992],[-84.33229,34.80925],[-84.33176,34.80877],[-84.33085,34.80878],[-84.33048,34.80857],[-84.33012,34.80837],[-84.32957,34.80787],[-84.32881,34.80725],[-84.32844,34.80671],[-84.32807,34.8064],[-84.32738,34.80674],[-84.32682,34.80709],[-84.32674,34.80713],[-84.32629,34.80732],[-84.32595,34.80728],[-84.32515,34.80666],[-84.3248,34.8067],[-84.32401,34.80668],[-84.32318,34.80661],[-84.32252,34.80633],[-84.32246,34.80631],[-84.32198,34.80605],[-84.32157,34.8058],[-84.32133,34.80546],[-84.32084,34.80529],[-84.31997,34.80551],[-84.31994,34.80552],[-84.31889,34.80578],[-84.31758,34.80607],[-84.3169,34.80633],[-84.31593,34.80672],[-84.31556,34.80687],[-84.31465,34.80733],[-84.31147,34.80253],[-84.31081,34.80158],[-84.3106,34.80128],[-84.30476,34.79291],[-84.29978,34.78593],[-84.29911,34.78499],[-84.29676,34.78169],[-84.29549,34.77985],[-84.2929,34.77608],[-84.2917,34.77433],[-84.29043,34.77249],[-84.28969,34.77141],[-84.28747,34.76818],[-84.28673,34.7671],[-84.28646,34.7667],[-84.28564,34.76551],[-84.28537,34.76511],[-84.28497,34.76455],[-84.28378,34.76285],[-84.28338,34.76229],[-84.28334,34.76223],[-84.28283,34.76151],[-84.28195,34.76025],[-84.28194,34.76024],[-84.27766,34.75416],[-84.27623,34.75212],[-84.27599,34.75178],[-84.27559,34.75123],[-84.27556,34.75119],[-84.27529,34.75081],[-84.27503,34.75045],[-84.27495,34.75034],[-84.27488,34.75023],[-84.27477,34.75008],[-84.27462,34.74992],[-84.27405,34.74931],[-84.27396,34.74921],[-84.27035,34.74406],[-84.27,34.74355],[-84.25788,34.72623],[-84.25731,34.72542],[-84.25811,34.72543],[-84.26092,34.72545],[-84.26096,34.723],[-84.26096,34.72281],[-84.26096,34.72273],[-84.26093,34.72191],[-84.26092,34.72165],[-84.26091,34.72144],[-84.26091,34.71829],[-84.26091,34.71811],[-84.25326,34.71816],[-84.25217,34.71816],[-84.25217,34.71702],[-84.25217,34.71367],[-84.25217,34.71361],[-84.25219,34.71005],[-84.25223,34.69919],[-84.25225,34.69557],[-84.25226,34.69452],[-84.25227,34.69435],[-84.25229,34.69397],[-84.25226,34.69096],[-84.25222,34.68514],[-84.25221,34.68388],[-84.25221,34.68342],[-84.25222,34.6812],[-84.25223,34.67871],[-84.25224,34.67526],[-84.25224,34.67518],[-84.25224,34.67494],[-84.25225,34.67486],[-84.25229,34.66461],[-84.24992,34.66666],[-84.2495,34.66721],[-84.24897,34.66791],[-84.24735,34.66889],[-84.24732,34.6689],[-84.24645,34.66957],[-84.24543,34.66996],[-84.24399,34.67055],[-84.24262,34.67091],[-84.24255,34.67084],[-84.24233,34.67062],[-84.24226,34.67055],[-84.24043,34.66879],[-84.2397,34.66807],[-84.23774,34.66673],[-84.23595,34.66582],[-84.23459,34.66567],[-84.23383,34.66603],[-84.23326,34.6663],[-84.2327,34.66447],[-84.23274,34.66448],[-84.23276,34.66447],[-84.23271,34.66447],[-84.23258,34.66444],[-84.23255,34.66442],[-84.23253,34.6644],[-84.23245,34.66432],[-84.23243,34.66429],[-84.23241,34.66424],[-84.23235,34.66396],[-84.23231,34.66383],[-84.23227,34.66366],[-84.232,34.66286],[-84.23183,34.66238],[-84.23176,34.66224],[-84.23166,34.66207],[-84.23157,34.66196],[-84.2314,34.6617],[-84.23132,34.6616],[-84.23131,34.66158],[-84.23116,34.66141],[-84.23107,34.66132],[-84.23071,34.66101],[-84.23024,34.65925],[-84.23008,34.65843],[-84.22965,34.65753],[-84.22819,34.65689],[-84.2271,34.65645],[-84.22647,34.65388],[-84.22514,34.65342],[-84.22422,34.65335],[-84.22223,34.65304],[-84.22132,34.65277],[-84.21937,34.65089],[-84.21647,34.64887],[-84.21509,34.64878],[-84.21491,34.64871],[-84.21352,34.64904],[-84.21199,34.64848],[-84.21199,34.64791],[-84.21143,34.64639],[-84.20912,34.64505],[-84.20868,34.64487],[-84.20814,34.64485],[-84.20794,34.64487],[-84.20742,34.64485],[-84.20717,34.64483],[-84.20698,34.64479],[-84.20675,34.64473],[-84.20658,34.64467],[-84.20637,34.64453],[-84.20617,34.64434],[-84.20577,34.64397],[-84.20564,34.64384],[-84.20552,34.64374],[-84.20544,34.64367],[-84.20525,34.64354],[-84.20503,34.64342],[-84.20496,34.64338],[-84.20485,34.64335],[-84.20475,34.64333],[-84.20466,34.64331],[-84.20457,34.6433],[-84.20446,34.6433],[-84.20407,34.64241],[-84.20295,34.64199],[-84.2022,34.64188],[-84.20138,34.64216],[-84.20084,34.64232],[-84.20028,34.64234],[-84.19742,34.64273],[-84.19746,34.64148],[-84.19389,34.63883],[-84.19524,34.63724],[-84.19517,34.63643],[-84.19701,34.63611],[-84.1968,34.63544],[-84.1967,34.63426],[-84.19563,34.6326],[-84.19455,34.6313],[-84.19441,34.63012],[-84.19433,34.62945],[-84.19418,34.62818],[-84.19401,34.62745],[-84.19386,34.6268],[-84.19378,34.62648],[-84.19356,34.62552],[-84.19348,34.6252],[-84.19353,34.62509],[-84.19469,34.62404],[-84.19591,34.62293],[-84.19647,34.61958],[-84.19675,34.61792],[-84.19667,34.61763],[-84.19643,34.61715],[-84.19595,34.61651],[-84.19582,34.6164],[-84.19559,34.61627],[-84.19524,34.61592],[-84.19478,34.61555],[-84.19463,34.6151],[-84.19457,34.61497],[-84.19442,34.61467],[-84.19354,34.61341],[-84.193,34.61282],[-84.19255,34.61243],[-84.19224,34.61222],[-84.19188,34.61181],[-84.19173,34.61152],[-84.19154,34.61077],[-84.19138,34.6105],[-84.19071,34.60983],[-84.19006,34.6093],[-84.18933,34.60886],[-84.18903,34.60811],[-84.18915,34.608],[-84.18962,34.60734],[-84.18995,34.60659],[-84.18999,34.60592],[-84.18988,34.60473],[-84.18944,34.60396],[-84.18904,34.60327],[-84.18856,34.60269],[-84.18656,34.60563],[-84.18614,34.60625],[-84.18241,34.61177],[-84.18205,34.61225],[-84.17869,34.61714],[-84.17363,34.62439],[-84.17036,34.62924],[-84.16935,34.63077],[-84.1665,34.63515],[-84.1649,34.63758],[-84.16482,34.63771],[-84.16429,34.63851],[-84.15804,34.64824],[-84.15733,34.64934],[-84.15671,34.65025],[-84.15265,34.65621],[-84.15208,34.65705],[-84.15132,34.65821],[-84.15005,34.66014],[-84.14999,34.66023],[-84.14969,34.66059],[-84.1461,34.66584],[-84.14495,34.66753],[-84.14481,34.66775],[-84.14383,34.66926],[-84.14262,34.67113],[-84.14081,34.67372],[-84.14012,34.6747],[-84.13979,34.67519],[-84.13972,34.6753],[-84.13912,34.67619],[-84.13711,34.67917],[-84.13644,34.68017],[-84.13641,34.68021],[-84.13632,34.68034],[-84.13629,34.68039],[-84.13473,34.6827],[-84.1328,34.68557],[-84.13001,34.68959],[-84.12843,34.69189],[-84.12787,34.69269],[-84.12778,34.69283],[-84.12624,34.69513],[-84.1257,34.69595],[-84.12555,34.69618],[-84.12536,34.69646],[-84.12507,34.69687],[-84.12491,34.6971],[-84.12325,34.69943],[-84.12282,34.70005],[-84.12032,34.70366],[-84.11837,34.70649],[-84.11675,34.70884],[-84.11499,34.7114],[-84.11285,34.71451],[-84.1097,34.71905],[-84.10793,34.72159],[-84.10537,34.72528],[-84.10363,34.72784],[-84.09826,34.72778],[-84.09317,34.72778],[-84.0931,34.73366],[-84.0931,34.73376],[-84.0931,34.73378],[-84.0931,34.7338],[-84.0931,34.73405],[-84.09309,34.73474],[-84.09309,34.73497],[-84.09308,34.7351],[-84.09308,34.73517],[-84.09308,34.73559],[-84.09305,34.74177],[-84.09305,34.74182],[-84.09305,34.74201],[-84.09303,34.74311],[-84.09303,34.74315],[-84.09302,34.74319],[-84.09303,34.74323],[-84.093,34.74534],[-84.09294,34.74895],[-84.09294,34.75203],[-84.09294,34.75426],[-84.09287,34.75507],[-84.09281,34.75863],[-84.09279,34.75957],[-84.09294,34.76135],[-84.09294,34.76138],[-84.09294,34.76144],[-84.09294,34.76149],[-84.09294,34.76153],[-84.09294,34.76187],[-84.09294,34.76193],[-84.09294,34.76197],[-84.09294,34.76208],[-84.09294,34.76673],[-84.09294,34.76675],[-84.09294,34.76687],[-84.09294,34.7672],[-84.09295,34.76786],[-84.09296,34.7697],[-84.09296,34.76983],[-84.09297,34.77049],[-84.09297,34.77071],[-84.09297,34.77139],[-84.09297,34.77162],[-84.09297,34.77165],[-84.09299,34.77366],[-84.09295,34.77727],[-84.09307,34.7808],[-84.09302,34.78387],[-84.09303,34.78759],[-84.09306,34.79111],[-84.09306,34.79144],[-84.09305,34.79148],[-84.09305,34.79149],[-84.09306,34.7915],[-84.09306,34.79169],[-84.09305,34.79206],[-84.09308,34.79499],[-84.09319,34.80141],[-84.09396,34.80113],[-84.09477,34.80111],[-84.09564,34.80123],[-84.0981,34.80164],[-84.10001,34.80173],[-84.10106,34.80132],[-84.10227,34.80075],[-84.10403,34.79909],[-84.10462,34.79889],[-84.10535,34.79891],[-84.10588,34.7988],[-84.1075,34.79893],[-84.10851,34.79863],[-84.11096,34.79795],[-84.1114,34.79833],[-84.11223,34.79872],[-84.11397,34.79881],[-84.11512,34.79857],[-84.11714,34.79783],[-84.11794,34.79776],[-84.11949,34.79752],[-84.12177,34.79676],[-84.12399,34.79604],[-84.12424,34.79608],[-84.125,34.79665],[-84.12549,34.79688],[-84.12672,34.79794],[-84.1273,34.79826],[-84.12827,34.7985],[-84.12991,34.79974],[-84.13055,34.80093],[-84.13247,34.80234],[-84.13325,34.80239],[-84.13396,34.8025],[-84.13497,34.80301],[-84.1355,34.8037],[-84.13741,34.80512],[-84.13806,34.80585],[-84.13957,34.80662],[-84.14006,34.80688],[-84.14128,34.80719],[-84.14173,34.80734],[-84.1411,34.80795],[-84.14106,34.80899],[-84.14104,34.80984],[-84.14017,34.8101],[-84.13989,34.81033],[-84.13993,34.81056],[-84.13998,34.81088],[-84.14053,34.81257],[-84.14055,34.81331],[-84.14049,34.81379],[-84.14045,34.81425],[-84.14054,34.81564],[-84.14073,34.81678],[-84.14136,34.81765],[-84.14147,34.81836],[-84.1412,34.81946],[-84.14168,34.82016],[-84.14239,34.82073],[-84.14254,34.82109],[-84.14256,34.82119],[-84.14256,34.82148],[-84.14257,34.82183],[-84.14261,34.82198],[-84.14269,34.82227],[-84.14289,34.82258],[-84.1434,34.82298],[-84.14354,34.82296],[-84.14407,34.82313],[-84.1446,34.82318],[-84.14504,34.82428],[-84.14601,34.82623],[-84.14569,34.82723],[-84.14509,34.82747],[-84.1447,34.82783],[-84.14465,34.82793],[-84.14475,34.82829],[-84.14513,34.82857],[-84.14555,34.82907],[-84.14561,34.82935],[-84.14545,34.83019],[-84.1454,34.83103],[-84.14526,34.83183],[-84.14529,34.83261],[-84.1458,34.83424],[-84.146,34.83475],[-84.14564,34.83601],[-84.14598,34.83626],[-84.1471,34.8368],[-84.14745,34.83731],[-84.14756,34.83751],[-84.14761,34.83787],[-84.14754,34.83826],[-84.14687,34.8395],[-84.14677,34.84005],[-84.14654,34.8405],[-84.14668,34.84119],[-84.14735,34.84224],[-84.14735,34.84273],[-84.1471,34.84326],[-84.14708,34.84375],[-84.14742,34.84401],[-84.14742,34.84423],[-84.14751,34.84464],[-84.14735,34.84477],[-84.1466,34.84524],[-84.14599,34.84572],[-84.14523,34.84657],[-84.14507,34.84666],[-84.14423,34.84754],[-84.14407,34.84811],[-84.14328,34.84892],[-84.14263,34.8492],[-84.1421,34.85006],[-84.1427,34.85176],[-84.14291,34.85266],[-84.14247,34.85404],[-84.14205,34.85426],[-84.14145,34.85454],[-84.14026,34.85512],[-84.1386,34.85634],[-84.1379,34.85663],[-84.13649,34.85752],[-84.13619,34.85791],[-84.1359,34.85858],[-84.13572,34.85874],[-84.1355,34.85886],[-84.13531,34.85898],[-84.1336,34.85933],[-84.13247,34.85979],[-84.13187,34.86102],[-84.13078,34.8622],[-84.12919,34.86354],[-84.12902,34.86397],[-84.12902,34.86474],[-84.12802,34.8641],[-84.12654,34.86383],[-84.12618,34.86386],[-84.12588,34.86388],[-84.12491,34.86395],[-84.12428,34.86417],[-84.12225,34.86487],[-84.12135,34.86474],[-84.12064,34.86463],[-84.12017,34.86478],[-84.11967,34.86492],[-84.11921,34.86517],[-84.11896,34.86549],[-84.11886,34.86614],[-84.11755,34.86736],[-84.11374,34.87037],[-84.11346,34.87177],[-84.11335,34.87198],[-84.11329,34.87226],[-84.11266,34.87389],[-84.11256,34.87405],[-84.11249,34.87417],[-84.11223,34.87444],[-84.11215,34.87455],[-84.11193,34.87491],[-84.11186,34.87503],[-84.1118,34.87512],[-84.11165,34.87537],[-84.11162,34.8754],[-84.11156,34.87549],[-84.11135,34.87584],[-84.11133,34.87587],[-84.11075,34.87689],[-84.11065,34.87706],[-84.11063,34.8771],[-84.11062,34.87712],[-84.11055,34.87724],[-84.11054,34.87726],[-84.11053,34.87729],[-84.11053,34.87732],[-84.11052,34.87746],[-84.11051,34.87755],[-84.11058,34.87801],[-84.11057,34.87806],[-84.11061,34.87852],[-84.11046,34.87936],[-84.11034,34.88003],[-84.1094,34.88287],[-84.10835,34.88456],[-84.10742,34.8869],[-84.10752,34.88708],[-84.10767,34.88764],[-84.10813,34.88811],[-84.10923,34.88838],[-84.11168,34.88809],[-84.1123,34.88821],[-84.11281,34.88877],[-84.11351,34.88919],[-84.11422,34.88949],[-84.11461,34.88972],[-84.11465,34.89047],[-84.11466,34.89099],[-84.11513,34.89153],[-84.11539,34.89161],[-84.11548,34.89176],[-84.11558,34.89211],[-84.11633,34.89302],[-84.11695,34.89352],[-84.11793,34.89401],[-84.11917,34.89543],[-84.11971,34.8966],[-84.12157,34.90087],[-84.12152,34.90117],[-84.12155,34.90147],[-84.12281,34.9026],[-84.12321,34.90293],[-84.12341,34.90304],[-84.12355,34.90317],[-84.12361,34.90325],[-84.12457,34.90457],[-84.12468,34.90472],[-84.12524,34.90543],[-84.12585,34.90607],[-84.12598,34.9063],[-84.12603,34.90658],[-84.126,34.90699],[-84.12583,34.90766],[-84.12561,34.90803],[-84.12554,34.90816],[-84.12551,34.90821],[-84.12554,34.90888],[-84.12563,34.90898],[-84.12583,34.90922],[-84.12665,34.90963],[-84.12686,34.90989],[-84.12717,34.91027],[-84.12762,34.91051],[-84.12801,34.91073],[-84.12889,34.91103],[-84.12891,34.91105],[-84.1294,34.91123],[-84.12968,34.91166],[-84.12977,34.9121],[-84.1299,34.91238],[-84.13003,34.91261],[-84.13012,34.91286],[-84.13027,34.91323],[-84.13031,34.91331],[-84.13036,34.91345],[-84.13039,34.91354],[-84.1304,34.91361],[-84.13046,34.91371],[-84.13065,34.91393],[-84.1307,34.91398],[-84.13098,34.91419],[-84.13119,34.9144],[-84.13147,34.91462],[-84.13173,34.91489],[-84.13178,34.91494],[-84.13214,34.91518],[-84.1326,34.91556],[-84.13331,34.91619],[-84.13354,34.91647],[-84.13376,34.91636],[-84.13382,34.91627],[-84.13446,34.91571],[-84.1354,34.91531],[-84.1359,34.91531],[-84.13649,34.91529],[-84.13654,34.91529],[-84.13659,34.91527],[-84.13667,34.91524],[-84.13665,34.91529],[-84.13741,34.91539],[-84.13791,34.91533],[-84.13834,34.91536],[-84.13861,34.91553],[-84.13879,34.91583],[-84.13897,34.91609],[-84.13949,34.91636],[-84.14082,34.91641],[-84.14108,34.91644],[-84.14343,34.91748],[-84.14408,34.91779],[-84.1451,34.91851],[-84.1458,34.91942],[-84.14617,34.91968],[-84.14621,34.9197],[-84.14692,34.91969],[-84.14859,34.91937],[-84.14912,34.91961],[-84.14927,34.92027],[-84.14931,34.92068],[-84.14934,34.92124],[-84.15001,34.92173],[-84.15034,34.92247],[-84.15031,34.92355],[-84.15104,34.92478],[-84.15213,34.92543],[-84.1523,34.92555],[-84.15408,34.92642],[-84.15542,34.9267],[-84.1571,34.92679],[-84.15852,34.92696],[-84.16082,34.9269],[-84.16147,34.92755],[-84.16198,34.92828],[-84.16231,34.92919],[-84.1625,34.92951],[-84.16259,34.92966],[-84.16266,34.92977],[-84.16302,34.93025],[-84.16332,34.93083],[-84.16341,34.9311],[-84.16346,34.93124],[-84.16347,34.93143],[-84.16344,34.93161],[-84.16343,34.93165],[-84.16346,34.93191],[-84.16309,34.93279],[-84.16335,34.93326],[-84.16335,34.93398],[-84.16359,34.93482],[-84.16351,34.93557],[-84.16328,34.93591],[-84.16327,34.93614],[-84.16385,34.93618],[-84.16485,34.93607],[-84.16494,34.93607],[-84.16511,34.9361],[-84.16525,34.93612],[-84.16575,34.93627],[-84.16605,34.93631],[-84.16658,34.9362],[-84.16724,34.93598],[-84.16771,34.93595],[-84.16793,34.93599],[-84.16822,34.93615],[-84.16878,34.9363],[-84.1695,34.93639],[-84.16988,34.93644],[-84.17011,34.93652],[-84.17026,34.9366],[-84.1704,34.93683],[-84.17065,34.93708],[-84.17089,34.93727],[-84.17133,34.93756],[-84.17135,34.93756],[-84.17168,34.9379],[-84.17181,34.93812],[-84.17191,34.93832],[-84.17199,34.93848],[-84.17219,34.93913],[-84.17226,34.9397],[-84.17223,34.94018],[-84.17222,34.94019],[-84.17224,34.94046],[-84.17225,34.94054],[-84.17226,34.94071],[-84.17235,34.94124],[-84.17236,34.94127],[-84.17244,34.94145],[-84.1725,34.94151],[-84.17256,34.94158],[-84.1726,34.94161],[-84.17265,34.94164],[-84.17283,34.94174],[-84.17298,34.94205],[-84.17349,34.94252],[-84.17386,34.94325],[-84.17409,34.94352],[-84.17453,34.94379],[-84.1753,34.94388],[-84.17651,34.94464],[-84.17698,34.94514],[-84.17726,34.94534],[-84.17763,34.94575],[-84.17782,34.94579],[-84.17796,34.94582],[-84.17816,34.946],[-84.17867,34.9465],[-84.17875,34.94683],[-84.17867,34.9471],[-84.17831,34.94758],[-84.17824,34.94774],[-84.1782,34.94785],[-84.17808,34.94812],[-84.17813,34.94836],[-84.17821,34.9487],[-84.17853,34.94925],[-84.17886,34.94956],[-84.17889,34.9496],[-84.17894,34.94964],[-84.1791,34.95021],[-84.17916,34.95087],[-84.17909,34.95146],[-84.17883,34.95209],[-84.17838,34.95223],[-84.17794,34.95234],[-84.17762,34.9525],[-84.17752,34.95258],[-84.17719,34.9529],[-84.17697,34.95328],[-84.17632,34.95363],[-84.17583,34.95399],[-84.17523,34.95447],[-84.17504,34.95483],[-84.17497,34.95539],[-84.17498,34.95591],[-84.17495,34.9561],[-84.17493,34.95627],[-84.17487,34.95674],[-84.17443,34.95728],[-84.17377,34.95772],[-84.17317,34.95802],[-84.17284,34.95834],[-84.17259,34.9589],[-84.1724,34.95933],[-84.17208,34.95927],[-84.17197,34.95935],[-84.17178,34.95937],[-84.17078,34.95937],[-84.17052,34.95941],[-84.17012,34.95948],[-84.1697,34.95964],[-84.1694,34.95983],[-84.16928,34.95991],[-84.16907,34.96002],[-84.16875,34.96013],[-84.16827,34.96023],[-84.16803,34.96034],[-84.16786,34.96043],[-84.16772,34.96056],[-84.16738,34.96095],[-84.16702,34.96127],[-84.16692,34.96141],[-84.16686,34.9616],[-84.16682,34.96204],[-84.16675,34.96231],[-84.16667,34.96247],[-84.16619,34.96303],[-84.16609,34.96318],[-84.16589,34.96337],[-84.16566,34.96352],[-84.16518,34.96371],[-84.16457,34.96382],[-84.16379,34.9641],[-84.16313,34.96442],[-84.16274,34.96468],[-84.16264,34.96477],[-84.16241,34.96507],[-84.16223,34.96522],[-84.16212,34.96528],[-84.16196,34.96531],[-84.16182,34.96532],[-84.16135,34.96534],[-84.16088,34.96548],[-84.16037,34.96553],[-84.16016,34.96561],[-84.16003,34.96572],[-84.15993,34.96589],[-84.1596,34.96685],[-84.15931,34.96744],[-84.15916,34.96759],[-84.15899,34.96769],[-84.15884,34.96775],[-84.15862,34.9678],[-84.15801,34.96782],[-84.15756,34.96786],[-84.15728,34.96797],[-84.15723,34.96799],[-84.15697,34.96805],[-84.15694,34.96806],[-84.1567,34.96818],[-84.15653,34.96833],[-84.15601,34.96868],[-84.15581,34.96887],[-84.15557,34.96909],[-84.15536,34.96941],[-84.15517,34.9699],[-84.15508,34.97002],[-84.15496,34.97012],[-84.15468,34.97021],[-84.15433,34.97027],[-84.15393,34.97026],[-84.15352,34.97021],[-84.15336,34.97018],[-84.15287,34.97025],[-84.15268,34.97034],[-84.15211,34.97078],[-84.15199,34.97086],[-84.15158,34.97123],[-84.1514,34.97148],[-84.15134,34.97165],[-84.15126,34.97193],[-84.15134,34.97237],[-84.15133,34.97249],[-84.15132,34.97263],[-84.15115,34.97314],[-84.15115,34.97354],[-84.15103,34.97375],[-84.15095,34.97383],[-84.15082,34.9739],[-84.15019,34.97415],[-84.14985,34.97444],[-84.14976,34.97458],[-84.14967,34.97496],[-84.14956,34.97517],[-84.14916,34.97557],[-84.14859,34.97609],[-84.14835,34.97624],[-84.14781,34.9765],[-84.14745,34.97661],[-84.14744,34.97661],[-84.14711,34.97667],[-84.14629,34.97673],[-84.14543,34.97675],[-84.14541,34.97675],[-84.14531,34.97674],[-84.145,34.97672],[-84.1449,34.97671],[-84.14459,34.9767],[-84.14377,34.97654],[-84.14361,34.97654],[-84.14343,34.9766],[-84.14333,34.97668],[-84.14321,34.97683],[-84.14298,34.9773],[-84.14297,34.97733],[-84.14276,34.97763],[-84.14217,34.97821],[-84.14201,34.97834],[-84.14191,34.97847],[-84.14184,34.97863],[-84.14187,34.9789],[-84.14185,34.97918],[-84.14182,34.97932],[-84.14176,34.97945],[-84.14165,34.97956],[-84.14153,34.97964],[-84.14138,34.9797],[-84.14122,34.97973],[-84.14058,34.97988],[-84.1403,34.97992],[-84.14003,34.98001],[-84.13943,34.98038],[-84.13912,34.98065],[-84.13894,34.98074],[-84.13865,34.98078],[-84.13792,34.98077],[-84.13778,34.98079],[-84.13769,34.98083],[-84.13763,34.98085],[-84.13707,34.98125],[-84.13619,34.98226],[-84.136,34.98243],[-84.13576,34.98263],[-84.13531,34.98283],[-84.13512,34.98289],[-84.13434,34.98297],[-84.13413,34.98299],[-84.13384,34.98309],[-84.13368,34.98319],[-84.13237,34.9844],[-84.1322,34.98462],[-84.13197,34.98504],[-84.13188,34.98533],[-84.13182,34.98574],[-84.13176,34.986],[-84.13163,34.98631],[-84.1315,34.9865],[-84.13137,34.98661],[-84.1312,34.98669],[-84.13101,34.98676],[-84.13066,34.98689],[-84.1302,34.98709],[-84.12962,34.98731],[-84.12949,34.98741],[-84.12947,34.98745],[-84.12945,34.98751],[-84.12966,34.98751],[-84.13,34.98752],[-84.13068,34.98752],[-84.13135,34.98753],[-84.13203,34.98753],[-84.13271,34.98754],[-84.13338,34.98754],[-84.13406,34.98755],[-84.13473,34.98755],[-84.13541,34.98756],[-84.13608,34.98756],[-84.13676,34.98756],[-84.13744,34.98757],[-84.13811,34.98757],[-84.13879,34.98757],[-84.13947,34.98758],[-84.13968,34.98758],[-84.14015,34.98758],[-84.14049,34.98758],[-84.14082,34.98758],[-84.14116,34.98758],[-84.1415,34.98759],[-84.14184,34.98759],[-84.14228,34.98759],[-84.14252,34.98759],[-84.14286,34.98759],[-84.14353,34.9876],[-84.14421,34.9876],[-84.14489,34.9876],[-84.14551,34.9876],[-84.14556,34.9876],[-84.1459,34.98761],[-84.14658,34.98761],[-84.14726,34.98761],[-84.14794,34.98761],[-84.14862,34.98762],[-84.1493,34.98762],[-84.14985,34.98762],[-84.15032,34.98762],[-84.15066,34.98762],[-84.15134,34.98762],[-84.15201,34.98763],[-84.15236,34.98763],[-84.15269,34.98763],[-84.15303,34.98763],[-84.15368,34.98763],[-84.15405,34.98763],[-84.15439,34.98764],[-84.15507,34.98764],[-84.15575,34.98764],[-84.15644,34.98764],[-84.15713,34.98764],[-84.15783,34.98765],[-84.15852,34.98765],[-84.15921,34.98765],[-84.1599,34.98765],[-84.1606,34.98766],[-84.16129,34.98766],[-84.16178,34.98766],[-84.16198,34.98766],[-84.16233,34.98766],[-84.16267,34.98766],[-84.16337,34.98767],[-84.16363,34.98767],[-84.16406,34.98767],[-84.1644,34.98767],[-84.16475,34.98767],[-84.16509,34.98767],[-84.16543,34.98767],[-84.16576,34.98768],[-84.16611,34.98768],[-84.16644,34.98768],[-84.16678,34.98768],[-84.16711,34.98769],[-84.16745,34.98769],[-84.16813,34.98769],[-84.16828,34.98769],[-84.16846,34.98769],[-84.16914,34.9877],[-84.16981,34.9877],[-84.17049,34.98771],[-84.17116,34.98771],[-84.17184,34.98771],[-84.17251,34.98772],[-84.17319,34.98772],[-84.17353,34.98772],[-84.17367,34.98772],[-84.17386,34.98773],[-84.17455,34.98773],[-84.17524,34.98773],[-84.17593,34.98773],[-84.17661,34.98773],[-84.17696,34.98774],[-84.17765,34.98774],[-84.17834,34.98774],[-84.17903,34.98774],[-84.17972,34.98774],[-84.18041,34.98774],[-84.18076,34.98775],[-84.1812,34.98775],[-84.18144,34.98775],[-84.18213,34.98775],[-84.1823,34.98775],[-84.18248,34.98775],[-84.18282,34.98775],[-84.1832,34.98775],[-84.18386,34.98775],[-84.18454,34.98776],[-84.18522,34.98776],[-84.1859,34.98776],[-84.18658,34.98776],[-84.18726,34.98777],[-84.18794,34.98777],[-84.18863,34.98777],[-84.18931,34.98778],[-84.18999,34.98778],[-84.19101,34.98778],[-84.19203,34.98778],[-84.19305,34.98779],[-84.19406,34.98779],[-84.19474,34.9878],[-84.19542,34.9878],[-84.19564,34.9878],[-84.19576,34.9878],[-84.19609,34.9878],[-84.19622,34.9878],[-84.19643,34.9878],[-84.19661,34.9878],[-84.19677,34.98781],[-84.19711,34.98781],[-84.19779,34.98781],[-84.19812,34.98781],[-84.1985,34.98781],[-84.1988,34.98781],[-84.19948,34.98782],[-84.20015,34.98782],[-84.20084,34.98782],[-84.20153,34.98783],[-84.20222,34.98783],[-84.20291,34.98783],[-84.2036,34.98784],[-84.20429,34.98784],[-84.20498,34.98784],[-84.20567,34.98785],[-84.20636,34.98785],[-84.20705,34.98785],[-84.20774,34.98786],[-84.20809,34.98786],[-84.20878,34.98786],[-84.20947,34.98787],[-84.21015,34.98787],[-84.21084,34.98787],[-84.21152,34.98787],[-84.2122,34.98787],[-84.21288,34.98787],[-84.21354,34.98787],[-84.2139,34.98787],[-84.21424,34.98787],[-84.21458,34.98787],[-84.21475,34.98787],[-84.21492,34.98787],[-84.21526,34.98788],[-84.2156,34.98788],[-84.21598,34.98788],[-84.21629,34.98788],[-84.21663,34.98788],[-84.21697,34.98788],[-84.21731,34.98788],[-84.21765,34.98788],[-84.21799,34.98788],[-84.21833,34.98788],[-84.21855,34.98788],[-84.21867,34.98788],[-84.21902,34.98788],[-84.21909,34.98788],[-84.21937,34.98788],[-84.21971,34.98788],[-84.22006,34.98789],[-84.22041,34.98789],[-84.22075,34.98789],[-84.2211,34.98789],[-84.2218,34.98789],[-84.22214,34.9879],[-84.22249,34.9879],[-84.22284,34.9879],[-84.22318,34.9879],[-84.22321,34.9879],[-84.227,34.9879],[-84.22896,34.98791],[-84.22928,34.98791],[-84.22987,34.98791],[-84.23027,34.98791],[-84.23059,34.98791],[-84.23113,34.98791],[-84.23276,34.98791],[-84.2333,34.98791],[-84.23342,34.98791],[-84.23381,34.98791],[-84.23415,34.98791],[-84.2345,34.98791],[-84.23484,34.98791],[-84.23518,34.98791],[-84.23552,34.98791],[-84.23586,34.98791],[-84.23602,34.98792],[-84.2362,34.98793],[-84.23688,34.98796],[-84.23756,34.98799],[-84.23823,34.98803],[-84.23891,34.98806],[-84.23959,34.98809],[-84.24027,34.98812],[-84.24095,34.98816],[-84.24163,34.98819],[-84.24174,34.98819],[-84.24264,34.98824],[-84.24332,34.98827],[-84.24372,34.98829],[-84.244,34.9883],[-84.24434,34.98832],[-84.24504,34.98834],[-84.24513,34.98834],[-84.2453,34.98834],[-84.24541,34.98835],[-84.24574,34.98835],[-84.24602,34.98836],[-84.24643,34.98837],[-84.24678,34.98838],[-84.24703,34.98838],[-84.2474,34.98839],[-84.24783,34.9884],[-84.24853,34.98842],[-84.24923,34.98843],[-84.24958,34.98844],[-84.25027,34.98845],[-84.25129,34.98845],[-84.25231,34.98845],[-84.25333,34.98845],[-84.25435,34.98845],[-84.25537,34.98845],[-84.2564,34.98845],[-84.25708,34.98845],[-84.25776,34.98845],[-84.2581,34.98845],[-84.25844,34.98845],[-84.25912,34.98845],[-84.2598,34.98845],[-84.26048,34.98845],[-84.26106,34.98845]]]}},{"type":"Feature","properties":{"GEOID":"13227","BASENAME":"Pickens"},"geometry":{"type":"Polygon","coordinates":[[[-84.43723,34.54935],[-84.43726,34.54935],[-84.43732,34.54935],[-84.43749,34.54935],[-84.43757,34.54934],[-84.43831,34.54933],[-84.43838,34.54933],[-84.43856,34.54933],[-84.43939,34.54934],[-84.44187,34.54938],[-84.44269,34.5494],[-84.44359,34.54942],[-84.44629,34.54949],[-84.44719,34.54952],[-84.4478,34.54954],[-84.45051,34.54959],[-84.46049,34.54981],[-84.46381,34.54988],[-84.46454,34.5499],[-84.46672,34.54994],[-84.46745,34.54996],[-84.46753,34.54996],[-84.46778,34.54997],[-84.46786,34.54997],[-84.4679,34.55007],[-84.46795,34.55025],[-84.46795,34.5504],[-84.46795,34.55047],[-84.46795,34.55051],[-84.46795,34.5516],[-84.46793,34.55487],[-84.46793,34.55581],[-84.46793,34.55589],[-84.46792,34.55596],[-84.46791,34.55635],[-84.46785,34.55754],[-84.46783,34.55794],[-84.46783,34.55809],[-84.46785,34.55849],[-84.46786,34.55866],[-84.46788,34.55903],[-84.46806,34.5623],[-84.4681,34.56308],[-84.46802,34.56337],[-84.46801,34.5634],[-84.46799,34.56347],[-84.46799,34.56349],[-84.46811,34.56348],[-84.46848,34.56348],[-84.46861,34.56348],[-84.46901,34.56347],[-84.4698,34.56347],[-84.47337,34.56343],[-84.47457,34.56342],[-84.47467,34.56342],[-84.47681,34.56339],[-84.47856,34.56337],[-84.48355,34.5633],[-84.4858,34.56327],[-84.48576,34.56311],[-84.48565,34.56264],[-84.48562,34.56249],[-84.4856,34.5624],[-84.48561,34.56133],[-84.48564,34.55849],[-84.48565,34.55786],[-84.48566,34.55671],[-84.48388,34.55669],[-84.47855,34.55666],[-84.477,34.55665],[-84.47678,34.55665],[-84.47673,34.55665],[-84.47658,34.55665],[-84.47653,34.55665],[-84.47654,34.55657],[-84.47658,34.55633],[-84.47659,34.55625],[-84.4766,34.55614],[-84.47663,34.55503],[-84.4767,34.55135],[-84.47673,34.55013],[-84.48194,34.5502],[-84.49759,34.55043],[-84.49993,34.55047],[-84.50194,34.55047],[-84.50281,34.55048],[-84.50277,34.55312],[-84.50265,34.56104],[-84.50261,34.56368],[-84.50375,34.56368],[-84.50448,34.56367],[-84.50719,34.56366],[-84.50834,34.56366],[-84.50835,34.56366],[-84.50838,34.56366],[-84.50839,34.56366],[-84.50844,34.56366],[-84.5086,34.56366],[-84.50865,34.56366],[-84.5092,34.56365],[-84.50922,34.56365],[-84.51095,34.56365],[-84.51152,34.56365],[-84.51152,34.56362],[-84.51152,34.56355],[-84.51152,34.56353],[-84.51153,34.56305],[-84.51154,34.56294],[-84.51157,34.56163],[-84.51158,34.56115],[-84.51159,34.56069],[-84.51159,34.56066],[-84.51163,34.55955],[-84.51161,34.55926],[-84.51161,34.5592],[-84.51156,34.55884],[-84.51153,34.55872],[-84.51151,34.55868],[-84.51148,34.55855],[-84.51146,34.5585],[-84.51146,34.55847],[-84.51143,34.55838],[-84.51142,34.55834],[-84.51147,34.55803],[-84.51152,34.55776],[-84.51164,34.55707],[-84.51169,34.55675],[-84.51183,34.55675],[-84.51226,34.55674],[-84.5124,34.55674],[-84.51246,34.55674],[-84.51265,34.55673],[-84.51271,34.55673],[-84.51279,34.55673],[-84.51299,34.55673],[-84.51335,34.55672],[-84.51368,34.55672],[-84.51383,34.55672],[-84.51411,34.55671],[-84.51535,34.5567],[-84.51906,34.55668],[-84.5203,34.55667],[-84.52031,34.55667],[-84.52036,34.55667],[-84.52038,34.55667],[-84.52041,34.55667],[-84.52049,34.55667],[-84.52052,34.55667],[-84.52054,34.55581],[-84.52056,34.55457],[-84.52059,34.55322],[-84.52061,34.55236],[-84.52062,34.55208],[-84.52062,34.55207],[-84.52063,34.55124],[-84.52064,34.55096],[-84.52079,34.55086],[-84.52118,34.5506],[-84.52124,34.55056],[-84.52127,34.55054],[-84.52136,34.55048],[-84.52139,34.55046],[-84.52147,34.55046],[-84.52155,34.55046],[-84.52178,34.55047],[-84.5222,34.55047],[-84.52348,34.55047],[-84.52391,34.55047],[-84.52483,34.55048],[-84.52744,34.55049],[-84.52759,34.55049],[-84.52851,34.55049],[-84.52853,34.55049],[-84.52857,34.55049],[-84.52858,34.55049],[-84.52919,34.5505],[-84.53055,34.5505],[-84.531,34.55051],[-84.53161,34.55051],[-84.53196,34.55051],[-84.53213,34.55051],[-84.533,34.55052],[-84.53335,34.55052],[-84.53373,34.55052],[-84.53375,34.55052],[-84.53495,34.55052],[-84.53535,34.55053],[-84.53556,34.55053],[-84.53619,34.55053],[-84.5364,34.55053],[-84.53702,34.55054],[-84.53889,34.55055],[-84.53951,34.55055],[-84.53993,34.55055],[-84.54115,34.55056],[-84.54156,34.55056],[-84.54173,34.55056],[-84.54225,34.55057],[-84.54242,34.55057],[-84.54411,34.55057],[-84.54919,34.5506],[-84.55088,34.55061],[-84.55122,34.55061],[-84.55165,34.55061],[-84.55396,34.55063],[-84.55473,34.55063],[-84.55583,34.55063],[-84.55914,34.55065],[-84.56025,34.55066],[-84.56051,34.55066],[-84.56127,34.55066],[-84.56435,34.55068],[-84.56537,34.55068],[-84.56549,34.55068],[-84.56569,34.55068],[-84.56583,34.55069],[-84.56595,34.55069],[-84.56678,34.55069],[-84.56928,34.55071],[-84.57012,34.55071],[-84.57038,34.55071],[-84.57052,34.55071],[-84.57116,34.55072],[-84.57142,34.55072],[-84.57185,34.55072],[-84.57188,34.55072],[-84.57326,34.55073],[-84.57372,34.55073],[-84.57374,34.55053],[-84.5738,34.54991],[-84.57383,34.54971],[-84.57383,34.54967],[-84.57383,34.54966],[-84.57385,34.54951],[-84.57385,34.54946],[-84.57399,34.54946],[-84.57439,34.54945],[-84.57445,34.54945],[-84.57452,34.54945],[-84.57464,34.54945],[-84.57499,34.54945],[-84.57511,34.54945],[-84.57557,34.54944],[-84.5757,34.54944],[-84.57616,34.54944],[-84.57695,34.54944],[-84.57742,34.54944],[-84.5775,34.54944],[-84.57776,34.54944],[-84.57784,34.54944],[-84.57818,34.54944],[-84.57919,34.54945],[-84.57954,34.54946],[-84.58032,34.54946],[-84.5809,34.54946],[-84.58499,34.54944],[-84.58543,34.54944],[-84.58561,34.54944],[-84.58636,34.54943],[-84.58781,34.54943],[-84.59217,34.5494],[-84.59362,34.5494],[-84.59377,34.5494],[-84.59421,34.5494],[-84.59436,34.5494],[-84.59475,34.54941],[-84.5953,34.54941],[-84.59592,34.54942],[-84.59631,34.54942],[-84.59805,34.54944],[-84.59848,34.54944],[-84.60328,34.54948],[-84.60502,34.5495],[-84.60546,34.5495],[-84.60599,34.54951],[-84.60891,34.54953],[-84.60988,34.54954],[-84.61039,34.54955],[-84.61176,34.54952],[-84.61742,34.5494],[-84.61917,34.54936],[-84.61924,34.54936],[-84.6193,34.54936],[-84.61939,34.54936],[-84.61991,34.54935],[-84.62277,34.54927],[-84.62493,34.5492],[-84.63319,34.54913],[-84.63443,34.54912],[-84.63667,34.5491],[-84.63783,34.54909],[-84.64132,34.54906],[-84.64249,34.54905],[-84.64418,34.54904],[-84.64476,34.54903],[-84.6469,34.54901],[-84.64954,34.54899],[-84.6516,34.54897],[-84.65388,34.54895],[-84.65406,34.54895],[-84.65406,34.54863],[-84.65427,34.54174],[-84.65427,34.53863],[-84.65426,34.52931],[-84.65425,34.52621],[-84.65425,34.52612],[-84.65424,34.52328],[-84.65423,34.52107],[-84.65422,34.51977],[-84.6542,34.51451],[-84.65419,34.51158],[-84.65418,34.51128],[-84.65417,34.50904],[-84.65414,34.5014],[-84.65413,34.50009],[-84.6541,34.49886],[-84.6541,34.49873],[-84.6541,34.49852],[-84.65411,34.4975],[-84.65411,34.49717],[-84.65411,34.49698],[-84.65411,34.49544],[-84.65414,34.49028],[-84.65415,34.48856],[-84.65415,34.48847],[-84.65415,34.48829],[-84.65415,34.48822],[-84.65415,34.48813],[-84.65415,34.488],[-84.65415,34.48796],[-84.65414,34.48784],[-84.65413,34.48762],[-84.65413,34.48749],[-84.65413,34.4874],[-84.65412,34.48713],[-84.65411,34.48704],[-84.654,34.48407],[-84.65367,34.47517],[-84.65356,34.4722],[-84.65356,34.47208],[-84.65355,34.47187],[-84.65356,34.47171],[-84.65357,34.47159],[-84.65357,34.47156],[-84.65357,34.47153],[-84.65358,34.47148],[-84.65358,34.47145],[-84.65358,34.47142],[-84.65352,34.46969],[-84.65351,34.46931],[-84.65349,34.46881],[-84.65344,34.46733],[-84.65333,34.4644],[-84.65329,34.4632],[-84.65273,34.46319],[-84.65131,34.46315],[-84.64703,34.46305],[-84.64628,34.46303],[-84.64561,34.46302],[-84.6453,34.46301],[-84.64509,34.463],[-84.6446,34.46299],[-84.64453,34.46299],[-84.64452,34.46199],[-84.64451,34.46175],[-84.6445,34.46053],[-84.64448,34.45902],[-84.64443,34.45579],[-84.64857,34.45579],[-84.65102,34.45579],[-84.65198,34.45579],[-84.65373,34.45579],[-84.65372,34.45464],[-84.65372,34.45368],[-84.65371,34.45357],[-84.65371,34.45255],[-84.65368,34.44915],[-84.65367,34.44802],[-84.65367,34.448],[-84.65366,34.44753],[-84.65365,34.44605],[-84.65364,34.44556],[-84.65364,34.44533],[-84.65364,34.44478],[-84.65362,34.44247],[-84.65361,34.4417],[-84.6536,34.4408],[-84.65358,34.43809],[-84.65357,34.43719],[-84.65357,34.43716],[-84.65357,34.43707],[-84.65357,34.43704],[-84.65357,34.43698],[-84.65357,34.43681],[-84.65357,34.43676],[-84.65357,34.43657],[-84.65356,34.43599],[-84.65356,34.43579],[-84.65356,34.43559],[-84.65355,34.43499],[-84.65355,34.43479],[-84.65355,34.4345],[-84.65355,34.43445],[-84.65354,34.43344],[-84.65354,34.4331],[-84.65353,34.4328],[-84.65353,34.43269],[-84.65352,34.43191],[-84.65352,34.43162],[-84.6535,34.43067],[-84.65346,34.42783],[-84.65345,34.42689],[-84.65344,34.42668],[-84.65343,34.42605],[-84.65343,34.42588],[-84.65343,34.42584],[-84.65343,34.42563],[-84.65342,34.42544],[-84.65342,34.42499],[-84.65341,34.42478],[-84.65341,34.42464],[-84.65341,34.42422],[-84.6534,34.42408],[-84.6534,34.42406],[-84.6534,34.42385],[-84.65337,34.42178],[-84.6533,34.41677],[-84.65327,34.41489],[-84.65323,34.41259],[-84.65162,34.41256],[-84.64934,34.41253],[-84.64919,34.41253],[-84.64237,34.41242],[-84.64232,34.41242],[-84.63955,34.41237],[-84.6383,34.41235],[-84.63828,34.41236],[-84.63206,34.41225],[-84.63005,34.41222],[-84.62999,34.41222],[-84.62736,34.41217],[-84.62493,34.41214],[-84.62398,34.41214],[-84.62314,34.41214],[-84.62312,34.41214],[-84.61943,34.41215],[-84.61901,34.41215],[-84.61875,34.41215],[-84.61238,34.41216],[-84.60899,34.41216],[-84.60608,34.41216],[-84.60503,34.41216],[-84.60483,34.41216],[-84.59479,34.41218],[-84.59476,34.41217],[-84.59397,34.41218],[-84.5933,34.41218],[-84.59323,34.41218],[-84.59252,34.41217],[-84.59194,34.41218],[-84.59186,34.41218],[-84.58802,34.41218],[-84.58786,34.41218],[-84.58283,34.41219],[-84.58277,34.40346],[-84.58266,34.38577],[-84.58266,34.38574],[-84.58264,34.38316],[-84.58263,34.38149],[-84.58167,34.38148],[-84.57939,34.38146],[-84.5783,34.38145],[-84.57358,34.3814],[-84.57263,34.38139],[-84.56742,34.38134],[-84.55741,34.38124],[-84.54282,34.38111],[-84.54214,34.3811],[-84.5411,34.38109],[-84.53036,34.38103],[-84.5247,34.38099],[-84.52452,34.38099],[-84.52241,34.38098],[-84.52233,34.38098],[-84.51065,34.38091],[-84.50853,34.38089],[-84.49993,34.38074],[-84.4991,34.38074],[-84.49895,34.38074],[-84.48858,34.38067],[-84.48677,34.38066],[-84.48245,34.38064],[-84.4824,34.38064],[-84.47571,34.38059],[-84.47314,34.38058],[-84.47008,34.38056],[-84.47007,34.38056],[-84.46323,34.38052],[-84.46319,34.38052],[-84.45561,34.38048],[-84.45473,34.38047],[-84.4547,34.38047],[-84.44872,34.38043],[-84.44233,34.38039],[-84.44232,34.38053],[-84.44213,34.38819],[-84.43998,34.38817],[-84.43403,34.3881],[-84.43398,34.3881],[-84.42452,34.38799],[-84.42453,34.38707],[-84.42453,34.3817],[-84.42453,34.38165],[-84.42453,34.38072],[-84.42453,34.38065],[-84.42453,34.38059],[-84.42442,34.38059],[-84.42208,34.38058],[-84.42197,34.38058],[-84.42187,34.38057],[-84.42185,34.38058],[-84.42156,34.38058],[-84.42127,34.38058],[-84.41898,34.38057],[-84.41889,34.38057],[-84.41878,34.38057],[-84.41761,34.38057],[-84.41749,34.38057],[-84.41738,34.38057],[-84.41557,34.38055],[-84.4155,34.38055],[-84.41542,34.38055],[-84.41206,34.38055],[-84.41197,34.38055],[-84.41186,34.38055],[-84.40514,34.38051],[-84.40462,34.38051],[-84.40072,34.38049],[-84.40074,34.37988],[-84.40077,34.37882],[-84.40077,34.37878],[-84.4008,34.3777],[-84.40082,34.37713],[-84.40082,34.37705],[-84.40083,34.37633],[-84.40084,34.37621],[-84.40084,34.37609],[-84.40085,34.376],[-84.40086,34.37592],[-84.40087,34.37509],[-84.40077,34.37327],[-84.40013,34.37329],[-84.39971,34.37329],[-84.39524,34.3733],[-84.39393,34.37329],[-84.39278,34.37329],[-84.39277,34.37329],[-84.39237,34.37329],[-84.39222,34.37329],[-84.3922,34.37363],[-84.39219,34.37373],[-84.39217,34.37397],[-84.39216,34.37403],[-84.39215,34.37413],[-84.39214,34.37434],[-84.39208,34.37499],[-84.39207,34.37509],[-84.39202,34.37519],[-84.39205,34.37652],[-84.39205,34.37653],[-84.39208,34.37844],[-84.3921,34.37942],[-84.39211,34.38005],[-84.39212,34.38069],[-84.39168,34.38069],[-84.39085,34.3807],[-84.39083,34.3807],[-84.39068,34.3807],[-84.39024,34.3807],[-84.3901,34.3807],[-84.38978,34.3807],[-84.3888,34.38071],[-84.38847,34.38071],[-84.3861,34.38073],[-84.38554,34.38073],[-84.38406,34.38074],[-84.3837,34.38074],[-84.38294,34.38074],[-84.3824,34.38075],[-84.38156,34.38075],[-84.38097,34.38076],[-84.37937,34.38077],[-84.3791,34.38077],[-84.3789,34.38077],[-84.37813,34.38077],[-84.37769,34.38078],[-84.3757,34.38079],[-84.37554,34.3808],[-84.3755,34.38081],[-84.3754,34.3808],[-84.3753,34.3808],[-84.37492,34.38079],[-84.3745,34.38078],[-84.37419,34.38079],[-84.37409,34.38079],[-84.37397,34.38079],[-84.37287,34.38079],[-84.37264,34.3808],[-84.37138,34.3808],[-84.37099,34.3808],[-84.3708,34.3808],[-84.36725,34.38081],[-84.36697,34.38081],[-84.36646,34.38081],[-84.36571,34.38081],[-84.36182,34.38081],[-84.35307,34.38083],[-84.34746,34.38084],[-84.34557,34.38084],[-84.33783,34.38086],[-84.33471,34.38086],[-84.33451,34.38086],[-84.33305,34.38086],[-84.33005,34.38087],[-84.32304,34.38088],[-84.32301,34.38088],[-84.31776,34.38089],[-84.31228,34.3809],[-84.31031,34.3809],[-84.30351,34.38092],[-84.29257,34.38093],[-84.29207,34.38093],[-84.2842,34.38094],[-84.28407,34.38095],[-84.28393,34.38095],[-84.28368,34.38094],[-84.27786,34.38096],[-84.27209,34.38096],[-84.25759,34.38099],[-84.25758,34.38117],[-84.25757,34.38173],[-84.25757,34.38189],[-84.25745,34.39057],[-84.25745,34.39156],[-84.25745,34.39159],[-84.25741,34.39695],[-84.25741,34.39725],[-84.2574,34.39756],[-84.2574,34.39762],[-84.2574,34.39853],[-84.25739,34.3996],[-84.25739,34.39987],[-84.25739,34.40014],[-84.25738,34.40092],[-84.25737,34.40186],[-84.25737,34.40213],[-84.25737,34.40253],[-84.25735,34.40563],[-84.25733,34.40753],[-84.25733,34.41165],[-84.25732,34.41224],[-84.25729,34.41484],[-84.25727,34.4159],[-84.25727,34.41602],[-84.25725,34.41775],[-84.25724,34.41808],[-84.25724,34.41843],[-84.25723,34.41888],[-84.25721,34.4203],[-84.25721,34.42089],[-84.25719,34.42248],[-84.25715,34.42823],[-84.25714,34.429],[-84.25714,34.43768],[-84.25713,34.43852],[-84.25706,34.44371],[-84.25706,34.44403],[-84.25706,34.44411],[-84.25705,34.44462],[-84.25705,34.4449],[-84.25704,34.44542],[-84.25703,34.44585],[-84.25703,34.44636],[-84.25702,34.44765],[-84.25702,34.4486],[-84.25702,34.4487],[-84.25702,34.44897],[-84.25702,34.44921],[-84.25702,34.44944],[-84.25701,34.44957],[-84.25701,34.44974],[-84.25701,34.44988],[-84.25701,34.45082],[-84.25699,34.45172],[-84.25699,34.45176],[-84.25698,34.45254],[-84.25696,34.45498],[-84.25697,34.45507],[-84.25696,34.45876],[-84.25693,34.46078],[-84.25693,34.4608],[-84.25689,34.4631],[-84.25687,34.46562],[-84.25688,34.46564],[-84.25687,34.46605],[-84.25687,34.46733],[-84.25765,34.46733],[-84.25855,34.46734],[-84.2587,34.46734],[-84.25942,34.46734],[-84.25945,34.46734],[-84.25996,34.46734],[-84.26265,34.46735],[-84.26302,34.46736],[-84.26352,34.46736],[-84.26433,34.46737],[-84.26463,34.46738],[-84.26482,34.46738],[-84.26526,34.46739],[-84.26538,34.46739],[-84.26548,34.46739],[-84.26574,34.46739],[-84.26678,34.4674],[-84.26871,34.46742],[-84.26934,34.46743],[-84.27054,34.46745],[-84.27091,34.46745],[-84.27105,34.46745],[-84.27161,34.46746],[-84.27279,34.46747],[-84.27373,34.46748],[-84.27443,34.46749],[-84.27449,34.46749],[-84.27714,34.46752],[-84.27818,34.46752],[-84.28005,34.46754],[-84.28042,34.46754],[-84.28141,34.46755],[-84.28188,34.46755],[-84.28194,34.46755],[-84.28297,34.46755],[-84.28428,34.46756],[-84.28525,34.46758],[-84.28611,34.46758],[-84.28646,34.46759],[-84.28697,34.46759],[-84.2886,34.46761],[-84.28878,34.46761],[-84.28998,34.46762],[-84.29119,34.46764],[-84.29191,34.46765],[-84.29286,34.46766],[-84.29382,34.46767],[-84.29426,34.46767],[-84.29429,34.46767],[-84.29558,34.46769],[-84.29717,34.46771],[-84.29997,34.46774],[-84.30177,34.46776],[-84.30246,34.46776],[-84.30297,34.46776],[-84.30419,34.46777],[-84.30446,34.46778],[-84.3056,34.46779],[-84.30669,34.46779],[-84.30878,34.46782],[-84.30895,34.46782],[-84.30949,34.46783],[-84.31032,34.46784],[-84.31336,34.46787],[-84.31469,34.46787],[-84.31573,34.46787],[-84.31845,34.46786],[-84.31885,34.46786],[-84.31913,34.46786],[-84.31921,34.46786],[-84.31968,34.46786],[-84.31974,34.46804],[-84.31987,34.46844],[-84.31994,34.46868],[-84.32008,34.46912],[-84.32069,34.47106],[-84.32113,34.47244],[-84.3214,34.47327],[-84.32233,34.47611],[-84.3228,34.47755],[-84.32359,34.47995],[-84.3264,34.48858],[-84.32683,34.48988],[-84.32775,34.49268],[-84.32971,34.49859],[-84.33108,34.50296],[-84.33378,34.51125],[-84.3339,34.51164],[-84.33431,34.51291],[-84.33508,34.5153],[-84.33546,34.51649],[-84.33623,34.51887],[-84.33715,34.52173],[-84.33786,34.52395],[-84.33788,34.52401],[-84.33937,34.52865],[-84.33974,34.52978],[-84.34,34.53057],[-84.3401,34.5309],[-84.34334,34.54084],[-84.34414,34.54376],[-84.34462,34.54545],[-84.34494,34.54636],[-84.34566,34.54841],[-84.34566,34.54853],[-84.34566,34.54858],[-84.34565,34.55193],[-84.34561,34.55413],[-84.3456,34.55471],[-84.34559,34.55576],[-84.34557,34.55958],[-84.34556,34.56075],[-84.34555,34.56179],[-84.34555,34.56267],[-84.34555,34.56274],[-84.3472,34.56271],[-84.35086,34.56265],[-84.35098,34.56264],[-84.35214,34.56263],[-84.3526,34.56262],[-84.3537,34.5626],[-84.35379,34.5626],[-84.35446,34.56262],[-84.35603,34.56265],[-84.3564,34.56266],[-84.35898,34.56271],[-84.35992,34.56273],[-84.36074,34.56275],[-84.36424,34.56283],[-84.36685,34.56288],[-84.36778,34.56289],[-84.37057,34.56291],[-84.3715,34.56291],[-84.37146,34.56119],[-84.37139,34.55749],[-84.37136,34.55604],[-84.37132,34.55433],[-84.37132,34.55426],[-84.37132,34.55359],[-84.37132,34.55136],[-84.37132,34.55062],[-84.37133,34.5502],[-84.37134,34.54892],[-84.37135,34.54859],[-84.37135,34.5485],[-84.37315,34.54856],[-84.37492,34.54863],[-84.37855,34.54881],[-84.38035,34.5489],[-84.40352,34.54913],[-84.42045,34.54929],[-84.42075,34.54929],[-84.42088,34.5493],[-84.42219,34.54931],[-84.42263,34.54931],[-84.42301,34.54932],[-84.42417,34.54933],[-84.42456,34.54933],[-84.42454,34.54965],[-84.42453,34.54982],[-84.42449,34.55063],[-84.42447,34.55095],[-84.42447,34.551],[-84.42446,34.55224],[-84.42445,34.55276],[-84.42441,34.55612],[-84.4244,34.55741],[-84.42526,34.55743],[-84.4253,34.55743],[-84.42785,34.55748],[-84.42871,34.55749],[-84.42877,34.55673],[-84.42894,34.55444],[-84.429,34.55367],[-84.42926,34.55334],[-84.43006,34.55233],[-84.43032,34.55199],[-84.43057,34.55168],[-84.43073,34.55148],[-84.432,34.54995],[-84.43243,34.54944],[-84.43259,34.54942],[-84.43308,34.54938],[-84.43325,34.54936],[-84.43361,34.54933],[-84.43406,34.54933],[-84.43425,34.54933],[-84.43651,34.54934],[-84.43704,34.54935],[-84.43715,34.54935],[-84.43723,34.54935]]]}},{"type":"Feature","properties":{"GEOID":"13135","BASENAME":"Gwinnett"},"geometry":{"type":"Polygon","coordinates":[[[-84.11389,34.0844],[-84.11388,34.0835],[-84.11383,34.08189],[-84.11375,34.08038],[-84.11366,34.0797],[-84.11352,34.079],[-84.11348,34.07886],[-84.11335,34.07844],[-84.11332,34.07828],[-84.11324,34.07788],[-84.1132,34.07745],[-84.11321,34.07707],[-84.11331,34.07663],[-84.1134,34.07634],[-84.11371,34.07592],[-84.11416,34.0754],[-84.11466,34.07476],[-84.11519,34.07384],[-84.11566,34.07308],[-84.11678,34.07079],[-84.11699,34.0703],[-84.11722,34.06964],[-84.11756,34.06855],[-84.11786,34.06744],[-84.11797,34.06666],[-84.11799,34.06594],[-84.11793,34.06556],[-84.1178,34.06531],[-84.11777,34.06529],[-84.11763,34.0652],[-84.11759,34.06518],[-84.1173,34.0651],[-84.11711,34.06511],[-84.11703,34.06512],[-84.11679,34.06518],[-84.11646,34.06528],[-84.11597,34.06536],[-84.11546,34.06535],[-84.11496,34.06525],[-84.11446,34.06504],[-84.1141,34.06483],[-84.11372,34.06462],[-84.11353,34.06448],[-84.11275,34.06392],[-84.1118,34.06314],[-84.11129,34.06264],[-84.11105,34.0623],[-84.11093,34.06211],[-84.11065,34.06166],[-84.11026,34.06051],[-84.11003,34.05999],[-84.10946,34.05886],[-84.10903,34.05785],[-84.10868,34.05717],[-84.10814,34.05646],[-84.10755,34.05585],[-84.10689,34.0553],[-84.10621,34.05479],[-84.10582,34.05456],[-84.10537,34.0543],[-84.10447,34.05388],[-84.10386,34.05366],[-84.10344,34.05356],[-84.10303,34.05355],[-84.10245,34.05349],[-84.10169,34.05347],[-84.10111,34.05344],[-84.10081,34.0534],[-84.10073,34.05338],[-84.10036,34.05326],[-84.0998,34.05298],[-84.09918,34.05252],[-84.09814,34.05158],[-84.09785,34.05122],[-84.09774,34.05095],[-84.0977,34.05086],[-84.0977,34.05077],[-84.09769,34.05071],[-84.09771,34.05063],[-84.09773,34.0506],[-84.09768,34.05061],[-84.09767,34.05059],[-84.09765,34.05046],[-84.09764,34.05027],[-84.09766,34.05017],[-84.09766,34.05012],[-84.09767,34.05005],[-84.09774,34.0499],[-84.09784,34.04978],[-84.09801,34.0496],[-84.09816,34.04945],[-84.09827,34.04928],[-84.09852,34.04898],[-84.09877,34.04876],[-84.09895,34.04861],[-84.09911,34.0485],[-84.09946,34.04816],[-84.09986,34.04785],[-84.10039,34.04745],[-84.10064,34.04727],[-84.10106,34.04709],[-84.10143,34.04692],[-84.1017,34.04683],[-84.10198,34.04676],[-84.10214,34.04673],[-84.1027,34.04667],[-84.10295,34.04663],[-84.1034,34.04656],[-84.10362,34.04654],[-84.10401,34.04647],[-84.10447,34.04637],[-84.1049,34.04618],[-84.10519,34.04607],[-84.10535,34.04601],[-84.10551,34.04593],[-84.10573,34.04582],[-84.10586,34.04576],[-84.10598,34.04571],[-84.10633,34.0455],[-84.10643,34.04544],[-84.10677,34.04526],[-84.10719,34.04499],[-84.10739,34.04487],[-84.10745,34.04484],[-84.10757,34.04476],[-84.10774,34.04465],[-84.10781,34.0446],[-84.10793,34.04452],[-84.10803,34.04446],[-84.10815,34.04439],[-84.10839,34.04424],[-84.10842,34.04422],[-84.10996,34.04325],[-84.11111,34.04252],[-84.11189,34.04201],[-84.11238,34.04158],[-84.1128,34.04128],[-84.11306,34.04104],[-84.11333,34.0408],[-84.11365,34.04052],[-84.11388,34.04024],[-84.11408,34.03998],[-84.11425,34.03972],[-84.11435,34.03956],[-84.11447,34.03933],[-84.11457,34.0391],[-84.11466,34.03889],[-84.11472,34.03877],[-84.11478,34.03863],[-84.11486,34.03847],[-84.1149,34.03838],[-84.11491,34.03836],[-84.11503,34.03807],[-84.11524,34.03758],[-84.11534,34.0374],[-84.11543,34.03723],[-84.1155,34.03716],[-84.11562,34.03701],[-84.11583,34.0368],[-84.11602,34.03664],[-84.1162,34.03651],[-84.11643,34.03634],[-84.11665,34.03618],[-84.11686,34.03607],[-84.11708,34.03594],[-84.11728,34.03582],[-84.1175,34.03576],[-84.11776,34.03566],[-84.11804,34.03557],[-84.11837,34.03551],[-84.1186,34.03544],[-84.11882,34.03531],[-84.11912,34.0352],[-84.11947,34.03508],[-84.12061,34.03456],[-84.1212,34.03429],[-84.12211,34.03386],[-84.12231,34.03377],[-84.12238,34.03373],[-84.12252,34.03365],[-84.12283,34.03353],[-84.1231,34.03346],[-84.12346,34.03335],[-84.12377,34.03333],[-84.12408,34.03329],[-84.12443,34.03325],[-84.12477,34.03323],[-84.12545,34.03323],[-84.12582,34.03322],[-84.12601,34.03325],[-84.1262,34.03325],[-84.12649,34.03328],[-84.12679,34.03329],[-84.12686,34.0333],[-84.12766,34.03328],[-84.12803,34.03322],[-84.12865,34.03313],[-84.13045,34.03258],[-84.13114,34.03233],[-84.13217,34.03197],[-84.13279,34.03175],[-84.13295,34.03172],[-84.13319,34.03163],[-84.13352,34.03152],[-84.13386,34.03142],[-84.13422,34.03132],[-84.13458,34.03123],[-84.13495,34.03113],[-84.13514,34.0311],[-84.13516,34.0311],[-84.13552,34.03109],[-84.13571,34.03107],[-84.13592,34.03106],[-84.13598,34.03105],[-84.13749,34.0309],[-84.13792,34.03083],[-84.13798,34.03082],[-84.13817,34.0308],[-84.13843,34.03075],[-84.13892,34.03065],[-84.13946,34.03049],[-84.13951,34.03048],[-84.13992,34.03035],[-84.14022,34.03025],[-84.14028,34.03023],[-84.1406,34.03013],[-84.14095,34.03002],[-84.14108,34.02998],[-84.14137,34.02989],[-84.14165,34.02984],[-84.14189,34.02978],[-84.14218,34.02974],[-84.14249,34.0297],[-84.14277,34.02966],[-84.14302,34.02966],[-84.14336,34.02966],[-84.14362,34.02966],[-84.14383,34.02968],[-84.14401,34.02968],[-84.14417,34.02969],[-84.14451,34.02968],[-84.14469,34.02968],[-84.1449,34.02969],[-84.14507,34.02971],[-84.14531,34.02973],[-84.14566,34.02976],[-84.14583,34.02977],[-84.14615,34.02978],[-84.14636,34.02979],[-84.14653,34.0298],[-84.14673,34.02982],[-84.14715,34.02982],[-84.14734,34.02983],[-84.14753,34.02984],[-84.14777,34.02987],[-84.14814,34.02991],[-84.14837,34.02993],[-84.14865,34.02996],[-84.14897,34.03002],[-84.14922,34.03006],[-84.1494,34.03008],[-84.14971,34.03014],[-84.14991,34.03017],[-84.15015,34.0302],[-84.15019,34.03021],[-84.15038,34.03024],[-84.1506,34.03028],[-84.15082,34.03031],[-84.15086,34.03031],[-84.15113,34.03036],[-84.15137,34.0304],[-84.15169,34.03044],[-84.15183,34.03047],[-84.152,34.03049],[-84.15217,34.03052],[-84.15237,34.03057],[-84.15246,34.03059],[-84.15271,34.03063],[-84.15286,34.03065],[-84.15304,34.03069],[-84.15323,34.03072],[-84.15354,34.03083],[-84.15393,34.03098],[-84.15417,34.03107],[-84.15459,34.03125],[-84.15497,34.03144],[-84.15524,34.03159],[-84.15539,34.03172],[-84.1555,34.03182],[-84.15653,34.03231],[-84.15664,34.03236],[-84.15676,34.03239],[-84.15688,34.03242],[-84.15702,34.0324],[-84.15713,34.03243],[-84.15725,34.03241],[-84.15737,34.03237],[-84.15752,34.03231],[-84.15815,34.03196],[-84.1586,34.03171],[-84.15862,34.0317],[-84.15872,34.03161],[-84.1591,34.03139],[-84.15948,34.03113],[-84.15965,34.03103],[-84.15974,34.03098],[-84.15988,34.03089],[-84.16016,34.03075],[-84.16044,34.03058],[-84.16089,34.03029],[-84.16133,34.03003],[-84.16164,34.02985],[-84.16171,34.02982],[-84.16197,34.02968],[-84.16206,34.02964],[-84.16227,34.02958],[-84.16253,34.02949],[-84.16295,34.02937],[-84.16332,34.02928],[-84.16372,34.02917],[-84.16411,34.02908],[-84.16448,34.02901],[-84.16453,34.029],[-84.16482,34.02894],[-84.16506,34.02888],[-84.16527,34.02886],[-84.16543,34.02884],[-84.16569,34.02882],[-84.16597,34.02879],[-84.16599,34.02879],[-84.1663,34.02876],[-84.16664,34.02876],[-84.16698,34.02875],[-84.1673,34.02873],[-84.16755,34.02871],[-84.16784,34.02871],[-84.16797,34.02871],[-84.16806,34.0287],[-84.1681,34.02869],[-84.16825,34.02869],[-84.1684,34.02863],[-84.16859,34.02857],[-84.16879,34.0285],[-84.16898,34.0284],[-84.16917,34.02828],[-84.16932,34.02816],[-84.16949,34.02801],[-84.1695,34.02801],[-84.16972,34.02779],[-84.16987,34.02764],[-84.16999,34.02751],[-84.1705,34.02704],[-84.17085,34.0267],[-84.17086,34.02669],[-84.17189,34.02551],[-84.17195,34.02544],[-84.17202,34.02534],[-84.1721,34.02525],[-84.17218,34.02516],[-84.17225,34.02507],[-84.17232,34.025],[-84.1724,34.02491],[-84.17248,34.02482],[-84.17256,34.02473],[-84.17264,34.02464],[-84.1727,34.02457],[-84.17281,34.02446],[-84.17289,34.02437],[-84.17295,34.02431],[-84.174,34.02288],[-84.17427,34.02244],[-84.17436,34.02228],[-84.17436,34.02226],[-84.1744,34.02219],[-84.17445,34.02208],[-84.17451,34.02196],[-84.17455,34.02189],[-84.1746,34.02178],[-84.17464,34.0217],[-84.1747,34.02159],[-84.17474,34.02152],[-84.17478,34.02144],[-84.17481,34.02137],[-84.17486,34.02129],[-84.17492,34.02118],[-84.17498,34.02107],[-84.17502,34.021],[-84.17506,34.02093],[-84.17511,34.02078],[-84.17516,34.02064],[-84.17521,34.0205],[-84.17526,34.02036],[-84.17531,34.02022],[-84.17536,34.02008],[-84.1754,34.01994],[-84.17545,34.0198],[-84.1755,34.01966],[-84.17555,34.01952],[-84.17559,34.01938],[-84.17564,34.01923],[-84.17569,34.01909],[-84.17573,34.01895],[-84.17578,34.01881],[-84.17582,34.01867],[-84.17587,34.01853],[-84.17591,34.01839],[-84.17595,34.01824],[-84.176,34.0181],[-84.17601,34.01806],[-84.17604,34.01796],[-84.17606,34.01789],[-84.17607,34.01782],[-84.17609,34.01775],[-84.17611,34.01765],[-84.17613,34.01755],[-84.17616,34.01744],[-84.17619,34.01734],[-84.17621,34.01727],[-84.17624,34.01717],[-84.17626,34.0171],[-84.17628,34.01704],[-84.17631,34.01693],[-84.17634,34.01687],[-84.17637,34.01677],[-84.1764,34.0167],[-84.17642,34.01663],[-84.17646,34.01653],[-84.1765,34.01643],[-84.17654,34.01633],[-84.17658,34.01623],[-84.17661,34.01617],[-84.17666,34.01607],[-84.17669,34.016],[-84.17673,34.01591],[-84.17677,34.01584],[-84.1768,34.01578],[-84.17686,34.01566],[-84.17691,34.01558],[-84.17696,34.0155],[-84.177,34.01541],[-84.17705,34.01533],[-84.17712,34.0152],[-84.17716,34.01512],[-84.17721,34.01503],[-84.17725,34.01495],[-84.1773,34.01486],[-84.17736,34.01473],[-84.17741,34.01465],[-84.17745,34.01456],[-84.17749,34.01448],[-84.17753,34.01439],[-84.17754,34.01437],[-84.17755,34.01436],[-84.17756,34.01431],[-84.17807,34.01297],[-84.17807,34.01296],[-84.17807,34.01294],[-84.17809,34.01283],[-84.17812,34.01271],[-84.17815,34.01262],[-84.17818,34.01255],[-84.17821,34.01246],[-84.17825,34.01231],[-84.17827,34.01223],[-84.17829,34.01214],[-84.17833,34.01203],[-84.17836,34.01191],[-84.17839,34.01181],[-84.17841,34.01171],[-84.17843,34.01163],[-84.17845,34.01151],[-84.17847,34.01143],[-84.17849,34.01133],[-84.1785,34.01126],[-84.17852,34.01114],[-84.17855,34.01102],[-84.17858,34.0109],[-84.17859,34.01082],[-84.1786,34.01071],[-84.17863,34.01061],[-84.17864,34.01054],[-84.17866,34.01047],[-84.17868,34.01035],[-84.17871,34.01025],[-84.17872,34.01018],[-84.17875,34.01006],[-84.1788,34.00994],[-84.17882,34.00987],[-84.17884,34.0098],[-84.17886,34.00972],[-84.17887,34.00964],[-84.1789,34.00955],[-84.17892,34.00947],[-84.17896,34.0094],[-84.179,34.00932],[-84.17906,34.00909],[-84.17914,34.00898],[-84.17915,34.00896],[-84.17918,34.0089],[-84.17921,34.00882],[-84.17924,34.00876],[-84.17923,34.00867],[-84.17926,34.0086],[-84.17929,34.00854],[-84.17933,34.00845],[-84.17935,34.00836],[-84.17936,34.00829],[-84.1794,34.00819],[-84.17942,34.00816],[-84.17944,34.00812],[-84.17945,34.00809],[-84.17948,34.00802],[-84.17951,34.00791],[-84.17952,34.00788],[-84.17955,34.00775],[-84.17958,34.00766],[-84.17974,34.00711],[-84.17996,34.00654],[-84.18009,34.00594],[-84.18017,34.00524],[-84.18019,34.00467],[-84.18016,34.00417],[-84.18013,34.00374],[-84.18002,34.00312],[-84.17995,34.00252],[-84.17994,34.00179],[-84.17995,34.00099],[-84.18008,34.00037],[-84.18014,34.00018],[-84.18031,33.99983],[-84.18038,33.99967],[-84.18061,33.99919],[-84.18066,33.99908],[-84.18073,33.99895],[-84.18077,33.9989],[-84.18088,33.99871],[-84.18143,33.99797],[-84.18193,33.99742],[-84.18205,33.99731],[-84.18209,33.99727],[-84.18211,33.99724],[-84.18253,33.99685],[-84.18311,33.99632],[-84.18375,33.99568],[-84.18441,33.9951],[-84.18503,33.99464],[-84.18507,33.99462],[-84.18545,33.99436],[-84.18547,33.99435],[-84.18581,33.99411],[-84.18647,33.99379],[-84.18702,33.99352],[-84.18802,33.99299],[-84.18838,33.99275],[-84.18848,33.99269],[-84.18891,33.99246],[-84.1895,33.99224],[-84.19029,33.99183],[-84.19083,33.99157],[-84.19088,33.99155],[-84.19158,33.99126],[-84.19197,33.99109],[-84.19245,33.99092],[-84.19267,33.99084],[-84.19329,33.99074],[-84.19381,33.99071],[-84.19399,33.9907],[-84.195,33.99059],[-84.19593,33.99048],[-84.19662,33.9904],[-84.19763,33.99022],[-84.19807,33.9901],[-84.19862,33.99002],[-84.19941,33.98989],[-84.20002,33.98978],[-84.20076,33.9897],[-84.20129,33.9896],[-84.20175,33.98951],[-84.20235,33.98942],[-84.20284,33.98935],[-84.20343,33.98942],[-84.20402,33.98956],[-84.20441,33.98975],[-84.20477,33.9901],[-84.20488,33.99025],[-84.20495,33.99034],[-84.20507,33.99067],[-84.20509,33.99105],[-84.20509,33.99147],[-84.20496,33.99189],[-84.20488,33.99195],[-84.20463,33.99216],[-84.20422,33.99231],[-84.20374,33.99245],[-84.20357,33.99252],[-84.20325,33.99265],[-84.20282,33.99284],[-84.20241,33.99317],[-84.20189,33.99368],[-84.20164,33.9941],[-84.20157,33.99451],[-84.20156,33.99484],[-84.20156,33.99501],[-84.20163,33.99561],[-84.20174,33.99617],[-84.20189,33.9966],[-84.20191,33.99664],[-84.20209,33.99704],[-84.20215,33.99714],[-84.20224,33.99727],[-84.2024,33.9975],[-84.20277,33.99791],[-84.20317,33.99832],[-84.20363,33.99861],[-84.20416,33.9988],[-84.20485,33.99904],[-84.20569,33.99939],[-84.20634,33.99974],[-84.20651,33.99981],[-84.20654,33.99982],[-84.20659,33.99987],[-84.20667,33.99993],[-84.20677,33.99999],[-84.20684,34.00004],[-84.20692,34.00009],[-84.207,34.00014],[-84.20708,34.0002],[-84.20721,34.0003],[-84.2073,34.00037],[-84.20739,34.00044],[-84.20748,34.00051],[-84.20757,34.00058],[-84.20766,34.00066],[-84.20775,34.00073],[-84.20784,34.0008],[-84.20794,34.00087],[-84.20803,34.00094],[-84.20812,34.00102],[-84.20821,34.00108],[-84.2083,34.00115],[-84.2084,34.00122],[-84.20849,34.00129],[-84.20858,34.00136],[-84.20868,34.00143],[-84.20877,34.0015],[-84.20885,34.00158],[-84.20894,34.00165],[-84.20897,34.00167],[-84.21249,34.00379],[-84.21254,34.0038],[-84.21265,34.00383],[-84.21292,34.0039],[-84.21406,34.0039],[-84.21428,34.0039],[-84.21509,34.00394],[-84.21634,34.00385],[-84.21757,34.00371],[-84.21889,34.00352],[-84.21957,34.00347],[-84.22057,34.00351],[-84.22191,34.00357],[-84.22256,34.00365],[-84.2235,34.0038],[-84.22411,34.00393],[-84.22455,34.00402],[-84.22533,34.0041],[-84.22636,34.00413],[-84.22732,34.00406],[-84.22761,34.00401],[-84.22814,34.00392],[-84.22917,34.00364],[-84.23042,34.00312],[-84.23181,34.00243],[-84.23246,34.00205],[-84.23285,34.00182],[-84.23332,34.00167],[-84.23335,34.00166],[-84.23341,34.00164],[-84.23351,34.00163],[-84.23399,34.00159],[-84.23441,34.0016],[-84.23478,34.00154],[-84.2351,34.00139],[-84.23575,34.00097],[-84.2372,34.00018],[-84.23804,33.99986],[-84.23901,33.99963],[-84.23995,33.99947],[-84.24051,33.9994],[-84.24174,33.99941],[-84.24345,33.99929],[-84.24628,33.99886],[-84.2475,33.99861],[-84.24832,33.99826],[-84.24895,33.99776],[-84.24927,33.99733],[-84.24957,33.99677],[-84.24975,33.9962],[-84.2498,33.99546],[-84.24975,33.99488],[-84.24973,33.99463],[-84.2496,33.99393],[-84.24947,33.99318],[-84.24949,33.99274],[-84.2496,33.99248],[-84.24975,33.99213],[-84.25016,33.99163],[-84.25043,33.99129],[-84.25133,33.99031],[-84.25211,33.98924],[-84.2526,33.98825],[-84.25333,33.98718],[-84.25407,33.98642],[-84.25449,33.98626],[-84.25467,33.9861],[-84.25535,33.98594],[-84.25598,33.98592],[-84.25671,33.98602],[-84.25733,33.98621],[-84.25803,33.98654],[-84.25867,33.98691],[-84.26014,33.98754],[-84.26094,33.98766],[-84.26174,33.98757],[-84.26228,33.9874],[-84.26266,33.98715],[-84.26298,33.9868],[-84.26308,33.98659],[-84.26317,33.98639],[-84.26327,33.98609],[-84.26331,33.98598],[-84.26345,33.98554],[-84.26345,33.98552],[-84.26346,33.98444],[-84.26334,33.9833],[-84.26306,33.98213],[-84.26302,33.982],[-84.26265,33.98073],[-84.26221,33.97923],[-84.2616,33.9772],[-84.26156,33.97648],[-84.26164,33.97571],[-84.26165,33.97568],[-84.26176,33.97506],[-84.26193,33.97455],[-84.26207,33.97437],[-84.26225,33.97412],[-84.2626,33.97386],[-84.26268,33.9738],[-84.26276,33.97374],[-84.26285,33.97368],[-84.26268,33.97344],[-84.26265,33.9734],[-84.2625,33.97318],[-84.26218,33.97271],[-84.26197,33.97239],[-84.26173,33.97199],[-84.26125,33.97127],[-84.26108,33.971],[-84.26096,33.97085],[-84.26085,33.9707],[-84.26078,33.97063],[-84.26042,33.97021],[-84.26007,33.96986],[-84.25847,33.96843],[-84.25817,33.96823],[-84.25809,33.96818],[-84.2583,33.96814],[-84.25891,33.96796],[-84.25908,33.96791],[-84.25912,33.96791],[-84.25944,33.96781],[-84.25985,33.96769],[-84.26022,33.96755],[-84.26134,33.96697],[-84.26217,33.96652],[-84.26289,33.96614],[-84.26338,33.96588],[-84.2641,33.96549],[-84.26443,33.96531],[-84.26473,33.96516],[-84.26522,33.96491],[-84.26552,33.96475],[-84.26575,33.96463],[-84.26663,33.96421],[-84.26733,33.96387],[-84.26756,33.9638],[-84.26762,33.96378],[-84.26775,33.96352],[-84.26826,33.96244],[-84.26838,33.96222],[-84.26854,33.96193],[-84.26874,33.9616],[-84.26881,33.96152],[-84.26909,33.96125],[-84.26939,33.96101],[-84.27066,33.96015],[-84.27117,33.9598],[-84.27154,33.95955],[-84.2717,33.95943],[-84.27193,33.95927],[-84.27235,33.95895],[-84.2725,33.95884],[-84.27302,33.9594],[-84.27373,33.9588],[-84.27405,33.95839],[-84.27412,33.9583],[-84.27519,33.95806],[-84.27632,33.9578],[-84.27644,33.95778],[-84.27682,33.9577],[-84.27687,33.95768],[-84.27689,33.95768],[-84.27706,33.95762],[-84.27709,33.95761],[-84.27683,33.9571],[-84.27681,33.95707],[-84.27679,33.95702],[-84.27667,33.95677],[-84.2765,33.95644],[-84.27628,33.956],[-84.27624,33.95593],[-84.27598,33.9554],[-84.27581,33.95507],[-84.27564,33.95473],[-84.27557,33.95458],[-84.27532,33.9541],[-84.27501,33.95424],[-84.27365,33.95488],[-84.27237,33.95547],[-84.27182,33.95574],[-84.27147,33.95589],[-84.2711,33.95537],[-84.27068,33.95477],[-84.2705,33.9545],[-84.26994,33.9537],[-84.26991,33.95365],[-84.26954,33.95313],[-84.26827,33.95134],[-84.2672,33.9498],[-84.26652,33.94885],[-84.26587,33.94792],[-84.26616,33.94767],[-84.26725,33.94714],[-84.26991,33.94591],[-84.27002,33.94523],[-84.2703,33.94441],[-84.27047,33.94401],[-84.27019,33.94337],[-84.26978,33.94245],[-84.26926,33.94133],[-84.26917,33.94113],[-84.26902,33.9412],[-84.26878,33.94084],[-84.26834,33.94104],[-84.26811,33.94068],[-84.26929,33.94015],[-84.26826,33.93811],[-84.26804,33.93764],[-84.26799,33.93743],[-84.26792,33.93733],[-84.26781,33.93717],[-84.26731,33.93651],[-84.26726,33.93644],[-84.26721,33.93637],[-84.26714,33.93627],[-84.26701,33.93601],[-84.26689,33.93576],[-84.26674,33.93547],[-84.26666,33.9353],[-84.26661,33.93518],[-84.26638,33.93472],[-84.26626,33.93447],[-84.26624,33.93442],[-84.26588,33.9337],[-84.26585,33.93364],[-84.26574,33.93341],[-84.2655,33.93291],[-84.26534,33.93258],[-84.26531,33.93249],[-84.26524,33.93226],[-84.26493,33.9312],[-84.26492,33.93116],[-84.26489,33.93104],[-84.26488,33.93087],[-84.26487,33.9308],[-84.26485,33.93071],[-84.26484,33.93063],[-84.2646,33.92984],[-84.26452,33.9297],[-84.2645,33.92965],[-84.26449,33.92962],[-84.26449,33.9296],[-84.26352,33.927],[-84.26332,33.92652],[-84.26256,33.92481],[-84.2618,33.92307],[-84.26166,33.92276],[-84.26154,33.92247],[-84.26152,33.92242],[-84.26142,33.9222],[-84.26134,33.92204],[-84.26121,33.92176],[-84.26013,33.91951],[-84.25982,33.9189],[-84.25945,33.91903],[-84.25926,33.91909],[-84.25922,33.9191],[-84.25914,33.91899],[-84.25902,33.91884],[-84.25901,33.91882],[-84.259,33.91881],[-84.25896,33.91875],[-84.25892,33.9187],[-84.25888,33.91866],[-84.25883,33.91861],[-84.2588,33.91858],[-84.25878,33.91856],[-84.25867,33.91843],[-84.25835,33.91797],[-84.25828,33.91789],[-84.25766,33.91698],[-84.2576,33.91689],[-84.25712,33.9162],[-84.25632,33.91489],[-84.25602,33.9144],[-84.25437,33.91312],[-84.25432,33.91308],[-84.25412,33.91292],[-84.2541,33.91291],[-84.25402,33.91285],[-84.25242,33.9116],[-84.25232,33.91156],[-84.25074,33.91094],[-84.25041,33.91081],[-84.25009,33.91068],[-84.24962,33.9105],[-84.24882,33.9102],[-84.24872,33.91017],[-84.24806,33.90995],[-84.24687,33.90957],[-84.24627,33.90915],[-84.2462,33.9091],[-84.24618,33.90909],[-84.24613,33.90905],[-84.24513,33.90836],[-84.24495,33.90824],[-84.24492,33.90822],[-84.24467,33.90804],[-84.24464,33.90802],[-84.24464,33.90802],[-84.24432,33.9078],[-84.24427,33.90775],[-84.24421,33.90769],[-84.24419,33.90767],[-84.24402,33.9075],[-84.24277,33.90699],[-84.24275,33.90699],[-84.23861,33.9053],[-84.23812,33.9051],[-84.23807,33.90507],[-84.23802,33.90504],[-84.23776,33.90486],[-84.23752,33.9047],[-84.23711,33.90445],[-84.23708,33.90442],[-84.23672,33.9042],[-84.23617,33.90393],[-84.23588,33.90379],[-84.23586,33.90378],[-84.23583,33.90377],[-84.23582,33.90376],[-84.23498,33.90335],[-84.23439,33.90306],[-84.23382,33.90278],[-84.23277,33.90227],[-84.23222,33.902],[-84.2322,33.90198],[-84.23165,33.9013],[-84.23153,33.90115],[-84.23115,33.90068],[-84.23076,33.9002],[-84.22918,33.89824],[-84.2274,33.89604],[-84.22706,33.89562],[-84.22693,33.89545],[-84.22644,33.89485],[-84.22599,33.89429],[-84.22563,33.89385],[-84.22549,33.89367],[-84.22548,33.89366],[-84.22537,33.89352],[-84.22486,33.8929],[-84.22475,33.89275],[-84.22422,33.8921],[-84.22283,33.8921],[-84.22272,33.8921],[-84.22193,33.89126],[-84.22181,33.89113],[-84.22049,33.88956],[-84.22009,33.88909],[-84.21789,33.88647],[-84.21787,33.88645],[-84.21734,33.88582],[-84.21724,33.8857],[-84.2163,33.88493],[-84.21536,33.88415],[-84.21467,33.88375],[-84.21387,33.8832],[-84.21377,33.88313],[-84.21335,33.88285],[-84.21327,33.8828],[-84.21325,33.88278],[-84.21321,33.88275],[-84.20929,33.87932],[-84.20834,33.8785],[-84.20822,33.87839],[-84.20773,33.87796],[-84.2077,33.87793],[-84.20758,33.87782],[-84.20716,33.87746],[-84.2062,33.87725],[-84.20591,33.87719],[-84.20586,33.87716],[-84.20586,33.87712],[-84.20587,33.87695],[-84.20589,33.87661],[-84.20591,33.87606],[-84.20568,33.87608],[-84.20552,33.8761],[-84.20562,33.87656],[-84.2056,33.87665],[-84.20559,33.87673],[-84.20565,33.87704],[-84.2053,33.87689],[-84.20509,33.8768],[-84.20508,33.87679],[-84.20506,33.87674],[-84.20502,33.87662],[-84.20486,33.87618],[-84.20484,33.87618],[-84.20466,33.87572],[-84.20465,33.87564],[-84.20502,33.87559],[-84.20494,33.87508],[-84.20479,33.8751],[-84.2047,33.87511],[-84.20474,33.87506],[-84.20459,33.87448],[-84.20449,33.87439],[-84.20442,33.87432],[-84.20421,33.87412],[-84.20388,33.87381],[-84.20358,33.87353],[-84.20352,33.87348],[-84.20349,33.87346],[-84.20349,33.87342],[-84.20341,33.87296],[-84.2034,33.87292],[-84.20324,33.87278],[-84.20301,33.8726],[-84.20293,33.87256],[-84.20277,33.87249],[-84.20201,33.87216],[-84.20195,33.87213],[-84.20142,33.8719],[-84.20132,33.87185],[-84.20124,33.87181],[-84.20117,33.87178],[-84.20061,33.8715],[-84.20015,33.87144],[-84.1998,33.87138],[-84.1995,33.87149],[-84.19908,33.87163],[-84.19879,33.87173],[-84.19868,33.87177],[-84.19864,33.87178],[-84.19854,33.87182],[-84.19852,33.87182],[-84.19836,33.87184],[-84.19797,33.87187],[-84.1973,33.87175],[-84.19689,33.87168],[-84.1968,33.87166],[-84.19629,33.87098],[-84.19569,33.87033],[-84.19538,33.87002],[-84.195,33.86965],[-84.19483,33.86946],[-84.19468,33.86926],[-84.19453,33.86903],[-84.19424,33.86863],[-84.19394,33.86832],[-84.19369,33.86812],[-84.19354,33.86802],[-84.19343,33.86789],[-84.1934,33.86782],[-84.19332,33.86778],[-84.19314,33.86773],[-84.19289,33.86764],[-84.1924,33.86754],[-84.19208,33.86747],[-84.19099,33.86723],[-84.19087,33.8672],[-84.19081,33.86719],[-84.1907,33.86716],[-84.1902,33.86705],[-84.18993,33.86698],[-84.18916,33.8668],[-84.18891,33.86674],[-84.18887,33.86673],[-84.18824,33.86658],[-84.18804,33.86659],[-84.18785,33.8666],[-84.18715,33.86645],[-84.18647,33.86631],[-84.18615,33.86624],[-84.18555,33.86611],[-84.18502,33.866],[-84.18491,33.86598],[-84.1849,33.86597],[-84.18472,33.86593],[-84.18443,33.8659],[-84.18442,33.8659],[-84.18401,33.86578],[-84.18369,33.86571],[-84.18203,33.86542],[-84.18191,33.86536],[-84.18162,33.86524],[-84.18145,33.86518],[-84.1812,33.86512],[-84.18108,33.86509],[-84.18104,33.86508],[-84.18099,33.86506],[-84.18098,33.86505],[-84.18067,33.86485],[-84.18051,33.86476],[-84.18033,33.86468],[-84.1797,33.86441],[-84.17931,33.86428],[-84.17863,33.86354],[-84.1779,33.86276],[-84.17762,33.86246],[-84.17743,33.86225],[-84.17734,33.86213],[-84.17716,33.86194],[-84.17708,33.86185],[-84.17705,33.86181],[-84.17665,33.86137],[-84.17643,33.86113],[-84.17626,33.86093],[-84.17609,33.86073],[-84.17494,33.85963],[-84.17486,33.8596],[-84.17472,33.85953],[-84.1744,33.85938],[-84.1738,33.85911],[-84.17284,33.85866],[-84.17264,33.85864],[-84.17256,33.85863],[-84.17244,33.85862],[-84.17209,33.85859],[-84.17182,33.85857],[-84.17139,33.85853],[-84.17111,33.85822],[-84.17093,33.85802],[-84.17022,33.85762],[-84.17,33.8575],[-84.16917,33.85743],[-84.16898,33.85742],[-84.16892,33.85741],[-84.16843,33.85719],[-84.16844,33.85716],[-84.16844,33.85715],[-84.16844,33.85713],[-84.16844,33.85711],[-84.16843,33.85709],[-84.16842,33.85707],[-84.16841,33.85706],[-84.16839,33.85704],[-84.16837,33.85702],[-84.16834,33.85701],[-84.16831,33.857],[-84.16828,33.857],[-84.16825,33.857],[-84.16823,33.85701],[-84.1682,33.85701],[-84.16815,33.85693],[-84.16814,33.8569],[-84.16807,33.85679],[-84.16773,33.85672],[-84.16742,33.85665],[-84.16695,33.85651],[-84.16646,33.85619],[-84.16609,33.85596],[-84.16592,33.85587],[-84.16587,33.85584],[-84.16568,33.85574],[-84.16555,33.85569],[-84.16528,33.85559],[-84.16475,33.8554],[-84.16449,33.8553],[-84.16394,33.85501],[-84.16383,33.85496],[-84.1636,33.85486],[-84.16327,33.85471],[-84.16279,33.8545],[-84.16166,33.854],[-84.16147,33.85392],[-84.16129,33.85386],[-84.16109,33.85384],[-84.16083,33.85384],[-84.16034,33.85384],[-84.15985,33.85378],[-84.15841,33.8536],[-84.15796,33.85329],[-84.15787,33.85322],[-84.15776,33.85313],[-84.15761,33.85302],[-84.15691,33.85233],[-84.15666,33.85189],[-84.15656,33.85173],[-84.15632,33.85134],[-84.15622,33.85117],[-84.15605,33.85086],[-84.15585,33.85044],[-84.15549,33.85001],[-84.15503,33.84946],[-84.15498,33.8494],[-84.15483,33.84923],[-84.15449,33.84882],[-84.15419,33.84835],[-84.15407,33.84816],[-84.15404,33.84811],[-84.15363,33.84801],[-84.15339,33.84795],[-84.15323,33.84792],[-84.15304,33.84787],[-84.1527,33.84767],[-84.15223,33.84738],[-84.15195,33.84718],[-84.15171,33.84701],[-84.15141,33.84689],[-84.15137,33.84688],[-84.15119,33.84681],[-84.14995,33.84588],[-84.1497,33.84535],[-84.14942,33.84472],[-84.14904,33.84367],[-84.14885,33.84313],[-84.14854,33.84288],[-84.14838,33.84275],[-84.14833,33.84268],[-84.14801,33.84246],[-84.1473,33.8419],[-84.14636,33.84116],[-84.14626,33.84106],[-84.14597,33.84079],[-84.14578,33.84061],[-84.14551,33.84006],[-84.14543,33.8399],[-84.14515,33.83971],[-84.1444,33.83919],[-84.14428,33.8392],[-84.14354,33.8393],[-84.14322,33.83931],[-84.14318,33.8393],[-84.1429,33.83923],[-84.14278,33.83921],[-84.14162,33.83893],[-84.14146,33.83894],[-84.14127,33.83894],[-84.14102,33.83876],[-84.14083,33.83857],[-84.1406,33.83842],[-84.14033,33.83824],[-84.14018,33.83814],[-84.13989,33.83799],[-84.1396,33.83788],[-84.13934,33.83779],[-84.1392,33.83772],[-84.13905,33.83763],[-84.13872,33.83741],[-84.13855,33.83732],[-84.13853,33.83731],[-84.13838,33.83724],[-84.13835,33.83718],[-84.13824,33.83704],[-84.13786,33.83696],[-84.13719,33.8368],[-84.13682,33.8367],[-84.13611,33.8361],[-84.13585,33.83586],[-84.13566,33.83576],[-84.13557,33.83566],[-84.13505,33.83509],[-84.13485,33.83487],[-84.13447,33.8344],[-84.13433,33.83428],[-84.13417,33.83414],[-84.13396,33.83397],[-84.13337,33.83345],[-84.13338,33.83233],[-84.13338,33.83224],[-84.13338,33.83196],[-84.13338,33.83163],[-84.13338,33.83131],[-84.13221,33.8295],[-84.13212,33.82935],[-84.13134,33.82856],[-84.13075,33.82794],[-84.13058,33.82779],[-84.13042,33.82764],[-84.13018,33.82742],[-84.13011,33.82736],[-84.12984,33.8271],[-84.12967,33.82697],[-84.12947,33.82684],[-84.12926,33.82658],[-84.12896,33.82629],[-84.12872,33.82607],[-84.12856,33.82592],[-84.12804,33.82544],[-84.12792,33.8253],[-84.12787,33.82523],[-84.12692,33.82381],[-84.12641,33.82322],[-84.12633,33.82314],[-84.12626,33.82305],[-84.12623,33.82302],[-84.12622,33.82301],[-84.12614,33.82291],[-84.1261,33.82287],[-84.12602,33.82277],[-84.12597,33.82271],[-84.12594,33.82267],[-84.12576,33.82246],[-84.12301,33.81914],[-84.12298,33.81911],[-84.12282,33.8189],[-84.12268,33.8188],[-84.12303,33.81853],[-84.12253,33.81807],[-84.12235,33.81823],[-84.12179,33.81807],[-84.12165,33.81798],[-84.12018,33.81707],[-84.1206,33.8168],[-84.11983,33.81581],[-84.11342,33.80751],[-84.11175,33.80666],[-84.10872,33.80511],[-84.10796,33.80468],[-84.10712,33.80421],[-84.10499,33.80314],[-84.10485,33.80296],[-84.10479,33.80276],[-84.10472,33.80243],[-84.10471,33.80241],[-84.10461,33.80227],[-84.10406,33.80174],[-84.10397,33.80169],[-84.10386,33.80163],[-84.10354,33.80144],[-84.10351,33.80144],[-84.1034,33.80139],[-84.10325,33.80132],[-84.10321,33.80131],[-84.10318,33.8013],[-84.10291,33.80121],[-84.1027,33.80115],[-84.1025,33.80111],[-84.10228,33.80107],[-84.10116,33.80085],[-84.10085,33.80082],[-84.10082,33.8008],[-84.10061,33.80073],[-84.09983,33.80045],[-84.09979,33.80043],[-84.09977,33.80042],[-84.09974,33.80041],[-84.09972,33.80041],[-84.09792,33.79951],[-84.09778,33.79929],[-84.09722,33.79837],[-84.09719,33.79833],[-84.09712,33.7982],[-84.0964,33.79718],[-84.09621,33.79691],[-84.09451,33.79581],[-84.09333,33.79513],[-84.09331,33.79511],[-84.09324,33.79501],[-84.09292,33.7946],[-84.09131,33.79251],[-84.09005,33.79172],[-84.08731,33.79001],[-84.08633,33.7889],[-84.08633,33.78889],[-84.08631,33.78888],[-84.08627,33.78884],[-84.0862,33.78875],[-84.08571,33.78821],[-84.08549,33.78796],[-84.08544,33.78791],[-84.08543,33.78789],[-84.08538,33.78784],[-84.07692,33.77861],[-84.07645,33.77809],[-84.07591,33.77751],[-84.07588,33.77749],[-84.07099,33.77504],[-84.07097,33.77503],[-84.07051,33.77481],[-84.07021,33.77477],[-84.07017,33.77477],[-84.07014,33.77476],[-84.07001,33.77474],[-84.069,33.77462],[-84.06898,33.77462],[-84.06755,33.77437],[-84.06672,33.77423],[-84.06637,33.77417],[-84.0659,33.77409],[-84.06523,33.77398],[-84.05831,33.77276],[-84.0582,33.77277],[-84.05819,33.77276],[-84.05811,33.77272],[-84.05802,33.77268],[-84.05787,33.77257],[-84.05783,33.77254],[-84.05756,33.77233],[-84.05718,33.77204],[-84.05623,33.77131],[-84.0561,33.7712],[-84.05481,33.77021],[-84.05334,33.76804],[-84.05332,33.76801],[-84.05244,33.76706],[-84.05212,33.76671],[-84.05199,33.76663],[-84.05197,33.76663],[-84.05081,33.76598],[-84.04961,33.76531],[-84.04925,33.76541],[-84.04861,33.76561],[-84.04853,33.76558],[-84.04793,33.76536],[-84.04719,33.76509],[-84.04647,33.76466],[-84.04639,33.76461],[-84.04625,33.76453],[-84.04621,33.76451],[-84.04455,33.76325],[-84.04357,33.7625],[-84.04347,33.76243],[-84.04337,33.76235],[-84.04331,33.76231],[-84.04321,33.76151],[-84.04321,33.76147],[-84.04312,33.76101],[-84.04308,33.76098],[-84.04241,33.76038],[-84.04238,33.76034],[-84.04236,33.76033],[-84.04217,33.76016],[-84.04211,33.76011],[-84.04189,33.75971],[-84.04165,33.75927],[-84.04164,33.75926],[-84.04162,33.75922],[-84.04161,33.75921],[-84.04115,33.75867],[-84.04108,33.75859],[-84.04039,33.7578],[-84.04036,33.75776],[-84.04031,33.75771],[-84.0402,33.75769],[-84.04011,33.75768],[-84.03841,33.75741],[-84.03822,33.7578],[-84.03694,33.75743],[-84.03642,33.75728],[-84.03564,33.75705],[-84.03515,33.75691],[-84.03458,33.75675],[-84.03411,33.75661],[-84.03241,33.75611],[-84.03231,33.75605],[-84.03229,33.75603],[-84.03072,33.75511],[-84.02641,33.75311],[-84.02494,33.75294],[-84.02371,33.75281],[-84.01879,33.75662],[-84.01778,33.7574],[-84.01751,33.75761],[-84.01584,33.75897],[-84.01528,33.75942],[-84.01294,33.76132],[-84.00947,33.76414],[-84.00553,33.76732],[-84.00435,33.76827],[-84.00279,33.76953],[-84.00096,33.77103],[-83.99991,33.77191],[-83.9999,33.77192],[-83.99971,33.7721],[-83.9997,33.77211],[-83.99967,33.77215],[-83.99965,33.77216],[-83.99949,33.77229],[-83.99725,33.77412],[-83.9957,33.77539],[-83.99471,33.7762],[-83.99451,33.77635],[-83.99367,33.77704],[-83.99281,33.77773],[-83.99156,33.77873],[-83.9905,33.77957],[-83.99024,33.77978],[-83.98919,33.78062],[-83.98887,33.78088],[-83.98673,33.78259],[-83.98667,33.78264],[-83.98654,33.78275],[-83.98456,33.78433],[-83.9834,33.78512],[-83.98203,33.78605],[-83.9822,33.78616],[-83.98202,33.78631],[-83.98156,33.78668],[-83.98155,33.78669],[-83.98154,33.7867],[-83.97966,33.78823],[-83.9778,33.78975],[-83.97777,33.78977],[-83.9773,33.79015],[-83.97564,33.79151],[-83.97479,33.7922],[-83.97437,33.79254],[-83.97276,33.79383],[-83.97265,33.79392],[-83.97261,33.79395],[-83.97179,33.79461],[-83.97015,33.79593],[-83.96722,33.79826],[-83.9669,33.79851],[-83.96681,33.79859],[-83.96678,33.79861],[-83.96669,33.79868],[-83.96646,33.79886],[-83.96562,33.79953],[-83.9652,33.79985],[-83.9651,33.79992],[-83.96507,33.79995],[-83.96502,33.79998],[-83.96465,33.80026],[-83.96374,33.80095],[-83.96183,33.80239],[-83.96169,33.8025],[-83.96093,33.80308],[-83.9609,33.8031],[-83.95845,33.80495],[-83.95768,33.80554],[-83.95766,33.80555],[-83.95656,33.80639],[-83.95645,33.80647],[-83.95636,33.80657],[-83.95471,33.80779],[-83.95469,33.8078],[-83.9539,33.8084],[-83.95153,33.81018],[-83.94955,33.81168],[-83.94758,33.81318],[-83.94679,33.81378],[-83.94606,33.81432],[-83.946,33.81437],[-83.94524,33.81495],[-83.94251,33.81704],[-83.94248,33.81705],[-83.93954,33.8193],[-83.93843,33.82014],[-83.93705,33.82119],[-83.93524,33.82257],[-83.93515,33.82264],[-83.93507,33.8227],[-83.93276,33.82446],[-83.93232,33.82479],[-83.93211,33.82495],[-83.9316,33.82534],[-83.93098,33.82582],[-83.92938,33.82702],[-83.92908,33.82725],[-83.92859,33.82762],[-83.92826,33.82786],[-83.92779,33.82822],[-83.92757,33.82839],[-83.92744,33.82848],[-83.92518,33.83019],[-83.92512,33.83024],[-83.92385,33.83119],[-83.92376,33.83126],[-83.92138,33.83305],[-83.92038,33.83381],[-83.92024,33.83392],[-83.9178,33.83577],[-83.91761,33.83591],[-83.91743,33.83604],[-83.91631,33.83689],[-83.91592,33.83719],[-83.9155,33.8375],[-83.91305,33.83937],[-83.91301,33.8394],[-83.91044,33.84134],[-83.90846,33.84284],[-83.90842,33.84288],[-83.90838,33.84291],[-83.90764,33.84347],[-83.90756,33.84353],[-83.90685,33.84407],[-83.90547,33.84512],[-83.90543,33.84514],[-83.90389,33.84631],[-83.90382,33.84636],[-83.90221,33.84759],[-83.90194,33.84779],[-83.90148,33.84816],[-83.90034,33.84907],[-83.90014,33.84924],[-83.89967,33.84961],[-83.89937,33.84986],[-83.89917,33.85002],[-83.89911,33.85006],[-83.89886,33.85026],[-83.89861,33.85046],[-83.89855,33.85051],[-83.89745,33.85139],[-83.89712,33.85165],[-83.897,33.85175],[-83.89667,33.85202],[-83.896,33.85255],[-83.89592,33.85262],[-83.89575,33.85276],[-83.89459,33.85368],[-83.89439,33.85385],[-83.89429,33.85392],[-83.89394,33.85421],[-83.89384,33.85429],[-83.89368,33.85442],[-83.89261,33.85528],[-83.89146,33.85619],[-83.89117,33.85643],[-83.89036,33.85707],[-83.88901,33.85814],[-83.8889,33.85823],[-83.88778,33.85913],[-83.88622,33.86036],[-83.88515,33.86122],[-83.8843,33.86189],[-83.88375,33.86233],[-83.88333,33.86267],[-83.88165,33.864],[-83.88072,33.86475],[-83.87916,33.86599],[-83.8791,33.86604],[-83.87773,33.86714],[-83.87758,33.86726],[-83.87711,33.86764],[-83.87703,33.8677],[-83.87674,33.86793],[-83.87607,33.86847],[-83.87582,33.86867],[-83.87561,33.86884],[-83.87544,33.86898],[-83.87484,33.86946],[-83.87143,33.87221],[-83.87084,33.87268],[-83.87037,33.87306],[-83.87028,33.87313],[-83.86901,33.87416],[-83.8637,33.87841],[-83.86245,33.87941],[-83.86243,33.87943],[-83.86195,33.87981],[-83.86081,33.88072],[-83.85973,33.88158],[-83.85971,33.8816],[-83.85697,33.88379],[-83.85639,33.88425],[-83.85591,33.88463],[-83.85507,33.88531],[-83.85309,33.88689],[-83.85098,33.88857],[-83.84909,33.89008],[-83.84799,33.89095],[-83.84755,33.89129],[-83.84529,33.8931],[-83.84318,33.89477],[-83.84177,33.8959],[-83.83652,33.90008],[-83.83598,33.90052],[-83.83479,33.90146],[-83.83322,33.9027],[-83.83128,33.90425],[-83.8263,33.90824],[-83.82416,33.90994],[-83.82351,33.91046],[-83.82306,33.91082],[-83.82201,33.91164],[-83.81977,33.91341],[-83.81962,33.91353],[-83.81886,33.91413],[-83.81605,33.91637],[-83.81476,33.91741],[-83.8101,33.92114],[-83.81005,33.92118],[-83.8099,33.9213],[-83.80888,33.92211],[-83.8077,33.92304],[-83.80764,33.92309],[-83.80737,33.92331],[-83.80655,33.92396],[-83.80642,33.92406],[-83.8063,33.92416],[-83.80552,33.92478],[-83.80475,33.92539],[-83.80454,33.92555],[-83.80434,33.92571],[-83.80391,33.92606],[-83.80365,33.92626],[-83.80302,33.92676],[-83.80275,33.92697],[-83.80185,33.92769],[-83.80154,33.92794],[-83.80123,33.92818],[-83.80095,33.9284],[-83.80087,33.92847],[-83.80052,33.92875],[-83.79977,33.92934],[-83.79959,33.92948],[-83.7991,33.92984],[-83.79924,33.93013],[-83.79953,33.93031],[-83.79957,33.93038],[-83.79977,33.93075],[-83.79986,33.93092],[-83.80019,33.93146],[-83.80041,33.93173],[-83.80103,33.93177],[-83.80105,33.93177],[-83.80142,33.93153],[-83.8017,33.93157],[-83.80173,33.93157],[-83.80178,33.93156],[-83.8018,33.93159],[-83.80181,33.93162],[-83.80216,33.93177],[-83.80228,33.93182],[-83.80264,33.93222],[-83.80285,33.93265],[-83.80301,33.93297],[-83.80302,33.93299],[-83.80304,33.933],[-83.80308,33.93303],[-83.80317,33.93311],[-83.80324,33.93317],[-83.80329,33.93322],[-83.80329,33.93331],[-83.8033,33.9334],[-83.80331,33.93375],[-83.80332,33.93396],[-83.80332,33.9341],[-83.80332,33.93414],[-83.80336,33.93434],[-83.80337,33.93439],[-83.80339,33.93454],[-83.80372,33.93495],[-83.80374,33.93502],[-83.80383,33.93526],[-83.80384,33.9353],[-83.80389,33.93544],[-83.80391,33.93548],[-83.80393,33.93554],[-83.80402,33.93573],[-83.80405,33.9358],[-83.80419,33.93596],[-83.80431,33.93618],[-83.80446,33.93635],[-83.80476,33.93659],[-83.80496,33.93669],[-83.80516,33.93674],[-83.80536,33.93684],[-83.8055,33.93699],[-83.80563,33.93715],[-83.80574,33.93726],[-83.80583,33.93731],[-83.8059,33.93737],[-83.80589,33.93746],[-83.80589,33.93748],[-83.80581,33.93758],[-83.80573,33.93774],[-83.80571,33.93793],[-83.80574,33.93812],[-83.80573,33.93836],[-83.8057,33.93847],[-83.80569,33.93849],[-83.8056,33.93864],[-83.80556,33.93876],[-83.80543,33.93888],[-83.80508,33.93923],[-83.80501,33.93937],[-83.80496,33.93958],[-83.80489,33.93982],[-83.80483,33.94004],[-83.80473,33.94027],[-83.80451,33.94059],[-83.80445,33.94071],[-83.80446,33.94082],[-83.80463,33.94123],[-83.80466,33.94127],[-83.80482,33.94162],[-83.80488,33.94179],[-83.80492,33.9422],[-83.80493,33.94223],[-83.80496,33.94225],[-83.80504,33.94229],[-83.80507,33.94231],[-83.8053,33.94244],[-83.80547,33.94253],[-83.80593,33.94253],[-83.80602,33.94264],[-83.8062,33.94284],[-83.80629,33.94284],[-83.8064,33.94285],[-83.80649,33.94291],[-83.80654,33.94298],[-83.80656,33.94307],[-83.80665,33.94324],[-83.80671,33.94331],[-83.80679,33.94337],[-83.80688,33.94341],[-83.80698,33.94345],[-83.80708,33.94347],[-83.80709,33.94347],[-83.80719,33.94351],[-83.80727,33.94356],[-83.80734,33.94363],[-83.80739,33.94371],[-83.80743,33.94379],[-83.80747,33.94388],[-83.8075,33.94396],[-83.80753,33.94405],[-83.80755,33.94419],[-83.80759,33.94436],[-83.80762,33.94444],[-83.80766,33.94453],[-83.8077,33.94461],[-83.80776,33.94468],[-83.80785,33.94474],[-83.80794,33.94478],[-83.80803,33.94484],[-83.8081,33.94491],[-83.80815,33.94498],[-83.80818,33.94507],[-83.8082,33.94516],[-83.80821,33.94525],[-83.80819,33.94534],[-83.80815,33.94542],[-83.80808,33.94568],[-83.80809,33.94577],[-83.80814,33.94585],[-83.80822,33.94592],[-83.80831,33.94596],[-83.80849,33.94607],[-83.80855,33.94614],[-83.80861,33.94621],[-83.80862,33.94627],[-83.80864,33.9463],[-83.80869,33.94638],[-83.80875,33.94645],[-83.80883,33.94651],[-83.80892,33.94656],[-83.80902,33.9466],[-83.80912,33.94663],[-83.80923,33.94664],[-83.80934,33.94665],[-83.80955,33.94667],[-83.80965,33.94669],[-83.80969,33.94669],[-83.80976,33.9467],[-83.80981,33.94671],[-83.80985,33.94671],[-83.80987,33.94671],[-83.80998,33.9467],[-83.81,33.9467],[-83.81008,33.94669],[-83.81019,33.94666],[-83.81029,33.94665],[-83.8104,33.94664],[-83.81043,33.94664],[-83.81051,33.94664],[-83.81058,33.94664],[-83.8106,33.94664],[-83.81062,33.94664],[-83.81067,33.94665],[-83.8107,33.94666],[-83.81072,33.94666],[-83.81083,33.94668],[-83.81093,33.94671],[-83.81097,33.94672],[-83.81103,33.94675],[-83.81109,33.94677],[-83.81167,33.94718],[-83.81189,33.94733],[-83.81206,33.94745],[-83.81211,33.94754],[-83.81215,33.94762],[-83.81217,33.94771],[-83.81219,33.94775],[-83.81222,33.94781],[-83.81225,33.94788],[-83.8123,33.94795],[-83.81237,33.94804],[-83.8129,33.94864],[-83.81332,33.94905],[-83.81338,33.94913],[-83.81342,33.94921],[-83.81345,33.9493],[-83.81346,33.94939],[-83.81345,33.94948],[-83.81342,33.94957],[-83.81336,33.94964],[-83.81321,33.94978],[-83.81315,33.94986],[-83.81307,33.94998],[-83.813,33.95018],[-83.81291,33.95035],[-83.81283,33.95048],[-83.81283,33.95058],[-83.81286,33.95068],[-83.81294,33.9508],[-83.81309,33.95101],[-83.81315,33.95115],[-83.81319,33.95133],[-83.8132,33.9515],[-83.81317,33.95169],[-83.8131,33.95186],[-83.813,33.952],[-83.81293,33.95212],[-83.81287,33.95226],[-83.81287,33.95237],[-83.81292,33.95271],[-83.81293,33.95291],[-83.81299,33.95314],[-83.813,33.95317],[-83.81325,33.95369],[-83.8135,33.95423],[-83.81369,33.95449],[-83.81383,33.95462],[-83.81388,33.95466],[-83.81399,33.95474],[-83.81411,33.95479],[-83.81434,33.95491],[-83.81449,33.955],[-83.81457,33.9551],[-83.81469,33.95529],[-83.81478,33.95534],[-83.81487,33.95536],[-83.81502,33.95537],[-83.81521,33.95542],[-83.81542,33.95554],[-83.81556,33.95568],[-83.81566,33.95579],[-83.81587,33.95605],[-83.81629,33.95665],[-83.81637,33.95678],[-83.81646,33.95698],[-83.81654,33.95707],[-83.81663,33.95714],[-83.8168,33.95726],[-83.81707,33.95745],[-83.81716,33.95749],[-83.81726,33.95752],[-83.81737,33.95752],[-83.81748,33.95752],[-83.81759,33.95754],[-83.81767,33.95756],[-83.81847,33.95824],[-83.81868,33.95842],[-83.81872,33.95849],[-83.81876,33.95857],[-83.81879,33.95866],[-83.81881,33.95875],[-83.81882,33.95877],[-83.81882,33.95884],[-83.81882,33.95893],[-83.81885,33.95901],[-83.81887,33.95903],[-83.81892,33.95908],[-83.81894,33.95909],[-83.819,33.95913],[-83.81902,33.95915],[-83.81906,33.95917],[-83.8191,33.95919],[-83.81919,33.95924],[-83.81923,33.95926],[-83.81928,33.95928],[-83.81942,33.95937],[-83.81958,33.9595],[-83.81963,33.95956],[-83.8197,33.95965],[-83.81981,33.95981],[-83.8199,33.95998],[-83.81997,33.96014],[-83.82004,33.96032],[-83.82008,33.96048],[-83.82013,33.96055],[-83.82024,33.96071],[-83.82036,33.96086],[-83.82038,33.96088],[-83.82049,33.961],[-83.82063,33.96114],[-83.82075,33.96123],[-83.82077,33.96125],[-83.82079,33.96126],[-83.82084,33.9613],[-83.82086,33.96131],[-83.82095,33.96137],[-83.82096,33.96138],[-83.82115,33.96148],[-83.82122,33.96152],[-83.8213,33.96158],[-83.82138,33.96163],[-83.82151,33.96171],[-83.82155,33.96176],[-83.8216,33.9618],[-83.82167,33.96186],[-83.8217,33.96189],[-83.82179,33.96195],[-83.82187,33.962],[-83.82196,33.96205],[-83.82205,33.96209],[-83.82218,33.96214],[-83.82231,33.96219],[-83.82235,33.9622],[-83.8224,33.96222],[-83.82245,33.96223],[-83.82255,33.96228],[-83.82262,33.96234],[-83.82263,33.96235],[-83.82268,33.96242],[-83.82269,33.96243],[-83.82271,33.96248],[-83.82272,33.9625],[-83.82273,33.96259],[-83.82275,33.96265],[-83.82276,33.96267],[-83.82278,33.9627],[-83.82282,33.96275],[-83.82284,33.96276],[-83.8229,33.9628],[-83.823,33.96285],[-83.82307,33.96288],[-83.82309,33.96289],[-83.82316,33.96291],[-83.8232,33.96292],[-83.82328,33.96297],[-83.8233,33.96299],[-83.82339,33.96313],[-83.82347,33.96329],[-83.8235,33.96338],[-83.82352,33.96342],[-83.82354,33.96346],[-83.82358,33.96355],[-83.8236,33.96356],[-83.82364,33.96362],[-83.82367,33.96364],[-83.82395,33.96383],[-83.82404,33.96389],[-83.82408,33.96392],[-83.8241,33.96394],[-83.82415,33.96399],[-83.82421,33.96407],[-83.82423,33.96417],[-83.82428,33.96427],[-83.82434,33.96434],[-83.82442,33.9644],[-83.82463,33.96446],[-83.82473,33.9645],[-83.82482,33.96454],[-83.82491,33.96459],[-83.825,33.96465],[-83.82554,33.96503],[-83.82567,33.96512],[-83.82577,33.96515],[-83.82588,33.96517],[-83.82599,33.96517],[-83.82613,33.96517],[-83.82639,33.96512],[-83.8265,33.96513],[-83.8266,33.96514],[-83.82712,33.96529],[-83.82733,33.96533],[-83.82775,33.9654],[-83.82786,33.96541],[-83.82796,33.96541],[-83.82807,33.9654],[-83.82818,33.96541],[-83.82829,33.96542],[-83.82839,33.96544],[-83.82861,33.96546],[-83.82871,33.9655],[-83.82879,33.96555],[-83.82886,33.96562],[-83.82895,33.96567],[-83.82906,33.96568],[-83.82917,33.96568],[-83.82928,33.96569],[-83.82981,33.96577],[-83.83002,33.9658],[-83.83024,33.96581],[-83.83034,33.96581],[-83.83056,33.9658],[-83.8307,33.96579],[-83.83152,33.96594],[-83.83173,33.96609],[-83.83181,33.96615],[-83.83188,33.96622],[-83.83195,33.96629],[-83.832,33.96637],[-83.83213,33.96669],[-83.83214,33.96671],[-83.83219,33.96679],[-83.83225,33.96687],[-83.83227,33.96689],[-83.83231,33.96693],[-83.83232,33.96693],[-83.83239,33.967],[-83.83242,33.96705],[-83.83245,33.96708],[-83.83246,33.9671],[-83.83248,33.96714],[-83.83249,33.96716],[-83.83254,33.96727],[-83.83257,33.96731],[-83.83258,33.96734],[-83.83262,33.96744],[-83.83264,33.96747],[-83.83265,33.9675],[-83.8327,33.96761],[-83.83272,33.96765],[-83.83273,33.96766],[-83.83277,33.96772],[-83.83278,33.96774],[-83.83282,33.9678],[-83.83283,33.96785],[-83.83283,33.96789],[-83.83285,33.96807],[-83.83285,33.96822],[-83.83286,33.96825],[-83.83284,33.96834],[-83.83283,33.96844],[-83.83279,33.96852],[-83.83276,33.96861],[-83.83275,33.9687],[-83.83275,33.96879],[-83.83277,33.96888],[-83.83283,33.96896],[-83.83289,33.96903],[-83.83289,33.96905],[-83.83298,33.96919],[-83.83299,33.96921],[-83.83302,33.96928],[-83.83304,33.96937],[-83.83304,33.96943],[-83.83304,33.96961],[-83.83306,33.96985],[-83.8331,33.97004],[-83.83313,33.97015],[-83.83317,33.97023],[-83.83321,33.97031],[-83.83331,33.97043],[-83.83337,33.97051],[-83.83346,33.9706],[-83.83353,33.9707],[-83.83363,33.97085],[-83.83396,33.9716],[-83.83402,33.97178],[-83.83408,33.97195],[-83.83419,33.9722],[-83.83432,33.97245],[-83.83433,33.97247],[-83.83435,33.97253],[-83.83437,33.97262],[-83.83437,33.97265],[-83.83437,33.97271],[-83.83436,33.97279],[-83.83435,33.97289],[-83.83431,33.97307],[-83.83426,33.97321],[-83.83425,33.97323],[-83.83417,33.97332],[-83.83418,33.97341],[-83.83419,33.9735],[-83.83421,33.97359],[-83.83424,33.97368],[-83.83428,33.97376],[-83.83432,33.97385],[-83.83441,33.97398],[-83.83458,33.97425],[-83.83486,33.97459],[-83.83495,33.9747],[-83.835,33.97477],[-83.83507,33.9749],[-83.83509,33.97495],[-83.83518,33.9751],[-83.83518,33.97512],[-83.8352,33.97517],[-83.83521,33.97519],[-83.83521,33.97521],[-83.83522,33.97522],[-83.83522,33.97524],[-83.83523,33.97528],[-83.83522,33.97532],[-83.83522,33.97535],[-83.83522,33.97537],[-83.83522,33.9754],[-83.83521,33.97542],[-83.83521,33.97546],[-83.83518,33.97551],[-83.83517,33.97554],[-83.83511,33.97562],[-83.83497,33.97573],[-83.83489,33.97579],[-83.83487,33.97581],[-83.83485,33.97582],[-83.83481,33.97589],[-83.83479,33.97592],[-83.83478,33.97594],[-83.83477,33.97597],[-83.83477,33.97599],[-83.83477,33.97601],[-83.83477,33.97606],[-83.8348,33.97613],[-83.83481,33.97615],[-83.83485,33.97623],[-83.8349,33.97631],[-83.83501,33.97644],[-83.83509,33.97654],[-83.83511,33.97657],[-83.83522,33.97672],[-83.8354,33.97694],[-83.83554,33.97709],[-83.8356,33.97716],[-83.83565,33.97724],[-83.83569,33.97732],[-83.83571,33.97741],[-83.83571,33.9776],[-83.83571,33.97768],[-83.83571,33.97777],[-83.83571,33.97786],[-83.83573,33.97795],[-83.83576,33.97804],[-83.83582,33.97811],[-83.83608,33.97834],[-83.83614,33.9784],[-83.83653,33.97894],[-83.83663,33.9791],[-83.83672,33.97926],[-83.83679,33.97943],[-83.83685,33.97961],[-83.83689,33.97978],[-83.83696,33.98014],[-83.837,33.98031],[-83.83709,33.98057],[-83.83713,33.98066],[-83.83718,33.98074],[-83.8372,33.9808],[-83.83722,33.98086],[-83.83723,33.98089],[-83.83724,33.98098],[-83.83724,33.98107],[-83.83723,33.98116],[-83.83723,33.98125],[-83.83725,33.98134],[-83.83728,33.98143],[-83.83733,33.9816],[-83.83733,33.98169],[-83.83732,33.98178],[-83.83729,33.98187],[-83.83724,33.98195],[-83.83722,33.98206],[-83.83726,33.98213],[-83.83731,33.9822],[-83.83738,33.98227],[-83.83753,33.98241],[-83.83759,33.98248],[-83.83765,33.98255],[-83.83771,33.98263],[-83.83773,33.98266],[-83.8378,33.98279],[-83.83788,33.98296],[-83.83793,33.98304],[-83.83798,33.98312],[-83.83803,33.98317],[-83.8381,33.98328],[-83.8382,33.98343],[-83.83825,33.98352],[-83.83827,33.98361],[-83.83834,33.98367],[-83.83844,33.98368],[-83.83855,33.98368],[-83.83865,33.98365],[-83.83876,33.98365],[-83.83886,33.98368],[-83.83894,33.98373],[-83.83897,33.98382],[-83.83894,33.9839],[-83.83889,33.98398],[-83.83887,33.98407],[-83.83887,33.98416],[-83.83889,33.98425],[-83.83891,33.98427],[-83.83895,33.98433],[-83.83903,33.98439],[-83.83912,33.98442],[-83.83923,33.98444],[-83.83933,33.98442],[-83.83953,33.98445],[-83.8396,33.98454],[-83.83968,33.98462],[-83.83979,33.98463],[-83.83989,33.98467],[-83.83997,33.98473],[-83.84002,33.98476],[-83.84006,33.98478],[-83.84015,33.98482],[-83.84026,33.98485],[-83.84036,33.98485],[-83.84047,33.98487],[-83.84057,33.9849],[-83.84067,33.98494],[-83.84076,33.98498],[-83.84085,33.98503],[-83.84092,33.9851],[-83.84097,33.98518],[-83.84103,33.98526],[-83.84109,33.98533],[-83.84116,33.9854],[-83.84122,33.98545],[-83.84124,33.98546],[-83.84133,33.98551],[-83.84144,33.98554],[-83.84154,33.98556],[-83.84165,33.98558],[-83.84169,33.98558],[-83.84205,33.98577],[-83.84227,33.98594],[-83.84242,33.98616],[-83.84266,33.98638],[-83.84281,33.98644],[-83.84289,33.98649],[-83.84295,33.98655],[-83.84304,33.98666],[-83.84314,33.98677],[-83.84324,33.98693],[-83.84328,33.98697],[-83.84329,33.987],[-83.84331,33.98701],[-83.84333,33.98703],[-83.84335,33.98705],[-83.84338,33.98707],[-83.84339,33.98711],[-83.8434,33.98715],[-83.84342,33.98718],[-83.84341,33.9872],[-83.8434,33.98724],[-83.84339,33.98726],[-83.84338,33.98729],[-83.84338,33.98732],[-83.84337,33.98735],[-83.84336,33.98738],[-83.84336,33.98743],[-83.84337,33.98747],[-83.84338,33.9875],[-83.8434,33.98753],[-83.84342,33.98756],[-83.84346,33.98758],[-83.8435,33.98761],[-83.84354,33.98764],[-83.84358,33.98766],[-83.84361,33.98768],[-83.84365,33.9877],[-83.8437,33.98771],[-83.84373,33.98773],[-83.84376,33.98773],[-83.84385,33.98774],[-83.84394,33.98774],[-83.84401,33.98775],[-83.84408,33.98776],[-83.84414,33.98776],[-83.84424,33.9878],[-83.8443,33.98782],[-83.84434,33.98783],[-83.84441,33.98787],[-83.84446,33.98789],[-83.84452,33.98792],[-83.84464,33.98797],[-83.84468,33.98799],[-83.84474,33.98802],[-83.84478,33.98805],[-83.84483,33.98805],[-83.84488,33.98807],[-83.84494,33.9881],[-83.84504,33.98818],[-83.84517,33.98827],[-83.84528,33.98834],[-83.84539,33.98842],[-83.84554,33.98849],[-83.84558,33.98851],[-83.84567,33.98856],[-83.84573,33.98857],[-83.8458,33.98859],[-83.84588,33.98863],[-83.84594,33.98865],[-83.84599,33.98868],[-83.84605,33.98871],[-83.84611,33.98873],[-83.84614,33.98875],[-83.84619,33.98876],[-83.84623,33.98877],[-83.84628,33.9888],[-83.84634,33.98884],[-83.84635,33.98886],[-83.84637,33.9889],[-83.84642,33.98894],[-83.84648,33.98898],[-83.84653,33.98902],[-83.84659,33.98907],[-83.84666,33.98909],[-83.8467,33.98911],[-83.84674,33.98912],[-83.84681,33.98914],[-83.84692,33.98917],[-83.84697,33.98919],[-83.84703,33.9892],[-83.84706,33.98921],[-83.84711,33.98922],[-83.84715,33.98923],[-83.84719,33.98926],[-83.84721,33.98929],[-83.84723,33.98933],[-83.84724,33.98937],[-83.84725,33.98939],[-83.84727,33.98942],[-83.84729,33.98944],[-83.84732,33.98947],[-83.84735,33.98949],[-83.8474,33.98954],[-83.84745,33.98958],[-83.84749,33.9896],[-83.84753,33.98962],[-83.84757,33.98964],[-83.8476,33.98964],[-83.84765,33.98966],[-83.8477,33.98967],[-83.84774,33.98968],[-83.84779,33.9897],[-83.84781,33.98972],[-83.84783,33.98973],[-83.84785,33.98975],[-83.84787,33.98977],[-83.84791,33.98977],[-83.84792,33.98977],[-83.84794,33.98976],[-83.84796,33.98976],[-83.84797,33.98975],[-83.84797,33.98974],[-83.84799,33.98974],[-83.84803,33.98972],[-83.84804,33.98972],[-83.84807,33.98972],[-83.84811,33.98972],[-83.84815,33.98972],[-83.84817,33.98974],[-83.84822,33.98976],[-83.84826,33.98977],[-83.84833,33.98979],[-83.84842,33.98982],[-83.84846,33.98983],[-83.84848,33.98984],[-83.84854,33.98985],[-83.8486,33.98989],[-83.84866,33.98991],[-83.84873,33.98994],[-83.84877,33.98999],[-83.84882,33.99004],[-83.84885,33.99006],[-83.8489,33.99011],[-83.84894,33.99014],[-83.84898,33.9902],[-83.84902,33.99025],[-83.84904,33.99029],[-83.84908,33.99035],[-83.8491,33.99039],[-83.84915,33.99046],[-83.84917,33.99052],[-83.84919,33.99051],[-83.84921,33.99051],[-83.84922,33.9905],[-83.84924,33.99052],[-83.84926,33.99054],[-83.84926,33.99055],[-83.84928,33.99055],[-83.84929,33.99056],[-83.84931,33.99056],[-83.84932,33.99055],[-83.84933,33.99054],[-83.84934,33.99053],[-83.84936,33.99051],[-83.84941,33.99051],[-83.84944,33.99051],[-83.84947,33.99053],[-83.8495,33.99053],[-83.84953,33.99056],[-83.84954,33.99058],[-83.84955,33.99061],[-83.84956,33.99063],[-83.84957,33.99067],[-83.8496,33.99071],[-83.84961,33.99075],[-83.84962,33.9908],[-83.84963,33.99083],[-83.84966,33.99087],[-83.84966,33.99089],[-83.84968,33.99091],[-83.8497,33.99093],[-83.84976,33.99095],[-83.8498,33.99097],[-83.84985,33.991],[-83.84988,33.991],[-83.84991,33.99101],[-83.84993,33.99102],[-83.84995,33.99106],[-83.84997,33.99109],[-83.85,33.99116],[-83.85003,33.99118],[-83.85005,33.99119],[-83.85007,33.99121],[-83.85011,33.99123],[-83.85015,33.99125],[-83.85018,33.99127],[-83.85023,33.9913],[-83.85025,33.99131],[-83.85028,33.99134],[-83.85031,33.99136],[-83.85034,33.99139],[-83.85036,33.99139],[-83.85042,33.99142],[-83.85047,33.99143],[-83.85051,33.99143],[-83.85053,33.99144],[-83.85055,33.99144],[-83.85059,33.99145],[-83.85062,33.99145],[-83.85064,33.99144],[-83.85066,33.99143],[-83.85069,33.99143],[-83.85071,33.99141],[-83.85078,33.99142],[-83.85085,33.99142],[-83.85088,33.99141],[-83.85091,33.9914],[-83.85094,33.99139],[-83.85097,33.99139],[-83.85101,33.99138],[-83.85103,33.99138],[-83.85105,33.99138],[-83.85107,33.99138],[-83.85108,33.99139],[-83.85109,33.9914],[-83.85109,33.99141],[-83.85111,33.99145],[-83.85114,33.99147],[-83.85117,33.99148],[-83.85137,33.99149],[-83.8514,33.99149],[-83.85144,33.9915],[-83.85151,33.99152],[-83.8516,33.99154],[-83.85163,33.99155],[-83.85169,33.99156],[-83.85176,33.99156],[-83.85183,33.99157],[-83.85189,33.99159],[-83.85193,33.99161],[-83.85196,33.99162],[-83.85199,33.99162],[-83.85201,33.99162],[-83.85203,33.99161],[-83.85206,33.99161],[-83.85209,33.99161],[-83.85215,33.99165],[-83.85221,33.99167],[-83.85229,33.9917],[-83.85232,33.99173],[-83.85237,33.99174],[-83.85244,33.99175],[-83.85251,33.99178],[-83.85257,33.99179],[-83.85266,33.99182],[-83.85278,33.99182],[-83.85281,33.99183],[-83.85291,33.99187],[-83.85297,33.99191],[-83.853,33.99193],[-83.85303,33.99195],[-83.85308,33.99199],[-83.85311,33.99203],[-83.85318,33.9921],[-83.85325,33.99214],[-83.8533,33.99218],[-83.85332,33.99219],[-83.8534,33.99221],[-83.85345,33.99222],[-83.8535,33.99223],[-83.85358,33.99226],[-83.85364,33.99227],[-83.85371,33.99229],[-83.85377,33.9923],[-83.85386,33.99232],[-83.85395,33.99235],[-83.85403,33.99239],[-83.85413,33.99243],[-83.85417,33.99245],[-83.85425,33.99249],[-83.85431,33.99252],[-83.85438,33.99255],[-83.85444,33.99257],[-83.85447,33.99259],[-83.85452,33.9926],[-83.85458,33.99262],[-83.85468,33.99265],[-83.85472,33.99267],[-83.8548,33.99272],[-83.85485,33.99277],[-83.85487,33.99281],[-83.85488,33.99284],[-83.8549,33.99292],[-83.85509,33.993],[-83.85519,33.99304],[-83.85529,33.99306],[-83.8554,33.99307],[-83.85551,33.99309],[-83.85557,33.9931],[-83.85561,33.99311],[-83.85571,33.99315],[-83.8558,33.9932],[-83.85587,33.99326],[-83.85594,33.99334],[-83.856,33.99341],[-83.85604,33.99349],[-83.8561,33.99357],[-83.85617,33.99364],[-83.85624,33.9937],[-83.85635,33.99384],[-83.85635,33.9939],[-83.8564,33.99407],[-83.85641,33.99408],[-83.85647,33.99414],[-83.85654,33.99421],[-83.85661,33.99427],[-83.85669,33.99434],[-83.85677,33.99439],[-83.85686,33.99444],[-83.85694,33.99451],[-83.857,33.99458],[-83.85702,33.99467],[-83.85702,33.99469],[-83.85702,33.99476],[-83.85706,33.99484],[-83.85714,33.99492],[-83.85732,33.99498],[-83.85749,33.99509],[-83.85752,33.9951],[-83.85758,33.99514],[-83.85768,33.99517],[-83.85778,33.9952],[-83.85789,33.99522],[-83.858,33.99523],[-83.8581,33.99524],[-83.85821,33.99527],[-83.8583,33.99531],[-83.85847,33.99542],[-83.85856,33.99548],[-83.85871,33.99557],[-83.85873,33.99558],[-83.85882,33.99564],[-83.8589,33.9957],[-83.85898,33.99576],[-83.85905,33.99583],[-83.85918,33.99597],[-83.85923,33.99605],[-83.85933,33.99613],[-83.85942,33.99615],[-83.85943,33.99615],[-83.85954,33.99617],[-83.85958,33.99617],[-83.85967,33.99622],[-83.85975,33.99628],[-83.8598,33.99636],[-83.85982,33.99645],[-83.85984,33.99648],[-83.85992,33.99654],[-83.86016,33.99672],[-83.86061,33.99703],[-83.86068,33.9971],[-83.86073,33.99717],[-83.86078,33.99725],[-83.86081,33.99734],[-83.86083,33.99743],[-83.86084,33.99747],[-83.86092,33.99778],[-83.86094,33.99783],[-83.86096,33.99787],[-83.86101,33.99795],[-83.86106,33.99803],[-83.86112,33.9981],[-83.86119,33.99817],[-83.86127,33.99823],[-83.86135,33.99829],[-83.86155,33.99844],[-83.86175,33.99857],[-83.86178,33.99859],[-83.86192,33.99873],[-83.86199,33.99885],[-83.86204,33.9989],[-83.86215,33.99908],[-83.86216,33.99914],[-83.86216,33.99916],[-83.86217,33.9992],[-83.86216,33.99922],[-83.86223,33.99935],[-83.86223,33.99936],[-83.86235,33.99963],[-83.86237,33.9997],[-83.86242,33.9998],[-83.86243,33.99983],[-83.86249,33.99994],[-83.8625,33.99996],[-83.86253,34.00001],[-83.86254,34.00003],[-83.86255,34.00005],[-83.86259,34.0001],[-83.8626,34.00012],[-83.86263,34.00017],[-83.86274,34.00033],[-83.86286,34.00048],[-83.86299,34.00062],[-83.8631,34.00075],[-83.86329,34.00098],[-83.86334,34.00106],[-83.86337,34.0011],[-83.86341,34.00117],[-83.86349,34.00127],[-83.86352,34.00131],[-83.86355,34.00134],[-83.86358,34.00136],[-83.86366,34.00141],[-83.86393,34.00159],[-83.86428,34.00204],[-83.86436,34.0021],[-83.86453,34.00221],[-83.86471,34.00231],[-83.86486,34.00239],[-83.8649,34.0024],[-83.865,34.00245],[-83.86509,34.00249],[-83.86518,34.00254],[-83.86527,34.00259],[-83.86535,34.00265],[-83.86543,34.00271],[-83.8655,34.00278],[-83.86554,34.00281],[-83.86558,34.00285],[-83.86603,34.00335],[-83.86625,34.00363],[-83.86647,34.00393],[-83.8666,34.00408],[-83.8667,34.00416],[-83.86681,34.00422],[-83.86684,34.00422],[-83.86691,34.00424],[-83.86694,34.00425],[-83.867,34.00426],[-83.86731,34.00425],[-83.86754,34.00423],[-83.86776,34.0042],[-83.86783,34.00418],[-83.86797,34.00415],[-83.86814,34.00412],[-83.86828,34.00411],[-83.86838,34.00411],[-83.86846,34.00412],[-83.86853,34.00413],[-83.86868,34.00418],[-83.86883,34.00422],[-83.86889,34.00423],[-83.86896,34.00425],[-83.86906,34.00429],[-83.86912,34.00432],[-83.86903,34.00457],[-83.86902,34.00461],[-83.869,34.00465],[-83.86895,34.00476],[-83.86893,34.00479],[-83.86841,34.00565],[-83.86747,34.00714],[-83.86733,34.00749],[-83.8672,34.00771],[-83.86705,34.00802],[-83.86703,34.00806],[-83.86699,34.00815],[-83.86681,34.00856],[-83.86675,34.00869],[-83.8667,34.00879],[-83.86656,34.0091],[-83.86652,34.00921],[-83.86649,34.00928],[-83.86646,34.00933],[-83.86629,34.00968],[-83.86624,34.0098],[-83.86616,34.00998],[-83.86591,34.01049],[-83.86583,34.01067],[-83.86581,34.01072],[-83.86574,34.01091],[-83.86572,34.01097],[-83.86571,34.01101],[-83.86568,34.01119],[-83.86565,34.01136],[-83.86558,34.01156],[-83.86551,34.01175],[-83.86548,34.01182],[-83.8654,34.01202],[-83.86539,34.01205],[-83.86537,34.01209],[-83.86529,34.01232],[-83.86526,34.01239],[-83.86522,34.01252],[-83.86508,34.0129],[-83.86504,34.01303],[-83.865,34.01312],[-83.8649,34.01339],[-83.86487,34.01348],[-83.86457,34.01419],[-83.86366,34.01632],[-83.86335,34.01703],[-83.86323,34.01732],[-83.86321,34.01737],[-83.86279,34.01839],[-83.86265,34.01873],[-83.86253,34.01902],[-83.86217,34.01989],[-83.86206,34.02018],[-83.86193,34.02047],[-83.86172,34.02099],[-83.86163,34.02121],[-83.86156,34.02136],[-83.86144,34.02166],[-83.8613,34.022],[-83.86124,34.02215],[-83.86088,34.02302],[-83.86074,34.02336],[-83.86062,34.02363],[-83.86029,34.02445],[-83.86017,34.02472],[-83.86016,34.02475],[-83.86012,34.02484],[-83.86011,34.02487],[-83.8601,34.02491],[-83.86009,34.02493],[-83.85998,34.02519],[-83.85978,34.02568],[-83.85963,34.02604],[-83.85957,34.02618],[-83.85951,34.02632],[-83.85948,34.02639],[-83.8594,34.02659],[-83.85938,34.02665],[-83.85936,34.02669],[-83.85932,34.02677],[-83.8593,34.02683],[-83.85928,34.02687],[-83.85926,34.02692],[-83.8592,34.02705],[-83.85919,34.02708],[-83.85918,34.0271],[-83.85916,34.02715],[-83.85912,34.02727],[-83.85911,34.02729],[-83.8591,34.02731],[-83.8591,34.02732],[-83.85908,34.02736],[-83.85908,34.02737],[-83.85906,34.02742],[-83.85905,34.02743],[-83.85902,34.02752],[-83.85891,34.02777],[-83.85888,34.02784],[-83.85888,34.02786],[-83.85887,34.02787],[-83.85885,34.02791],[-83.85883,34.02796],[-83.8588,34.02805],[-83.85878,34.02809],[-83.85876,34.02813],[-83.85871,34.02826],[-83.85869,34.0283],[-83.85868,34.02833],[-83.85865,34.02841],[-83.85863,34.02843],[-83.85858,34.02856],[-83.85857,34.02859],[-83.85837,34.02906],[-83.85831,34.02922],[-83.8583,34.02924],[-83.85827,34.02931],[-83.85816,34.02957],[-83.85812,34.02966],[-83.85803,34.02987],[-83.85778,34.03045],[-83.85777,34.03048],[-83.85768,34.03069],[-83.85765,34.03076],[-83.85757,34.03096],[-83.85754,34.03103],[-83.85753,34.03107],[-83.8574,34.03138],[-83.85736,34.03146],[-83.85697,34.03242],[-83.85683,34.03277],[-83.85674,34.03297],[-83.85649,34.03359],[-83.85641,34.03379],[-83.85638,34.03385],[-83.8563,34.03405],[-83.85628,34.03409],[-83.85627,34.03411],[-83.85625,34.03417],[-83.85618,34.03434],[-83.85616,34.0344],[-83.85614,34.03443],[-83.8561,34.03454],[-83.85609,34.03457],[-83.85607,34.0346],[-83.85604,34.03467],[-83.85603,34.0347],[-83.85571,34.03548],[-83.8557,34.0355],[-83.85478,34.03786],[-83.85473,34.038],[-83.85445,34.03865],[-83.85435,34.03888],[-83.85432,34.03894],[-83.85428,34.03905],[-83.85406,34.03956],[-83.85396,34.03979],[-83.85365,34.04053],[-83.85361,34.04062],[-83.85259,34.04313],[-83.85225,34.04397],[-83.85221,34.04406],[-83.85211,34.04431],[-83.85208,34.0444],[-83.85204,34.04449],[-83.85193,34.04474],[-83.8519,34.04483],[-83.85188,34.04489],[-83.85181,34.04506],[-83.85178,34.04512],[-83.85177,34.04514],[-83.85175,34.0452],[-83.85174,34.04523],[-83.85161,34.04553],[-83.8516,34.04556],[-83.85159,34.04558],[-83.85151,34.04578],[-83.85116,34.04663],[-83.85102,34.04698],[-83.851,34.04703],[-83.85068,34.04783],[-83.85042,34.04846],[-83.84964,34.05037],[-83.84954,34.05062],[-83.84929,34.05122],[-83.84863,34.05281],[-83.8468,34.05722],[-83.84665,34.05758],[-83.84599,34.05917],[-83.84587,34.05946],[-83.84551,34.06034],[-83.84539,34.06063],[-83.84524,34.06099],[-83.84479,34.06206],[-83.84465,34.06242],[-83.84432,34.0632],[-83.844,34.06397],[-83.84349,34.0652],[-83.84336,34.06552],[-83.84335,34.06554],[-83.84303,34.06632],[-83.84301,34.06637],[-83.84278,34.06691],[-83.84253,34.06751],[-83.84219,34.06835],[-83.84204,34.06869],[-83.84178,34.06929],[-83.84168,34.06952],[-83.84137,34.07024],[-83.84127,34.07048],[-83.84109,34.0709],[-83.84105,34.07099],[-83.84042,34.07255],[-83.84021,34.07307],[-83.84014,34.07324],[-83.83993,34.07375],[-83.83986,34.07393],[-83.83954,34.0747],[-83.83902,34.07599],[-83.83859,34.07702],[-83.83839,34.07751],[-83.83827,34.07779],[-83.83801,34.07841],[-83.83798,34.07848],[-83.83792,34.07863],[-83.83724,34.08025],[-83.83705,34.08072],[-83.83699,34.08087],[-83.83628,34.08257],[-83.83581,34.08371],[-83.83417,34.08765],[-83.83346,34.08934],[-83.8334,34.08949],[-83.83321,34.08995],[-83.83315,34.0901],[-83.83314,34.09011],[-83.83312,34.09016],[-83.83304,34.09036],[-83.83301,34.09043],[-83.83298,34.09049],[-83.8329,34.09068],[-83.83287,34.09075],[-83.83275,34.09105],[-83.83273,34.09111],[-83.83271,34.09114],[-83.83238,34.09197],[-83.83225,34.09227],[-83.83221,34.09237],[-83.83209,34.09268],[-83.83205,34.09278],[-83.83201,34.09286],[-83.83191,34.09309],[-83.83187,34.09317],[-83.83175,34.09346],[-83.8317,34.09359],[-83.83168,34.09364],[-83.83151,34.09405],[-83.83139,34.09434],[-83.83128,34.09463],[-83.83125,34.09468],[-83.83122,34.09475],[-83.83111,34.09501],[-83.83106,34.09514],[-83.831,34.09527],[-83.831,34.09529],[-83.83097,34.09535],[-83.83096,34.09537],[-83.83083,34.09568],[-83.83071,34.09597],[-83.83045,34.0966],[-83.83032,34.09691],[-83.83032,34.09692],[-83.8303,34.09697],[-83.83029,34.09699],[-83.83027,34.09704],[-83.83022,34.09716],[-83.83021,34.0972],[-83.83018,34.09725],[-83.83017,34.09727],[-83.83015,34.09734],[-83.83014,34.09736],[-83.83013,34.09738],[-83.8301,34.09745],[-83.8301,34.09747],[-83.83008,34.0975],[-83.83005,34.09758],[-83.83004,34.09761],[-83.83003,34.09762],[-83.83001,34.09767],[-83.83001,34.09768],[-83.82999,34.09772],[-83.82994,34.09784],[-83.82993,34.09788],[-83.82992,34.0979],[-83.82989,34.09796],[-83.82988,34.09798],[-83.82988,34.098],[-83.82986,34.09804],[-83.82985,34.09805],[-83.82985,34.09807],[-83.82983,34.09812],[-83.82982,34.09813],[-83.82981,34.09816],[-83.82978,34.09823],[-83.82977,34.09825],[-83.82977,34.09827],[-83.82975,34.09831],[-83.82969,34.09845],[-83.82968,34.09847],[-83.82959,34.09869],[-83.82943,34.09909],[-83.82935,34.0993],[-83.82934,34.09931],[-83.82931,34.09937],[-83.82931,34.09939],[-83.82929,34.09944],[-83.82922,34.09959],[-83.8292,34.09964],[-83.82919,34.09968],[-83.82915,34.09978],[-83.82913,34.09981],[-83.82913,34.09983],[-83.82911,34.09987],[-83.8291,34.09988],[-83.8291,34.0999],[-83.82909,34.09991],[-83.82908,34.09995],[-83.82907,34.09996],[-83.82905,34.1],[-83.829,34.10013],[-83.82898,34.10018],[-83.82897,34.1002],[-83.8289,34.10038],[-83.82878,34.10066],[-83.82868,34.1009],[-83.82861,34.10108],[-83.82858,34.10115],[-83.82854,34.10125],[-83.8285,34.10134],[-83.82847,34.10141],[-83.82847,34.10143],[-83.8282,34.10208],[-83.82761,34.10352],[-83.82749,34.10381],[-83.82739,34.10404],[-83.82712,34.1047],[-83.82712,34.10471],[-83.8271,34.10476],[-83.82709,34.10478],[-83.82669,34.10573],[-83.82549,34.10858],[-83.82509,34.10953],[-83.82478,34.11029],[-83.82449,34.11099],[-83.82383,34.11257],[-83.82363,34.11307],[-83.82352,34.11334],[-83.82351,34.11335],[-83.82349,34.11341],[-83.82348,34.11343],[-83.82345,34.11351],[-83.82344,34.11353],[-83.8234,34.11363],[-83.82334,34.11378],[-83.8233,34.11387],[-83.82319,34.11414],[-83.82286,34.11495],[-83.82275,34.11522],[-83.82272,34.11528],[-83.82268,34.11538],[-83.82264,34.11548],[-83.82261,34.11555],[-83.82259,34.1156],[-83.8224,34.11605],[-83.82218,34.1166],[-83.82214,34.11669],[-83.82203,34.11695],[-83.82177,34.11758],[-83.82177,34.1176],[-83.82157,34.11806],[-83.8211,34.1192],[-83.82106,34.1193],[-83.82089,34.11972],[-83.82067,34.12025],[-83.82059,34.12044],[-83.82053,34.12059],[-83.82048,34.12072],[-83.82032,34.12111],[-83.82026,34.12124],[-83.82013,34.12155],[-83.82007,34.12171],[-83.82001,34.12186],[-83.81991,34.1221],[-83.81977,34.12243],[-83.81975,34.12249],[-83.81962,34.12281],[-83.81961,34.12283],[-83.81943,34.12327],[-83.81942,34.12329],[-83.8189,34.12456],[-83.81888,34.12461],[-83.81869,34.12506],[-83.81857,34.12536],[-83.81821,34.12622],[-83.81786,34.12706],[-83.81772,34.12741],[-83.81771,34.12744],[-83.81768,34.12749],[-83.81815,34.12735],[-83.81836,34.12719],[-83.81837,34.12718],[-83.81845,34.12713],[-83.81853,34.12706],[-83.81867,34.12691],[-83.81887,34.12671],[-83.81903,34.12659],[-83.81912,34.12654],[-83.81922,34.12651],[-83.81932,34.12649],[-83.81965,34.12649],[-83.81969,34.1265],[-83.82007,34.12654],[-83.82025,34.12655],[-83.82036,34.12649],[-83.82042,34.12645],[-83.82044,34.12644],[-83.82149,34.12582],[-83.82245,34.12525],[-83.82289,34.12498],[-83.82298,34.12496],[-83.82306,34.12491],[-83.82316,34.12482],[-83.82358,34.12457],[-83.82376,34.12446],[-83.82501,34.12371],[-83.82519,34.12362],[-83.82543,34.12347],[-83.82586,34.12321],[-83.8262,34.12303],[-83.82623,34.12299],[-83.82627,34.12295],[-83.82631,34.12292],[-83.82637,34.12288],[-83.82642,34.12285],[-83.82647,34.12282],[-83.82654,34.12278],[-83.82672,34.1227],[-83.82718,34.12244],[-83.82753,34.12223],[-83.82782,34.12205],[-83.82816,34.12185],[-83.8302,34.12063],[-83.8308,34.12027],[-83.83136,34.11993],[-83.83186,34.11963],[-83.83189,34.11961],[-83.8319,34.1196],[-83.83259,34.11918],[-83.83451,34.11803],[-83.84006,34.11464],[-83.84247,34.11316],[-83.84342,34.11261],[-83.84348,34.11257],[-83.84367,34.11246],[-83.84377,34.11241],[-83.84406,34.11223],[-83.84453,34.11196],[-83.84912,34.10935],[-83.84948,34.10913],[-83.84978,34.10896],[-83.85054,34.10852],[-83.85072,34.10841],[-83.85111,34.10819],[-83.85117,34.10815],[-83.85166,34.10787],[-83.85254,34.10736],[-83.85263,34.1073],[-83.85283,34.10719],[-83.85391,34.10657],[-83.85434,34.10633],[-83.85515,34.10587],[-83.85578,34.10551],[-83.85678,34.10494],[-83.85805,34.10422],[-83.85856,34.10393],[-83.8598,34.10323],[-83.85983,34.10321],[-83.86064,34.10275],[-83.86113,34.10247],[-83.86113,34.1024],[-83.86124,34.10239],[-83.86133,34.10237],[-83.86141,34.10231],[-83.86257,34.10165],[-83.86347,34.10114],[-83.86524,34.10017],[-83.86624,34.09958],[-83.86708,34.09909],[-83.8672,34.09902],[-83.86767,34.09875],[-83.86784,34.09865],[-83.86789,34.09867],[-83.86855,34.09885],[-83.86899,34.09899],[-83.86948,34.09914],[-83.86976,34.09922],[-83.87058,34.09947],[-83.87093,34.09958],[-83.87146,34.09975],[-83.87219,34.09998],[-83.87454,34.1007],[-83.87458,34.10072],[-83.87487,34.10082],[-83.87495,34.10085],[-83.87552,34.10106],[-83.87593,34.10121],[-83.87679,34.10152],[-83.87713,34.10165],[-83.87764,34.10183],[-83.87777,34.10189],[-83.88005,34.10271],[-83.8849,34.10448],[-83.88492,34.10448],[-83.88507,34.10456],[-83.8854,34.10468],[-83.88578,34.10482],[-83.88614,34.10495],[-83.88646,34.10507],[-83.88654,34.1051],[-83.88723,34.10535],[-83.88724,34.10535],[-83.8877,34.10552],[-83.88776,34.10554],[-83.88778,34.10554],[-83.8879,34.1056],[-83.88926,34.1061],[-83.88988,34.10632],[-83.88997,34.10636],[-83.89006,34.10639],[-83.89058,34.10657],[-83.89064,34.10648],[-83.89087,34.10658],[-83.89107,34.10669],[-83.89123,34.10681],[-83.89136,34.10685],[-83.89228,34.10719],[-83.89241,34.10723],[-83.8926,34.10731],[-83.89274,34.10736],[-83.89325,34.10755],[-83.894,34.10782],[-83.89487,34.10815],[-83.89512,34.10824],[-83.89576,34.10848],[-83.89629,34.10867],[-83.89702,34.10894],[-83.89707,34.10896],[-83.8971,34.10897],[-83.8972,34.109],[-83.89744,34.10909],[-83.89814,34.10935],[-83.89843,34.10946],[-83.89877,34.10958],[-83.8994,34.1098],[-83.90031,34.1101],[-83.90208,34.1107],[-83.90361,34.11122],[-83.90674,34.11229],[-83.90758,34.11257],[-83.91102,34.11388],[-83.91437,34.11518],[-83.91453,34.11523],[-83.91465,34.11528],[-83.91526,34.11552],[-83.91898,34.11694],[-83.91905,34.11696],[-83.91946,34.11712],[-83.92076,34.11762],[-83.9227,34.11836],[-83.92408,34.11888],[-83.92576,34.11951],[-83.92617,34.11967],[-83.92668,34.11985],[-83.92766,34.12021],[-83.92813,34.12039],[-83.92818,34.12041],[-83.92956,34.12092],[-83.93069,34.12133],[-83.93117,34.12151],[-83.93179,34.12173],[-83.93202,34.12181],[-83.93267,34.12203],[-83.93336,34.12227],[-83.93343,34.12229],[-83.93408,34.12253],[-83.93495,34.12282],[-83.93562,34.12304],[-83.9358,34.1231],[-83.93592,34.12314],[-83.93634,34.12328],[-83.93701,34.12351],[-83.93731,34.12361],[-83.93791,34.12381],[-83.9386,34.12405],[-83.93877,34.1241],[-83.93968,34.12441],[-83.93981,34.12446],[-83.94011,34.12456],[-83.94059,34.12472],[-83.94099,34.12487],[-83.9418,34.12518],[-83.94206,34.12528],[-83.94214,34.12531],[-83.94216,34.12532],[-83.94257,34.12548],[-83.94261,34.12549],[-83.94303,34.12565],[-83.94323,34.12573],[-83.94329,34.12575],[-83.94356,34.12585],[-83.94381,34.12595],[-83.94413,34.12607],[-83.94475,34.12631],[-83.94505,34.12642],[-83.94518,34.12647],[-83.94533,34.12652],[-83.9456,34.12663],[-83.94619,34.12685],[-83.94702,34.12716],[-83.94773,34.12743],[-83.94784,34.12748],[-83.94847,34.12772],[-83.94927,34.12802],[-83.95008,34.12833],[-83.95057,34.12851],[-83.95063,34.12854],[-83.95114,34.12873],[-83.95131,34.12879],[-83.95225,34.12915],[-83.95238,34.1292],[-83.95247,34.12923],[-83.95292,34.1294],[-83.953,34.12943],[-83.95398,34.1298],[-83.95415,34.12986],[-83.95502,34.13018],[-83.95518,34.13025],[-83.95522,34.13026],[-83.95578,34.13046],[-83.95599,34.13053],[-83.95674,34.13078],[-83.95911,34.1316],[-83.95923,34.13164],[-83.95939,34.1317],[-83.95949,34.13173],[-83.96068,34.13214],[-83.96076,34.13217],[-83.96117,34.13231],[-83.96224,34.13268],[-83.96232,34.13271],[-83.96324,34.13303],[-83.96384,34.13323],[-83.96391,34.13326],[-83.96409,34.13332],[-83.96566,34.13387],[-83.96636,34.13411],[-83.9665,34.13416],[-83.96715,34.13439],[-83.96761,34.13455],[-83.9683,34.13479],[-83.96855,34.13488],[-83.96857,34.13488],[-83.96904,34.13506],[-83.96909,34.13508],[-83.96915,34.13511],[-83.96927,34.13516],[-83.97016,34.13552],[-83.97248,34.13647],[-83.97278,34.1366],[-83.9732,34.13677],[-83.97398,34.13709],[-83.97565,34.13743],[-83.97573,34.13745],[-83.97576,34.13745],[-83.97582,34.13747],[-83.9768,34.13767],[-83.97699,34.13771],[-83.97709,34.13773],[-83.97828,34.13798],[-83.97846,34.13806],[-83.97848,34.13807],[-83.97851,34.13808],[-83.97862,34.13813],[-83.97929,34.13842],[-83.9797,34.13859],[-83.97986,34.13866],[-83.97989,34.13867],[-83.98024,34.13883],[-83.98079,34.13906],[-83.98086,34.13909],[-83.98186,34.13952],[-83.98292,34.13995],[-83.98307,34.14001],[-83.98452,34.14058],[-83.98625,34.14127],[-83.98675,34.14147],[-83.98741,34.14173],[-83.98753,34.14178],[-83.98756,34.14179],[-83.98785,34.1419],[-83.98806,34.14199],[-83.98902,34.14237],[-83.98937,34.14251],[-83.98941,34.14252],[-83.98984,34.14269],[-83.9899,34.14272],[-83.99012,34.14279],[-83.99051,34.14294],[-83.99092,34.14308],[-83.99168,34.14336],[-83.99184,34.14341],[-83.99192,34.14344],[-83.99259,34.14368],[-83.99343,34.14398],[-83.99409,34.14422],[-83.99534,34.14468],[-83.99663,34.14514],[-83.99673,34.14518],[-83.997,34.14528],[-83.9983,34.14575],[-83.99889,34.14596],[-83.99938,34.14613],[-84.00004,34.14637],[-84.0008,34.14664],[-84.00207,34.14709],[-84.00388,34.14772],[-84.00452,34.14796],[-84.0052,34.14822],[-84.00614,34.14855],[-84.00742,34.14901],[-84.00793,34.14919],[-84.00802,34.14922],[-84.0087,34.14946],[-84.00908,34.1496],[-84.00943,34.14972],[-84.01038,34.15006],[-84.01212,34.15067],[-84.01292,34.15095],[-84.01532,34.15176],[-84.01566,34.15188],[-84.0168,34.15227],[-84.01798,34.15266],[-84.01876,34.15292],[-84.01963,34.15321],[-84.01999,34.15333],[-84.02072,34.15358],[-84.02079,34.1536],[-84.02131,34.15377],[-84.02262,34.15421],[-84.02315,34.1544],[-84.0242,34.1548],[-84.02473,34.155],[-84.02529,34.15521],[-84.02546,34.15528],[-84.0258,34.15541],[-84.02607,34.15551],[-84.02669,34.15575],[-84.02717,34.15594],[-84.02873,34.15654],[-84.02925,34.15674],[-84.02968,34.15691],[-84.03022,34.15712],[-84.03047,34.15722],[-84.03315,34.15826],[-84.034,34.1586],[-84.03434,34.15873],[-84.03519,34.15907],[-84.03552,34.1592],[-84.03574,34.15928],[-84.03579,34.1593],[-84.036,34.15939],[-84.0368,34.1597],[-84.03935,34.1607],[-84.04069,34.16123],[-84.0412,34.16143],[-84.04184,34.16168],[-84.04219,34.16182],[-84.04282,34.16207],[-84.04299,34.16214],[-84.0438,34.16246],[-84.0442,34.16262],[-84.04537,34.16308],[-84.04741,34.16389],[-84.04793,34.1641],[-84.04959,34.16473],[-84.05017,34.16493],[-84.05314,34.1659],[-84.05401,34.16618],[-84.05479,34.16641],[-84.05922,34.16767],[-84.06219,34.16854],[-84.06225,34.16845],[-84.0624,34.16824],[-84.06242,34.16822],[-84.06243,34.1682],[-84.06245,34.16819],[-84.06247,34.16817],[-84.06249,34.16816],[-84.06255,34.16812],[-84.06284,34.16787],[-84.06322,34.16772],[-84.06428,34.16711],[-84.06606,34.16639],[-84.0678,34.16581],[-84.06868,34.16556],[-84.0689,34.1655],[-84.06933,34.16538],[-84.06983,34.16526],[-84.07065,34.16508],[-84.07106,34.16497],[-84.07208,34.16469],[-84.07325,34.16431],[-84.07397,34.16403],[-84.07462,34.16369],[-84.07507,34.1633],[-84.07539,34.16294],[-84.07544,34.16286],[-84.07552,34.16275],[-84.07572,34.16244],[-84.07587,34.16221],[-84.07607,34.1617],[-84.07614,34.16148],[-84.0762,34.16124],[-84.07621,34.16095],[-84.07621,34.16081],[-84.07619,34.16052],[-84.07602,34.15981],[-84.07596,34.15943],[-84.07594,34.15919],[-84.07594,34.15905],[-84.07594,34.15859],[-84.076,34.15835],[-84.07615,34.1581],[-84.07642,34.15785],[-84.07652,34.15778],[-84.07683,34.15757],[-84.07758,34.15719],[-84.07823,34.15681],[-84.07878,34.15638],[-84.07928,34.15596],[-84.07958,34.15563],[-84.07994,34.15515],[-84.08028,34.15461],[-84.08158,34.15304],[-84.08188,34.15288],[-84.08225,34.15264],[-84.0824,34.15246],[-84.08257,34.1521],[-84.08281,34.15156],[-84.08312,34.151],[-84.08346,34.15061],[-84.08385,34.15009],[-84.08422,34.14974],[-84.08474,34.14937],[-84.08541,34.14882],[-84.08581,34.14831],[-84.08587,34.1482],[-84.08615,34.14769],[-84.08639,34.14712],[-84.08648,34.14671],[-84.08649,34.14662],[-84.08652,34.14634],[-84.08644,34.14612],[-84.08629,34.14587],[-84.086,34.14563],[-84.08579,34.14533],[-84.08563,34.14493],[-84.08529,34.14421],[-84.08519,34.14382],[-84.08512,34.14339],[-84.08513,34.14316],[-84.08539,34.14267],[-84.08553,34.14241],[-84.08591,34.1418],[-84.08647,34.1412],[-84.08713,34.14052],[-84.08792,34.13978],[-84.08848,34.13908],[-84.08915,34.13807],[-84.08998,34.13671],[-84.09084,34.13539],[-84.09117,34.13495],[-84.09158,34.13442],[-84.09179,34.13421],[-84.092,34.13401],[-84.09223,34.13382],[-84.09247,34.13364],[-84.09273,34.13347],[-84.09299,34.13331],[-84.09326,34.13316],[-84.09354,34.13302],[-84.09376,34.13293],[-84.09435,34.13264],[-84.09462,34.1325],[-84.0947,34.1324],[-84.09474,34.13235],[-84.09481,34.13222],[-84.09483,34.13206],[-84.09476,34.13171],[-84.09449,34.13097],[-84.0943,34.13059],[-84.09377,34.12955],[-84.09342,34.12875],[-84.09328,34.12822],[-84.09321,34.1278],[-84.09319,34.12732],[-84.09322,34.12686],[-84.09326,34.12666],[-84.09327,34.12654],[-84.09333,34.12632],[-84.09334,34.12627],[-84.09334,34.12624],[-84.09338,34.12614],[-84.09339,34.1261],[-84.0934,34.12608],[-84.0934,34.12607],[-84.09342,34.12601],[-84.09346,34.1259],[-84.0935,34.12579],[-84.09352,34.12575],[-84.09356,34.12568],[-84.09359,34.12563],[-84.09361,34.1256],[-84.09387,34.12512],[-84.09394,34.12504],[-84.09427,34.12463],[-84.0947,34.12428],[-84.09522,34.12396],[-84.09532,34.12391],[-84.09533,34.1239],[-84.09539,34.12386],[-84.09585,34.12368],[-84.09629,34.12354],[-84.09664,34.12343],[-84.09722,34.12317],[-84.0975,34.12293],[-84.09761,34.12284],[-84.09775,34.12256],[-84.09778,34.12251],[-84.0978,34.12238],[-84.09789,34.12182],[-84.09785,34.1211],[-84.09782,34.12062],[-84.0978,34.12043],[-84.09779,34.12021],[-84.09778,34.12014],[-84.09775,34.11947],[-84.09784,34.11909],[-84.09801,34.11878],[-84.09824,34.11857],[-84.09865,34.1182],[-84.09901,34.11793],[-84.09956,34.11768],[-84.10007,34.11751],[-84.10067,34.11726],[-84.10114,34.11705],[-84.10144,34.11681],[-84.10162,34.11643],[-84.10169,34.11613],[-84.10169,34.11612],[-84.1018,34.11568],[-84.10192,34.11466],[-84.10193,34.11462],[-84.10199,34.11412],[-84.10202,34.11356],[-84.10207,34.11251],[-84.10203,34.11198],[-84.102,34.1115],[-84.10186,34.1109],[-84.10169,34.10977],[-84.10149,34.1083],[-84.10133,34.1068],[-84.10134,34.1063],[-84.10144,34.10579],[-84.1015,34.10556],[-84.10163,34.10508],[-84.10191,34.10455],[-84.1022,34.10417],[-84.10225,34.10412],[-84.10261,34.10379],[-84.10338,34.10334],[-84.10401,34.10306],[-84.10452,34.10283],[-84.1054,34.10222],[-84.10571,34.10185],[-84.10585,34.10164],[-84.10599,34.10143],[-84.10633,34.10095],[-84.10656,34.1006],[-84.10681,34.10031],[-84.1069,34.10024],[-84.10714,34.10003],[-84.10769,34.09971],[-84.10868,34.0992],[-84.10913,34.09897],[-84.10915,34.09896],[-84.1096,34.0987],[-84.10969,34.09862],[-84.10989,34.09842],[-84.10997,34.09835],[-84.11011,34.09805],[-84.11032,34.09754],[-84.11034,34.0974],[-84.11034,34.09739],[-84.11035,34.09735],[-84.11035,34.09732],[-84.11042,34.09698],[-84.11039,34.09622],[-84.11034,34.09599],[-84.11034,34.09598],[-84.11023,34.09543],[-84.11012,34.09465],[-84.10995,34.09402],[-84.10989,34.09341],[-84.10985,34.09306],[-84.10989,34.09272],[-84.1099,34.09254],[-84.10998,34.09232],[-84.11016,34.09174],[-84.11037,34.09133],[-84.11091,34.09047],[-84.1116,34.08966],[-84.11168,34.08956],[-84.11211,34.08902],[-84.11262,34.08827],[-84.1133,34.08704],[-84.11357,34.0864],[-84.11372,34.0858],[-84.11382,34.0852],[-84.11389,34.0844]]]}},{"type":"Feature","properties":{"GEOID":"13117","BASENAME":"Forsyth"},"geometry":{"type":"Polygon","coordinates":[[[-84.25858,34.28821],[-84.25858,34.28807],[-84.25858,34.28801],[-84.25858,34.28731],[-84.25858,34.28708],[-84.25858,34.28618],[-84.25858,34.28558],[-84.25858,34.27887],[-84.25858,34.27833],[-84.25859,34.27518],[-84.25859,34.27507],[-84.25859,34.27316],[-84.25863,34.26871],[-84.25866,34.26453],[-84.25867,34.26271],[-84.25867,34.26236],[-84.25864,34.25803],[-84.25865,34.25708],[-84.25867,34.25304],[-84.25863,34.24801],[-84.25867,34.2419],[-84.25867,34.24181],[-84.25867,34.24171],[-84.25867,34.24162],[-84.25869,34.2383],[-84.25869,34.23709],[-84.25869,34.23425],[-84.25869,34.23369],[-84.25868,34.22791],[-84.25868,34.22033],[-84.25867,34.21471],[-84.25868,34.21287],[-84.25889,34.20898],[-84.25898,34.20826],[-84.25892,34.20775],[-84.25887,34.20738],[-84.25887,34.20732],[-84.25886,34.20728],[-84.25885,34.20721],[-84.25885,34.20717],[-84.25885,34.20589],[-84.25886,34.20446],[-84.25886,34.20418],[-84.25886,34.20409],[-84.25886,34.20358],[-84.25886,34.20298],[-84.25886,34.2029],[-84.25886,34.20268],[-84.25886,34.20201],[-84.25886,34.20146],[-84.25886,34.2014],[-84.25886,34.20136],[-84.25886,34.20132],[-84.25886,34.20029],[-84.25886,34.20028],[-84.25886,34.20018],[-84.25886,34.2001],[-84.25887,34.19977],[-84.25886,34.19889],[-84.25886,34.19823],[-84.25888,34.19741],[-84.25889,34.19708],[-84.25889,34.1969],[-84.25889,34.19687],[-84.25889,34.19683],[-84.25889,34.19674],[-84.2589,34.1956],[-84.25891,34.19527],[-84.25891,34.19515],[-84.25891,34.19507],[-84.25892,34.19468],[-84.25892,34.19462],[-84.25892,34.19427],[-84.25892,34.19414],[-84.25893,34.19351],[-84.25893,34.19346],[-84.25893,34.19327],[-84.25893,34.19324],[-84.25893,34.19312],[-84.25894,34.19274],[-84.25894,34.19268],[-84.25894,34.19263],[-84.25894,34.19248],[-84.25894,34.19215],[-84.25894,34.19194],[-84.25895,34.19177],[-84.25895,34.19168],[-84.25895,34.1911],[-84.25896,34.1906],[-84.25896,34.19047],[-84.25896,34.18961],[-84.25897,34.18864],[-84.25898,34.18757],[-84.25902,34.18602],[-84.25902,34.18592],[-84.25902,34.1859],[-84.25874,34.1859],[-84.25871,34.18591],[-84.25869,34.18591],[-84.25869,34.18589],[-84.25868,34.18277],[-84.25868,34.18232],[-84.2588,34.17846],[-84.2589,34.17507],[-84.25889,34.17303],[-84.25888,34.17136],[-84.25888,34.17089],[-84.25887,34.1688],[-84.25886,34.16749],[-84.25885,34.16648],[-84.25884,34.16563],[-84.25884,34.1652],[-84.25883,34.1647],[-84.25885,34.16337],[-84.25885,34.1633],[-84.25885,34.16308],[-84.25889,34.16033],[-84.25889,34.16021],[-84.2589,34.15885],[-84.25891,34.15753],[-84.25891,34.1575],[-84.25891,34.15741],[-84.2589,34.1572],[-84.25889,34.15674],[-84.25889,34.15672],[-84.25889,34.15665],[-84.25888,34.15605],[-84.2589,34.15493],[-84.2589,34.15485],[-84.2589,34.15476],[-84.2589,34.15339],[-84.2589,34.15301],[-84.2589,34.15297],[-84.2589,34.15291],[-84.2589,34.15282],[-84.2589,34.1527],[-84.2589,34.15252],[-84.2589,34.15248],[-84.2589,34.15244],[-84.2589,34.15155],[-84.2589,34.15118],[-84.25889,34.15],[-84.25889,34.14978],[-84.25889,34.14962],[-84.25889,34.14919],[-84.25889,34.14901],[-84.25889,34.14846],[-84.25889,34.14765],[-84.25889,34.14694],[-84.25889,34.14641],[-84.25889,34.14569],[-84.25889,34.14401],[-84.25889,34.14333],[-84.25889,34.14316],[-84.25889,34.14308],[-84.25889,34.14109],[-84.25889,34.14074],[-84.25889,34.1404],[-84.25889,34.13979],[-84.25889,34.13924],[-84.25889,34.13871],[-84.25889,34.13816],[-84.25889,34.13755],[-84.25889,34.13665],[-84.25889,34.13659],[-84.25889,34.13649],[-84.25889,34.13554],[-84.25889,34.13503],[-84.25889,34.13257],[-84.25892,34.12939],[-84.25893,34.12889],[-84.25894,34.12794],[-84.25894,34.12746],[-84.25894,34.12736],[-84.25894,34.12722],[-84.25894,34.12707],[-84.25893,34.12626],[-84.25893,34.12588],[-84.25893,34.12553],[-84.25893,34.1254],[-84.25892,34.12444],[-84.25892,34.12436],[-84.25894,34.12173],[-84.25897,34.11669],[-84.25901,34.10959],[-84.25901,34.10956],[-84.25895,34.10952],[-84.25892,34.1095],[-84.2589,34.10949],[-84.25887,34.10948],[-84.25882,34.10945],[-84.25878,34.10943],[-84.25874,34.1094],[-84.25871,34.10939],[-84.2587,34.10938],[-84.25865,34.10936],[-84.25862,34.10934],[-84.2586,34.10933],[-84.25849,34.10928],[-84.25837,34.10923],[-84.25828,34.1092],[-84.25814,34.10915],[-84.25808,34.10913],[-84.25706,34.10885],[-84.25704,34.10885],[-84.25692,34.10881],[-84.25685,34.10879],[-84.25653,34.10868],[-84.25643,34.10865],[-84.25637,34.10863],[-84.25586,34.10837],[-84.25548,34.10812],[-84.25534,34.10802],[-84.25523,34.10788],[-84.25502,34.10764],[-84.255,34.10762],[-84.2549,34.10747],[-84.25489,34.10745],[-84.25487,34.10743],[-84.25477,34.10725],[-84.25462,34.10671],[-84.25457,34.10654],[-84.25457,34.10652],[-84.25456,34.10647],[-84.25447,34.10616],[-84.25447,34.10615],[-84.25443,34.10597],[-84.25441,34.10585],[-84.25438,34.10572],[-84.25435,34.10558],[-84.25434,34.10551],[-84.25433,34.10547],[-84.25432,34.10545],[-84.2543,34.10531],[-84.25428,34.10521],[-84.25424,34.10504],[-84.25423,34.10496],[-84.25421,34.10489],[-84.25417,34.10469],[-84.25416,34.10462],[-84.25409,34.10429],[-84.25379,34.10438],[-84.25355,34.10442],[-84.25342,34.10444],[-84.2533,34.10445],[-84.25327,34.10446],[-84.25326,34.10446],[-84.25301,34.10448],[-84.25299,34.10448],[-84.25296,34.10448],[-84.25294,34.10448],[-84.25277,34.1045],[-84.2526,34.10451],[-84.25258,34.10451],[-84.25246,34.10452],[-84.25241,34.10453],[-84.25212,34.10455],[-84.25193,34.10457],[-84.25187,34.10457],[-84.25177,34.10458],[-84.25173,34.10458],[-84.2516,34.1046],[-84.25157,34.1046],[-84.25117,34.10463],[-84.25108,34.10464],[-84.25103,34.10464],[-84.251,34.10464],[-84.25098,34.10465],[-84.25082,34.10466],[-84.25068,34.10466],[-84.25054,34.10466],[-84.25026,34.10465],[-84.2502,34.10464],[-84.24994,34.10458],[-84.24989,34.10456],[-84.24949,34.10448],[-84.24929,34.10443],[-84.24927,34.10442],[-84.24876,34.10424],[-84.24866,34.10421],[-84.24801,34.104],[-84.24798,34.10399],[-84.24772,34.10389],[-84.24736,34.10378],[-84.24662,34.10354],[-84.24578,34.10324],[-84.24544,34.10312],[-84.24517,34.103],[-84.24496,34.10293],[-84.2448,34.10286],[-84.24472,34.10282],[-84.24459,34.10274],[-84.24439,34.10266],[-84.24427,34.10261],[-84.24334,34.10217],[-84.24329,34.10214],[-84.24324,34.10212],[-84.24318,34.10209],[-84.24317,34.10208],[-84.24314,34.10207],[-84.2431,34.10205],[-84.24303,34.10202],[-84.24278,34.10191],[-84.24262,34.10184],[-84.2424,34.10175],[-84.24229,34.10171],[-84.2422,34.10168],[-84.24197,34.10161],[-84.24165,34.10153],[-84.2415,34.10151],[-84.24132,34.10148],[-84.24103,34.10147],[-84.24093,34.10146],[-84.24077,34.10144],[-84.24076,34.10144],[-84.2407,34.10145],[-84.24034,34.10144],[-84.24011,34.10144],[-84.24004,34.10144],[-84.24,34.10144],[-84.23949,34.10144],[-84.23859,34.10142],[-84.23809,34.10141],[-84.23797,34.10141],[-84.23684,34.10138],[-84.23681,34.10138],[-84.23679,34.10138],[-84.23676,34.10138],[-84.23669,34.10138],[-84.23666,34.10138],[-84.23633,34.10134],[-84.23617,34.10131],[-84.23597,34.10129],[-84.23577,34.1013],[-84.23541,34.10135],[-84.23516,34.10089],[-84.23489,34.10041],[-84.23484,34.10032],[-84.23483,34.10031],[-84.23476,34.1002],[-84.2347,34.1001],[-84.23467,34.10006],[-84.23459,34.09993],[-84.23447,34.09975],[-84.23446,34.09973],[-84.23443,34.09967],[-84.23441,34.09964],[-84.23437,34.09958],[-84.23436,34.09956],[-84.2343,34.09946],[-84.23427,34.09942],[-84.23426,34.09941],[-84.23426,34.0994],[-84.23425,34.09939],[-84.23421,34.09931],[-84.23416,34.09924],[-84.23411,34.09917],[-84.23407,34.09909],[-84.23404,34.09905],[-84.23384,34.09877],[-84.23376,34.09868],[-84.2336,34.09849],[-84.2336,34.09848],[-84.23358,34.09847],[-84.23357,34.09846],[-84.2334,34.0983],[-84.2333,34.0982],[-84.23318,34.0981],[-84.23308,34.09802],[-84.23307,34.09801],[-84.23298,34.09794],[-84.23276,34.09779],[-84.23274,34.09778],[-84.23273,34.09777],[-84.23271,34.09776],[-84.23263,34.0977],[-84.23256,34.09766],[-84.23237,34.09754],[-84.23234,34.09753],[-84.23219,34.09743],[-84.23217,34.09742],[-84.23215,34.09741],[-84.23148,34.09699],[-84.23127,34.09689],[-84.23121,34.09686],[-84.23117,34.09685],[-84.23109,34.09681],[-84.23106,34.0968],[-84.23084,34.09672],[-84.23082,34.09672],[-84.23069,34.09669],[-84.23054,34.09665],[-84.23026,34.09661],[-84.23025,34.0966],[-84.23023,34.0966],[-84.23021,34.0966],[-84.23002,34.09658],[-84.22991,34.09658],[-84.22978,34.09658],[-84.22976,34.09658],[-84.22972,34.09658],[-84.22952,34.09659],[-84.22926,34.09661],[-84.22921,34.09662],[-84.22899,34.09666],[-84.22876,34.09672],[-84.2287,34.09674],[-84.22868,34.09674],[-84.22866,34.09675],[-84.22862,34.09676],[-84.2283,34.09686],[-84.2282,34.0969],[-84.22818,34.0969],[-84.22817,34.09691],[-84.22814,34.09692],[-84.22774,34.09705],[-84.22746,34.09714],[-84.22743,34.09715],[-84.22548,34.0978],[-84.22542,34.09782],[-84.2254,34.09783],[-84.22524,34.0979],[-84.2251,34.09796],[-84.225,34.09801],[-84.22475,34.09816],[-84.22473,34.09817],[-84.22472,34.09818],[-84.22451,34.09833],[-84.22448,34.09835],[-84.22445,34.09838],[-84.22365,34.0991],[-84.22357,34.09918],[-84.22339,34.09934],[-84.22319,34.09952],[-84.22311,34.09959],[-84.22297,34.09968],[-84.22295,34.0997],[-84.22277,34.09982],[-84.22259,34.09993],[-84.2224,34.10002],[-84.22213,34.10013],[-84.22211,34.10014],[-84.222,34.10019],[-84.22191,34.10022],[-84.22187,34.10023],[-84.22173,34.10028],[-84.2216,34.10031],[-84.22145,34.10034],[-84.22116,34.10039],[-84.22088,34.10042],[-84.22064,34.10043],[-84.2203,34.10043],[-84.22021,34.10043],[-84.22017,34.10042],[-84.22015,34.10042],[-84.22011,34.10042],[-84.22005,34.10042],[-84.22004,34.10042],[-84.22002,34.10042],[-84.22001,34.10041],[-84.2199,34.10041],[-84.21988,34.10041],[-84.21985,34.10041],[-84.21889,34.10036],[-84.21878,34.10035],[-84.21877,34.10034],[-84.21874,34.10034],[-84.21862,34.10033],[-84.2181,34.10027],[-84.21759,34.10018],[-84.21618,34.09982],[-84.21585,34.09974],[-84.21577,34.09972],[-84.2157,34.0997],[-84.21561,34.09968],[-84.21559,34.09967],[-84.21472,34.09945],[-84.21471,34.09944],[-84.21464,34.09943],[-84.21463,34.09942],[-84.2146,34.09942],[-84.21459,34.09941],[-84.21447,34.09938],[-84.21445,34.09938],[-84.21443,34.09937],[-84.21415,34.09929],[-84.21382,34.09917],[-84.21381,34.09916],[-84.21376,34.09914],[-84.21357,34.09905],[-84.21353,34.09903],[-84.21333,34.09893],[-84.21327,34.09889],[-84.21322,34.09887],[-84.21314,34.09882],[-84.21305,34.09877],[-84.21301,34.09874],[-84.21294,34.09869],[-84.21285,34.09864],[-84.21263,34.09847],[-84.2126,34.09845],[-84.21244,34.09831],[-84.21237,34.09825],[-84.21236,34.09824],[-84.21226,34.09814],[-84.21215,34.09804],[-84.21213,34.09801],[-84.21204,34.09792],[-84.21201,34.09787],[-84.21198,34.09783],[-84.21182,34.09763],[-84.21178,34.09757],[-84.21174,34.09751],[-84.21169,34.09744],[-84.21156,34.0972],[-84.2113,34.09674],[-84.21123,34.09662],[-84.2112,34.09656],[-84.21117,34.09652],[-84.21071,34.09566],[-84.21049,34.09526],[-84.21048,34.09525],[-84.21044,34.09518],[-84.21032,34.09497],[-84.21031,34.09494],[-84.2102,34.09475],[-84.21017,34.0947],[-84.21013,34.09463],[-84.2101,34.09457],[-84.20993,34.09434],[-84.20991,34.09432],[-84.2099,34.0943],[-84.20982,34.09422],[-84.20971,34.09409],[-84.20924,34.09372],[-84.20902,34.09358],[-84.209,34.09357],[-84.20899,34.09356],[-84.20896,34.09355],[-84.20879,34.09344],[-84.20822,34.09309],[-84.20817,34.09305],[-84.20815,34.09303],[-84.20814,34.09302],[-84.20809,34.09298],[-84.20801,34.09292],[-84.20796,34.09288],[-84.20787,34.0928],[-84.20779,34.09272],[-84.20776,34.09269],[-84.20776,34.09268],[-84.20763,34.09254],[-84.20756,34.09246],[-84.20756,34.09245],[-84.20754,34.09242],[-84.20748,34.09235],[-84.20729,34.09206],[-84.20707,34.09171],[-84.20706,34.09169],[-84.20705,34.09167],[-84.20702,34.09163],[-84.20694,34.09152],[-84.2069,34.09147],[-84.20688,34.09144],[-84.20683,34.09137],[-84.20666,34.09119],[-84.20658,34.09111],[-84.20643,34.09099],[-84.20631,34.09089],[-84.20625,34.09085],[-84.20599,34.09069],[-84.20597,34.09068],[-84.20584,34.0906],[-84.20578,34.09058],[-84.20576,34.09057],[-84.20575,34.09056],[-84.20574,34.09056],[-84.20571,34.09054],[-84.2052,34.09039],[-84.20453,34.09027],[-84.2029,34.09011],[-84.20206,34.09014],[-84.20199,34.09015],[-84.20166,34.09017],[-84.20132,34.09018],[-84.20102,34.09018],[-84.20098,34.09018],[-84.20096,34.09018],[-84.20083,34.09017],[-84.2007,34.09016],[-84.20067,34.09016],[-84.20062,34.09015],[-84.20039,34.09012],[-84.20037,34.09012],[-84.20034,34.09011],[-84.20011,34.09006],[-84.19985,34.08999],[-84.19975,34.08996],[-84.1997,34.08994],[-84.19953,34.08988],[-84.19951,34.08987],[-84.19949,34.08986],[-84.19922,34.08976],[-84.19899,34.08966],[-84.19742,34.08898],[-84.19739,34.08896],[-84.19729,34.08892],[-84.19678,34.0887],[-84.19676,34.08869],[-84.19664,34.08864],[-84.1966,34.08862],[-84.19638,34.08852],[-84.19614,34.08842],[-84.19611,34.0884],[-84.1956,34.08818],[-84.19558,34.08817],[-84.19555,34.08816],[-84.19526,34.08804],[-84.1952,34.08802],[-84.19518,34.08801],[-84.19503,34.08795],[-84.19488,34.08789],[-84.19471,34.08782],[-84.19447,34.08773],[-84.1944,34.0877],[-84.19434,34.08767],[-84.19432,34.08767],[-84.19405,34.08756],[-84.19383,34.08747],[-84.19355,34.08736],[-84.19334,34.0873],[-84.19311,34.08725],[-84.19305,34.08723],[-84.19298,34.08721],[-84.19284,34.08717],[-84.19267,34.08713],[-84.1924,34.08707],[-84.19205,34.08699],[-84.1916,34.08687],[-84.19152,34.08684],[-84.1915,34.08684],[-84.19123,34.08675],[-84.19107,34.08667],[-84.19096,34.08662],[-84.19094,34.08661],[-84.19089,34.08659],[-84.19067,34.08647],[-84.19043,34.08632],[-84.19014,34.08609],[-84.18999,34.08596],[-84.18992,34.0859],[-84.18974,34.08576],[-84.18939,34.08547],[-84.18805,34.08409],[-84.18803,34.08408],[-84.18784,34.0839],[-84.18783,34.08388],[-84.1878,34.08386],[-84.18757,34.08367],[-84.18753,34.08364],[-84.18727,34.08347],[-84.18648,34.08309],[-84.1864,34.08305],[-84.18605,34.0829],[-84.18562,34.08258],[-84.18558,34.08256],[-84.18539,34.0823],[-84.18523,34.08197],[-84.18512,34.08174],[-84.18505,34.08149],[-84.18503,34.08143],[-84.185,34.08133],[-84.18498,34.08115],[-84.18497,34.08112],[-84.18493,34.08085],[-84.1849,34.08058],[-84.18487,34.08029],[-84.18477,34.07992],[-84.18467,34.07959],[-84.18435,34.07903],[-84.18433,34.07901],[-84.18428,34.07895],[-84.18247,34.07659],[-84.18245,34.07656],[-84.18236,34.07644],[-84.18218,34.0762],[-84.18206,34.07606],[-84.18205,34.07604],[-84.18203,34.07601],[-84.18198,34.07595],[-84.18191,34.07587],[-84.18183,34.07576],[-84.18178,34.07569],[-84.18174,34.07564],[-84.18162,34.07549],[-84.18161,34.07547],[-84.1816,34.07546],[-84.18157,34.07543],[-84.18156,34.07541],[-84.18152,34.07536],[-84.1815,34.07534],[-84.18137,34.07517],[-84.18136,34.07516],[-84.18127,34.07504],[-84.18115,34.07489],[-84.18113,34.07487],[-84.18111,34.07484],[-84.18095,34.07463],[-84.18088,34.07455],[-84.18087,34.07453],[-84.18082,34.07446],[-84.18068,34.07428],[-84.18019,34.07366],[-84.17999,34.0734],[-84.17966,34.07279],[-84.17958,34.0726],[-84.17936,34.07204],[-84.17919,34.07163],[-84.17908,34.0714],[-84.17888,34.07106],[-84.17863,34.07075],[-84.17834,34.0704],[-84.17801,34.07016],[-84.17765,34.06994],[-84.17727,34.06975],[-84.17698,34.06964],[-84.17659,34.06953],[-84.1762,34.06946],[-84.17523,34.06936],[-84.17344,34.06916],[-84.17292,34.06909],[-84.17234,34.069],[-84.17165,34.06889],[-84.17112,34.06878],[-84.17058,34.06866],[-84.16956,34.06842],[-84.16822,34.06807],[-84.16808,34.06803],[-84.16634,34.06752],[-84.16617,34.06747],[-84.16459,34.06702],[-84.16394,34.06682],[-84.1637,34.06676],[-84.16348,34.06669],[-84.16321,34.0666],[-84.16285,34.06645],[-84.16271,34.06639],[-84.16235,34.06617],[-84.16222,34.06607],[-84.16203,34.06591],[-84.16188,34.06576],[-84.16178,34.06566],[-84.16152,34.06534],[-84.16131,34.06501],[-84.1611,34.0647],[-84.16081,34.06426],[-84.16055,34.06386],[-84.1603,34.06356],[-84.16008,34.06334],[-84.15991,34.06317],[-84.15976,34.06304],[-84.1596,34.06292],[-84.15946,34.06283],[-84.15933,34.06275],[-84.1592,34.06267],[-84.15888,34.06251],[-84.15862,34.06237],[-84.15771,34.06189],[-84.15743,34.06175],[-84.15648,34.06126],[-84.15524,34.06061],[-84.15429,34.06014],[-84.15405,34.06003],[-84.1536,34.05987],[-84.15142,34.05908],[-84.15137,34.05906],[-84.15059,34.05873],[-84.14982,34.05831],[-84.14918,34.05797],[-84.14889,34.05781],[-84.14852,34.05761],[-84.1482,34.05744],[-84.14809,34.05738],[-84.14793,34.05729],[-84.14782,34.05723],[-84.14774,34.05718],[-84.14767,34.05715],[-84.14759,34.05711],[-84.14718,34.05688],[-84.14665,34.0566],[-84.14616,34.05638],[-84.14492,34.05585],[-84.14362,34.05537],[-84.14344,34.05531],[-84.1431,34.05521],[-84.14281,34.05514],[-84.14251,34.05509],[-84.14227,34.05507],[-84.14207,34.05505],[-84.14191,34.05505],[-84.14179,34.05504],[-84.1416,34.05505],[-84.14138,34.05506],[-84.14112,34.0551],[-84.14079,34.05515],[-84.14034,34.05524],[-84.13951,34.05539],[-84.13912,34.05548],[-84.1387,34.05559],[-84.13835,34.0557],[-84.13798,34.05583],[-84.13766,34.05596],[-84.13731,34.0561],[-84.13639,34.0565],[-84.13596,34.0567],[-84.13585,34.05674],[-84.13543,34.05688],[-84.13515,34.05695],[-84.13486,34.05701],[-84.13449,34.05706],[-84.13415,34.05709],[-84.13385,34.0571],[-84.13351,34.05709],[-84.13315,34.05706],[-84.13292,34.05703],[-84.13266,34.05697],[-84.1325,34.05693],[-84.13229,34.05688],[-84.13222,34.05686],[-84.13173,34.0567],[-84.13167,34.05668],[-84.1313,34.05651],[-84.13102,34.05635],[-84.12991,34.05565],[-84.12963,34.05548],[-84.12944,34.05536],[-84.12924,34.05523],[-84.12875,34.05493],[-84.1286,34.05485],[-84.12838,34.05473],[-84.12814,34.05461],[-84.12753,34.05434],[-84.12724,34.05424],[-84.12606,34.05384],[-84.12542,34.05363],[-84.12425,34.05313],[-84.12408,34.05306],[-84.12381,34.05295],[-84.12318,34.05269],[-84.12276,34.05255],[-84.12173,34.05226],[-84.12131,34.05217],[-84.12075,34.05205],[-84.11978,34.05182],[-84.11951,34.05175],[-84.11845,34.05151],[-84.1178,34.05138],[-84.11716,34.05126],[-84.11656,34.05118],[-84.11614,34.05112],[-84.1155,34.05106],[-84.11528,34.05105],[-84.11514,34.05104],[-84.11435,34.051],[-84.11381,34.05098],[-84.11284,34.05098],[-84.11178,34.05098],[-84.11098,34.05098],[-84.10807,34.05099],[-84.10724,34.05098],[-84.09784,34.05071],[-84.09775,34.05071],[-84.09769,34.05071],[-84.0977,34.05077],[-84.0977,34.05086],[-84.09774,34.05095],[-84.09785,34.05122],[-84.09814,34.05158],[-84.09918,34.05252],[-84.0998,34.05298],[-84.10036,34.05326],[-84.10073,34.05338],[-84.10081,34.0534],[-84.10111,34.05344],[-84.10169,34.05347],[-84.10245,34.05349],[-84.10303,34.05355],[-84.10344,34.05356],[-84.10386,34.05366],[-84.10447,34.05388],[-84.10537,34.0543],[-84.10582,34.05456],[-84.10621,34.05479],[-84.10689,34.0553],[-84.10755,34.05585],[-84.10814,34.05646],[-84.10868,34.05717],[-84.10903,34.05785],[-84.10946,34.05886],[-84.11003,34.05999],[-84.11026,34.06051],[-84.11065,34.06166],[-84.11093,34.06211],[-84.11105,34.0623],[-84.11129,34.06264],[-84.1118,34.06314],[-84.11275,34.06392],[-84.11353,34.06448],[-84.11372,34.06462],[-84.1141,34.06483],[-84.11446,34.06504],[-84.11496,34.06525],[-84.11546,34.06535],[-84.11597,34.06536],[-84.11646,34.06528],[-84.11679,34.06518],[-84.11703,34.06512],[-84.11711,34.06511],[-84.1173,34.0651],[-84.11759,34.06518],[-84.11763,34.0652],[-84.11777,34.06529],[-84.1178,34.06531],[-84.11793,34.06556],[-84.11799,34.06594],[-84.11797,34.06666],[-84.11786,34.06744],[-84.11756,34.06855],[-84.11722,34.06964],[-84.11699,34.0703],[-84.11678,34.07079],[-84.11566,34.07308],[-84.11519,34.07384],[-84.11466,34.07476],[-84.11416,34.0754],[-84.11371,34.07592],[-84.1134,34.07634],[-84.11331,34.07663],[-84.11321,34.07707],[-84.1132,34.07745],[-84.11324,34.07788],[-84.11332,34.07828],[-84.11335,34.07844],[-84.11348,34.07886],[-84.11352,34.079],[-84.11366,34.0797],[-84.11375,34.08038],[-84.11383,34.08189],[-84.11388,34.0835],[-84.11389,34.0844],[-84.11382,34.0852],[-84.11372,34.0858],[-84.11357,34.0864],[-84.1133,34.08704],[-84.11262,34.08827],[-84.11211,34.08902],[-84.11168,34.08956],[-84.1116,34.08966],[-84.11091,34.09047],[-84.11037,34.09133],[-84.11016,34.09174],[-84.10998,34.09232],[-84.1099,34.09254],[-84.10989,34.09272],[-84.10985,34.09306],[-84.10989,34.09341],[-84.10995,34.09402],[-84.11012,34.09465],[-84.11023,34.09543],[-84.11034,34.09598],[-84.11034,34.09599],[-84.11039,34.09622],[-84.11042,34.09698],[-84.11035,34.09732],[-84.11035,34.09735],[-84.11034,34.09739],[-84.11034,34.0974],[-84.11032,34.09754],[-84.11011,34.09805],[-84.10997,34.09835],[-84.10989,34.09842],[-84.10969,34.09862],[-84.1096,34.0987],[-84.10915,34.09896],[-84.10913,34.09897],[-84.10868,34.0992],[-84.10769,34.09971],[-84.10714,34.10003],[-84.1069,34.10024],[-84.10681,34.10031],[-84.10656,34.1006],[-84.10633,34.10095],[-84.10599,34.10143],[-84.10585,34.10164],[-84.10571,34.10185],[-84.1054,34.10222],[-84.10452,34.10283],[-84.10401,34.10306],[-84.10338,34.10334],[-84.10261,34.10379],[-84.10225,34.10412],[-84.1022,34.10417],[-84.10191,34.10455],[-84.10163,34.10508],[-84.1015,34.10556],[-84.10144,34.10579],[-84.10134,34.1063],[-84.10133,34.1068],[-84.10149,34.1083],[-84.10169,34.10977],[-84.10186,34.1109],[-84.102,34.1115],[-84.10203,34.11198],[-84.10207,34.11251],[-84.10202,34.11356],[-84.10199,34.11412],[-84.10193,34.11462],[-84.10192,34.11466],[-84.1018,34.11568],[-84.10169,34.11612],[-84.10169,34.11613],[-84.10162,34.11643],[-84.10144,34.11681],[-84.10114,34.11705],[-84.10067,34.11726],[-84.10007,34.11751],[-84.09956,34.11768],[-84.09901,34.11793],[-84.09865,34.1182],[-84.09824,34.11857],[-84.09801,34.11878],[-84.09784,34.11909],[-84.09775,34.11947],[-84.09778,34.12014],[-84.09779,34.12021],[-84.0978,34.12043],[-84.09782,34.12062],[-84.09785,34.1211],[-84.09789,34.12182],[-84.0978,34.12238],[-84.09778,34.12251],[-84.09775,34.12256],[-84.09761,34.12284],[-84.0975,34.12293],[-84.09722,34.12317],[-84.09664,34.12343],[-84.09629,34.12354],[-84.09585,34.12368],[-84.09539,34.12386],[-84.09533,34.1239],[-84.09532,34.12391],[-84.09522,34.12396],[-84.0947,34.12428],[-84.09427,34.12463],[-84.09394,34.12504],[-84.09387,34.12512],[-84.09361,34.1256],[-84.09359,34.12563],[-84.09356,34.12568],[-84.09352,34.12575],[-84.0935,34.12579],[-84.09346,34.1259],[-84.09342,34.12601],[-84.0934,34.12607],[-84.0934,34.12608],[-84.09339,34.1261],[-84.09338,34.12614],[-84.09334,34.12624],[-84.09334,34.12627],[-84.09333,34.12632],[-84.09327,34.12654],[-84.09326,34.12666],[-84.09322,34.12686],[-84.09319,34.12732],[-84.09321,34.1278],[-84.09328,34.12822],[-84.09342,34.12875],[-84.09377,34.12955],[-84.0943,34.13059],[-84.09449,34.13097],[-84.09476,34.13171],[-84.09483,34.13206],[-84.09481,34.13222],[-84.09474,34.13235],[-84.0947,34.1324],[-84.09462,34.1325],[-84.09435,34.13264],[-84.09376,34.13293],[-84.09354,34.13302],[-84.09326,34.13316],[-84.09299,34.13331],[-84.09273,34.13347],[-84.09247,34.13364],[-84.09223,34.13382],[-84.092,34.13401],[-84.09179,34.13421],[-84.09158,34.13442],[-84.09117,34.13495],[-84.09084,34.13539],[-84.08998,34.13671],[-84.08915,34.13807],[-84.08848,34.13908],[-84.08792,34.13978],[-84.08713,34.14052],[-84.08647,34.1412],[-84.08591,34.1418],[-84.08553,34.14241],[-84.08539,34.14267],[-84.08513,34.14316],[-84.08512,34.14339],[-84.08519,34.14382],[-84.08529,34.14421],[-84.08563,34.14493],[-84.08579,34.14533],[-84.086,34.14563],[-84.08629,34.14587],[-84.08644,34.14612],[-84.08652,34.14634],[-84.08649,34.14662],[-84.08648,34.14671],[-84.08639,34.14712],[-84.08615,34.14769],[-84.08587,34.1482],[-84.08581,34.14831],[-84.08541,34.14882],[-84.08474,34.14937],[-84.08422,34.14974],[-84.08385,34.15009],[-84.08346,34.15061],[-84.08312,34.151],[-84.08281,34.15156],[-84.08257,34.1521],[-84.0824,34.15246],[-84.08225,34.15264],[-84.08188,34.15288],[-84.08158,34.15304],[-84.08028,34.15461],[-84.07994,34.15515],[-84.07958,34.15563],[-84.07928,34.15596],[-84.07878,34.15638],[-84.07823,34.15681],[-84.07758,34.15719],[-84.07683,34.15757],[-84.07652,34.15778],[-84.07642,34.15785],[-84.07615,34.1581],[-84.076,34.15835],[-84.07594,34.15859],[-84.07594,34.15905],[-84.07594,34.15919],[-84.07596,34.15943],[-84.07602,34.15981],[-84.07619,34.16052],[-84.07621,34.16081],[-84.07621,34.16095],[-84.0762,34.16124],[-84.07614,34.16148],[-84.07607,34.1617],[-84.07587,34.16221],[-84.07572,34.16244],[-84.07552,34.16275],[-84.07544,34.16286],[-84.07539,34.16294],[-84.07507,34.1633],[-84.07462,34.16369],[-84.07397,34.16403],[-84.07325,34.16431],[-84.07208,34.16469],[-84.07106,34.16497],[-84.07065,34.16508],[-84.06983,34.16526],[-84.06933,34.16538],[-84.0689,34.1655],[-84.06868,34.16556],[-84.0678,34.16581],[-84.06606,34.16639],[-84.06428,34.16711],[-84.06322,34.16772],[-84.06284,34.16787],[-84.06255,34.16812],[-84.06249,34.16816],[-84.06247,34.16817],[-84.06245,34.16819],[-84.06243,34.1682],[-84.06242,34.16822],[-84.0624,34.16824],[-84.06225,34.16845],[-84.06219,34.16854],[-84.06209,34.16875],[-84.06207,34.1688],[-84.06199,34.16897],[-84.06177,34.16953],[-84.06116,34.17115],[-84.06079,34.17228],[-84.06077,34.17298],[-84.06079,34.17328],[-84.06067,34.17365],[-84.06027,34.17443],[-84.05949,34.17551],[-84.05919,34.1762],[-84.05915,34.17639],[-84.05899,34.17686],[-84.05897,34.17716],[-84.05886,34.17742],[-84.05875,34.17807],[-84.05872,34.17857],[-84.05867,34.17867],[-84.05872,34.17877],[-84.05906,34.18011],[-84.05915,34.1811],[-84.05914,34.18137],[-84.05909,34.18163],[-84.05891,34.18198],[-84.05869,34.1823],[-84.05843,34.18261],[-84.05806,34.18298],[-84.05786,34.18314],[-84.05763,34.18328],[-84.05684,34.18375],[-84.0557,34.18433],[-84.05539,34.18452],[-84.05461,34.18508],[-84.05415,34.1855],[-84.05393,34.18573],[-84.05361,34.1862],[-84.05322,34.18697],[-84.05309,34.18711],[-84.05305,34.18729],[-84.05263,34.18794],[-84.05225,34.18848],[-84.05067,34.19007],[-84.0502,34.19041],[-84.05004,34.19053],[-84.04968,34.19076],[-84.0492,34.19102],[-84.04871,34.19122],[-84.04823,34.19136],[-84.0479,34.19141],[-84.04741,34.19146],[-84.04691,34.1916],[-84.04658,34.19171],[-84.0463,34.19185],[-84.04134,34.19362],[-84.03957,34.19407],[-84.03902,34.19426],[-84.03873,34.19432],[-84.03793,34.19434],[-84.03762,34.19441],[-84.03725,34.19439],[-84.03547,34.19465],[-84.03458,34.19479],[-84.03308,34.19499],[-84.03071,34.19531],[-84.02992,34.19533],[-84.02585,34.19515],[-84.02468,34.19505],[-84.02379,34.19494],[-84.02307,34.19478],[-84.02258,34.19461],[-84.0213,34.19407],[-84.02115,34.19401],[-84.02099,34.19392],[-84.02078,34.19386],[-84.01897,34.19308],[-84.01686,34.19224],[-84.01561,34.19179],[-84.0137,34.19119],[-84.01326,34.1911],[-84.0128,34.19105],[-84.01146,34.19102],[-84.011,34.19107],[-84.00974,34.19136],[-84.00948,34.19143],[-84.00919,34.19147],[-84.00893,34.19155],[-84.00847,34.19171],[-84.00804,34.1919],[-84.00767,34.19202],[-84.00706,34.19223],[-84.00689,34.19231],[-84.00685,34.19233],[-84.00615,34.19275],[-84.00588,34.19297],[-84.00574,34.19308],[-84.00515,34.19369],[-84.00483,34.19412],[-84.00449,34.19451],[-84.00443,34.19468],[-84.0042,34.19507],[-84.00409,34.19525],[-84.00389,34.19544],[-84.00354,34.19561],[-84.00323,34.19571],[-84.00294,34.19576],[-84.00274,34.19582],[-84.00246,34.19588],[-84.00185,34.19592],[-84.0015,34.19591],[-84.00123,34.19587],[-84.00006,34.19553],[-83.9999,34.19541],[-83.99977,34.19532],[-83.99876,34.19482],[-83.99851,34.19467],[-83.99792,34.19448],[-83.99734,34.19425],[-83.99689,34.19412],[-83.99677,34.19404],[-83.99639,34.19391],[-83.99621,34.19385],[-83.99573,34.19375],[-83.99439,34.19373],[-83.99394,34.19377],[-83.99302,34.19394],[-83.99244,34.19411],[-83.99152,34.19442],[-83.9907,34.19477],[-83.98991,34.19513],[-83.98948,34.19542],[-83.98937,34.19549],[-83.98906,34.19573],[-83.98785,34.19692],[-83.98598,34.19889],[-83.98571,34.19915],[-83.98555,34.1993],[-83.98505,34.19991],[-83.98489,34.20014],[-83.98484,34.20022],[-83.98481,34.20028],[-83.98468,34.20053],[-83.98448,34.20101],[-83.9844,34.20137],[-83.98432,34.2015],[-83.98399,34.20219],[-83.98386,34.20238],[-83.98376,34.20253],[-83.98324,34.20311],[-83.98321,34.20313],[-83.98278,34.20372],[-83.98269,34.20385],[-83.9824,34.2044],[-83.98227,34.20484],[-83.98199,34.20563],[-83.982,34.20577],[-83.98184,34.20619],[-83.98173,34.20666],[-83.98147,34.20757],[-83.98138,34.20776],[-83.98124,34.20831],[-83.98051,34.21009],[-83.98009,34.21097],[-83.98002,34.21121],[-83.9797,34.21174],[-83.97942,34.21231],[-83.97915,34.21273],[-83.97878,34.21318],[-83.97835,34.2136],[-83.97802,34.21387],[-83.97798,34.21389],[-83.97782,34.21392],[-83.97741,34.21398],[-83.97725,34.21401],[-83.97667,34.21404],[-83.97618,34.21405],[-83.97606,34.21403],[-83.9751,34.21394],[-83.97396,34.21398],[-83.97267,34.21409],[-83.9722,34.21417],[-83.97086,34.21451],[-83.96927,34.21487],[-83.96858,34.21504],[-83.96793,34.2152],[-83.96755,34.21537],[-83.96698,34.21574],[-83.96679,34.21593],[-83.96668,34.21606],[-83.96662,34.21615],[-83.96653,34.21636],[-83.96633,34.21664],[-83.96612,34.21705],[-83.96601,34.21736],[-83.96578,34.21821],[-83.96562,34.21854],[-83.96532,34.21901],[-83.96476,34.21968],[-83.9646,34.21998],[-83.96451,34.22029],[-83.96446,34.22071],[-83.96446,34.22102],[-83.96451,34.22132],[-83.96457,34.22155],[-83.96484,34.22184],[-83.96516,34.22204],[-83.9656,34.22221],[-83.96576,34.22223],[-83.96579,34.22223],[-83.96581,34.22223],[-83.96669,34.22223],[-83.96709,34.22215],[-83.96756,34.22213],[-83.96843,34.22202],[-83.96876,34.22205],[-83.96908,34.22212],[-83.96941,34.22225],[-83.96968,34.22238],[-83.96997,34.22258],[-83.96999,34.22259],[-83.97003,34.22261],[-83.97013,34.22265],[-83.97025,34.22274],[-83.9703,34.22279],[-83.9707,34.22321],[-83.97102,34.22362],[-83.9712,34.22388],[-83.9713,34.22403],[-83.97147,34.22432],[-83.97162,34.22445],[-83.9722,34.22566],[-83.9722,34.22567],[-83.97235,34.22598],[-83.97242,34.22638],[-83.9724,34.22674],[-83.97234,34.22703],[-83.97232,34.22714],[-83.9723,34.2272],[-83.97214,34.22763],[-83.97199,34.22791],[-83.97195,34.22795],[-83.97181,34.22813],[-83.97161,34.22831],[-83.97119,34.22862],[-83.97054,34.22895],[-83.96988,34.2293],[-83.96981,34.2293],[-83.96912,34.22966],[-83.96837,34.23],[-83.9643,34.23143],[-83.96263,34.23193],[-83.96243,34.23204],[-83.96201,34.23219],[-83.96168,34.23233],[-83.96135,34.23252],[-83.96104,34.23265],[-83.96069,34.23289],[-83.96033,34.23318],[-83.95936,34.23411],[-83.95923,34.23423],[-83.9591,34.2344],[-83.95882,34.23462],[-83.95862,34.23474],[-83.95847,34.23483],[-83.95782,34.23531],[-83.95612,34.23634],[-83.95592,34.23648],[-83.95568,34.23665],[-83.95563,34.23668],[-83.95516,34.23696],[-83.9549,34.23718],[-83.95443,34.23748],[-83.95413,34.23764],[-83.95361,34.23792],[-83.95356,34.23794],[-83.95312,34.23812],[-83.9527,34.23833],[-83.95103,34.23901],[-83.95049,34.23929],[-83.95014,34.23953],[-83.94987,34.23978],[-83.94982,34.23984],[-83.94968,34.24],[-83.94955,34.24015],[-83.94936,34.24051],[-83.94926,34.2408],[-83.94897,34.24213],[-83.9489,34.24308],[-83.94897,34.24384],[-83.9491,34.24453],[-83.94935,34.24541],[-83.94983,34.24684],[-83.94989,34.24718],[-83.95005,34.24761],[-83.95008,34.24786],[-83.95022,34.24824],[-83.95023,34.24826],[-83.95046,34.2487],[-83.9505,34.24889],[-83.95098,34.24981],[-83.95113,34.25011],[-83.95127,34.25022],[-83.95145,34.25032],[-83.95154,34.25036],[-83.95166,34.25042],[-83.952,34.25065],[-83.95223,34.25086],[-83.9525,34.25114],[-83.95252,34.25115],[-83.95285,34.25141],[-83.95311,34.25175],[-83.95334,34.25215],[-83.95342,34.25236],[-83.95359,34.25323],[-83.95357,34.25349],[-83.95361,34.25379],[-83.9536,34.25408],[-83.95336,34.2556],[-83.95325,34.25599],[-83.95324,34.25603],[-83.95308,34.25648],[-83.9528,34.2573],[-83.95226,34.25842],[-83.95114,34.26036],[-83.95082,34.26084],[-83.95064,34.26121],[-83.95053,34.26154],[-83.95052,34.26156],[-83.95052,34.26159],[-83.95048,34.26188],[-83.95049,34.26218],[-83.95054,34.26246],[-83.95064,34.26273],[-83.95084,34.26309],[-83.95086,34.26312],[-83.9516,34.26403],[-83.95273,34.26517],[-83.95316,34.26559],[-83.95365,34.26616],[-83.95386,34.2665],[-83.95402,34.26686],[-83.9541,34.26717],[-83.9541,34.26724],[-83.95412,34.26751],[-83.95399,34.26792],[-83.95382,34.26829],[-83.95334,34.26901],[-83.95332,34.26904],[-83.95315,34.26921],[-83.95282,34.2695],[-83.95267,34.26963],[-83.95244,34.26979],[-83.95227,34.26991],[-83.95207,34.27004],[-83.95198,34.27009],[-83.95149,34.27038],[-83.9509,34.27066],[-83.95003,34.27105],[-83.94972,34.27115],[-83.94932,34.27134],[-83.94922,34.27139],[-83.94908,34.27144],[-83.94865,34.27159],[-83.94835,34.27174],[-83.94669,34.27253],[-83.94626,34.27276],[-83.94556,34.27314],[-83.94495,34.27354],[-83.94405,34.27406],[-83.9432,34.27449],[-83.9428,34.27467],[-83.9426,34.27476],[-83.94165,34.27511],[-83.94116,34.27524],[-83.94073,34.27531],[-83.94044,34.27534],[-83.94015,34.27537],[-83.9395,34.27549],[-83.9391,34.27552],[-83.93829,34.27564],[-83.93784,34.27573],[-83.93722,34.27591],[-83.93669,34.2761],[-83.93629,34.27629],[-83.93579,34.27655],[-83.93444,34.27741],[-83.9341,34.2776],[-83.93394,34.27764],[-83.93381,34.2777],[-83.93361,34.27788],[-83.93237,34.27841],[-83.93217,34.27849],[-83.9318,34.27858],[-83.93081,34.27874],[-83.93053,34.27872],[-83.93026,34.27879],[-83.92956,34.27882],[-83.92898,34.27888],[-83.92852,34.27896],[-83.92805,34.27907],[-83.92757,34.27922],[-83.92745,34.27928],[-83.92743,34.27929],[-83.92728,34.2794],[-83.92701,34.27974],[-83.92682,34.28006],[-83.92667,34.28038],[-83.92638,34.28131],[-83.92624,34.28177],[-83.92603,34.28279],[-83.92577,34.28441],[-83.92557,34.28527],[-83.92553,34.28571],[-83.92553,34.28604],[-83.92554,34.28611],[-83.92557,34.28637],[-83.92559,34.28642],[-83.92567,34.28658],[-83.92597,34.28704],[-83.92638,34.28751],[-83.92679,34.2879],[-83.9269,34.28797],[-83.92703,34.28807],[-83.92751,34.28844],[-83.92757,34.28848],[-83.92765,34.28858],[-83.92772,34.2887],[-83.92784,34.28888],[-83.92801,34.28936],[-83.92804,34.28946],[-83.92809,34.28957],[-83.92816,34.28965],[-83.92831,34.28979],[-83.92851,34.28992],[-83.92859,34.28995],[-83.92873,34.29001],[-83.9292,34.29022],[-83.92975,34.29049],[-83.93037,34.29085],[-83.9306,34.29091],[-83.93089,34.29105],[-83.93117,34.29111],[-83.93138,34.2911],[-83.93153,34.29102],[-83.93181,34.29073],[-83.93202,34.29042],[-83.93215,34.29008],[-83.93215,34.28982],[-83.932,34.28944],[-83.93166,34.28888],[-83.93155,34.28862],[-83.93145,34.28836],[-83.93122,34.28747],[-83.93114,34.28681],[-83.93112,34.28633],[-83.9312,34.28599],[-83.93137,34.28562],[-83.93162,34.28536],[-83.93191,34.28516],[-83.93223,34.28499],[-83.93244,34.28492],[-83.93262,34.28493],[-83.93282,34.28499],[-83.93306,34.28507],[-83.93342,34.28527],[-83.93367,34.28549],[-83.93415,34.28605],[-83.93459,34.28696],[-83.93465,34.28717],[-83.93466,34.28738],[-83.93466,34.2874],[-83.93475,34.28775],[-83.9348,34.28854],[-83.93474,34.28925],[-83.93476,34.28943],[-83.93475,34.29063],[-83.93478,34.29102],[-83.93489,34.29151],[-83.9349,34.29161],[-83.93498,34.29182],[-83.93509,34.29205],[-83.93524,34.29235],[-83.93525,34.29236],[-83.93622,34.29393],[-83.93629,34.29418],[-83.93632,34.29443],[-83.93629,34.2947],[-83.93621,34.29486],[-83.93599,34.29514],[-83.93575,34.29537],[-83.93545,34.2956],[-83.93516,34.29576],[-83.93484,34.29586],[-83.93457,34.296],[-83.93427,34.29605],[-83.93329,34.29636],[-83.93311,34.29638],[-83.93195,34.29637],[-83.9317,34.29641],[-83.93156,34.29652],[-83.93145,34.29667],[-83.93136,34.29683],[-83.93131,34.297],[-83.9313,34.29721],[-83.93136,34.2978],[-83.93141,34.29794],[-83.93151,34.29805],[-83.93178,34.29826],[-83.93202,34.2984],[-83.93222,34.29847],[-83.93241,34.29851],[-83.93246,34.29852],[-83.93326,34.2988],[-83.93356,34.29888],[-83.93394,34.29899],[-83.93459,34.29914],[-83.93525,34.29925],[-83.93645,34.29942],[-83.93702,34.29944],[-83.93743,34.29942],[-83.938,34.29935],[-83.93802,34.29935],[-83.93804,34.29935],[-83.93805,34.29934],[-83.93847,34.29925],[-83.93882,34.29913],[-83.93957,34.29877],[-83.93981,34.29858],[-83.94003,34.29837],[-83.94012,34.29823],[-83.94019,34.29806],[-83.94028,34.29772],[-83.9403,34.29747],[-83.94022,34.29657],[-83.94004,34.29578],[-83.93961,34.2945],[-83.93956,34.29423],[-83.93952,34.29366],[-83.93966,34.29274],[-83.93973,34.29246],[-83.93982,34.29229],[-83.93996,34.29214],[-83.94025,34.29196],[-83.9405,34.29188],[-83.94067,34.29185],[-83.9407,34.29185],[-83.9408,34.29183],[-83.941,34.29179],[-83.94115,34.2918],[-83.94149,34.29193],[-83.9417,34.29208],[-83.9418,34.2922],[-83.94186,34.29233],[-83.94207,34.29255],[-83.94226,34.29281],[-83.94254,34.29334],[-83.94308,34.29425],[-83.94348,34.29472],[-83.94396,34.29518],[-83.94494,34.29595],[-83.94593,34.29672],[-83.94611,34.29694],[-83.94655,34.29729],[-83.94675,34.29755],[-83.94686,34.29779],[-83.94689,34.29797],[-83.94684,34.29826],[-83.94675,34.29845],[-83.94664,34.2986],[-83.94604,34.29922],[-83.94547,34.29968],[-83.94499,34.3],[-83.94448,34.30025],[-83.94382,34.30054],[-83.94366,34.30061],[-83.9433,34.30082],[-83.94299,34.30103],[-83.9428,34.30119],[-83.94268,34.30138],[-83.94262,34.30156],[-83.94261,34.30184],[-83.94262,34.30202],[-83.94268,34.30216],[-83.94284,34.30247],[-83.94291,34.30257],[-83.94303,34.30275],[-83.94353,34.30374],[-83.9436,34.30396],[-83.94419,34.30522],[-83.94443,34.3058],[-83.94462,34.30612],[-83.9449,34.3065],[-83.94508,34.3068],[-83.94543,34.30721],[-83.94555,34.30739],[-83.94585,34.30779],[-83.9462,34.30818],[-83.94688,34.30902],[-83.9479,34.31006],[-83.94868,34.31087],[-83.94905,34.31132],[-83.94944,34.31172],[-83.94973,34.31219],[-83.94984,34.3123],[-83.94986,34.31233],[-83.94988,34.31235],[-83.95003,34.31248],[-83.95023,34.31274],[-83.95032,34.31281],[-83.95039,34.31297],[-83.95065,34.31322],[-83.95112,34.31358],[-83.95147,34.31402],[-83.95186,34.31441],[-83.95239,34.31508],[-83.95263,34.31538],[-83.95303,34.31597],[-83.95319,34.31634],[-83.95322,34.31645],[-83.9532,34.31659],[-83.95329,34.31682],[-83.95335,34.31724],[-83.95335,34.31763],[-83.95331,34.31796],[-83.95324,34.31817],[-83.95268,34.31952],[-83.95251,34.31991],[-83.95209,34.32065],[-83.95206,34.3207],[-83.95191,34.32106],[-83.95179,34.32134],[-83.95175,34.32142],[-83.95142,34.32219],[-83.9512,34.32252],[-83.95096,34.32278],[-83.95086,34.32288],[-83.95066,34.32305],[-83.95045,34.32318],[-83.95007,34.32332],[-83.94932,34.32352],[-83.9486,34.3236],[-83.94734,34.32366],[-83.9471,34.32371],[-83.94705,34.32372],[-83.947,34.32373],[-83.94678,34.32376],[-83.94647,34.32379],[-83.9463,34.32385],[-83.94614,34.32393],[-83.94586,34.32414],[-83.94576,34.32422],[-83.94571,34.32434],[-83.94562,34.32456],[-83.94561,34.32467],[-83.94563,34.32479],[-83.94578,34.32502],[-83.94594,34.32527],[-83.94626,34.32558],[-83.94639,34.32575],[-83.9465,34.32597],[-83.94656,34.3263],[-83.94659,34.32668],[-83.94655,34.32696],[-83.94644,34.32726],[-83.94625,34.32756],[-83.94603,34.3279],[-83.9458,34.32818],[-83.94571,34.32828],[-83.94564,34.32839],[-83.94547,34.32873],[-83.94545,34.32884],[-83.94543,34.329],[-83.94547,34.32924],[-83.94557,34.3294],[-83.94595,34.3297],[-83.94618,34.32983],[-83.9462,34.32986],[-83.94623,34.32988],[-83.94631,34.32992],[-83.94691,34.33018],[-83.94724,34.33026],[-83.94728,34.33027],[-83.94755,34.33033],[-83.94916,34.33056],[-83.94951,34.33062],[-83.95043,34.33077],[-83.95083,34.33079],[-83.95161,34.33083],[-83.95232,34.33089],[-83.95251,34.33094],[-83.95281,34.33101],[-83.95302,34.33111],[-83.9532,34.33123],[-83.95408,34.33177],[-83.95477,34.33208],[-83.95569,34.33242],[-83.95619,34.33272],[-83.95644,34.33293],[-83.95651,34.33301],[-83.95666,34.33319],[-83.95681,34.33344],[-83.95692,34.33369],[-83.95693,34.3337],[-83.957,34.33385],[-83.95708,34.33401],[-83.95904,34.33403],[-83.96036,34.33404],[-83.96263,34.33406],[-83.96512,34.33408],[-83.96609,34.33408],[-83.96713,34.33409],[-83.9672,34.33409],[-83.96842,34.33409],[-83.97035,34.33408],[-83.9705,34.33408],[-83.97386,34.33416],[-83.9741,34.33416],[-83.97857,34.33419],[-83.9796,34.33419],[-83.98064,34.3342],[-83.98065,34.3342],[-83.98123,34.3342],[-83.98204,34.3342],[-83.98343,34.33421],[-83.98366,34.33421],[-83.98375,34.33421],[-83.9839,34.33421],[-83.98402,34.33421],[-83.98717,34.33423],[-83.99024,34.33423],[-83.99233,34.33424],[-83.99791,34.33428],[-84.00593,34.33429],[-84.01395,34.33431],[-84.01416,34.33431],[-84.01437,34.33431],[-84.01563,34.33431],[-84.01618,34.3343],[-84.01673,34.3343],[-84.01745,34.3343],[-84.01854,34.33431],[-84.02039,34.33433],[-84.0209,34.33434],[-84.02386,34.33433],[-84.02847,34.33432],[-84.0316,34.33431],[-84.03169,34.3343],[-84.03299,34.3343],[-84.03351,34.33431],[-84.03468,34.3343],[-84.03729,34.33432],[-84.03875,34.33432],[-84.03985,34.33433],[-84.04091,34.33433],[-84.04414,34.33435],[-84.04587,34.33436],[-84.04593,34.33436],[-84.05499,34.3344],[-84.05573,34.3344],[-84.05598,34.3344],[-84.05604,34.3344],[-84.05738,34.3344],[-84.059,34.3344],[-84.06205,34.3344],[-84.06651,34.33442],[-84.06768,34.33443],[-84.07516,34.33447],[-84.07579,34.33447],[-84.07715,34.33448],[-84.08104,34.3345],[-84.08245,34.3345],[-84.08397,34.33451],[-84.08701,34.33452],[-84.09516,34.33455],[-84.09546,34.33455],[-84.09793,34.33456],[-84.09857,34.33456],[-84.10394,34.33458],[-84.1071,34.33459],[-84.10849,34.33459],[-84.11487,34.33461],[-84.11591,34.33461],[-84.11717,34.33463],[-84.1224,34.33468],[-84.12595,34.33471],[-84.12844,34.33471],[-84.12931,34.33471],[-84.13134,34.33471],[-84.13297,34.33471],[-84.13866,34.33474],[-84.14036,34.33475],[-84.1429,34.33477],[-84.14583,34.33475],[-84.14629,34.33475],[-84.14847,34.33476],[-84.15301,34.33477],[-84.16229,34.33481],[-84.16577,34.33482],[-84.17101,34.33485],[-84.17638,34.33487],[-84.17972,34.33489],[-84.18289,34.3349],[-84.18391,34.3349],[-84.18619,34.33489],[-84.19081,34.33492],[-84.19117,34.33493],[-84.19276,34.33494],[-84.19517,34.33493],[-84.19604,34.33493],[-84.19733,34.33493],[-84.20054,34.33495],[-84.20386,34.33496],[-84.20592,34.33497],[-84.20796,34.33498],[-84.21102,34.335],[-84.21556,34.33503],[-84.2197,34.33506],[-84.22226,34.33508],[-84.2223,34.33508],[-84.22549,34.33506],[-84.22865,34.33509],[-84.24636,34.33516],[-84.24652,34.33516],[-84.24661,34.33516],[-84.2467,34.33516],[-84.24771,34.33516],[-84.24838,34.33516],[-84.25117,34.33513],[-84.25463,34.33517],[-84.25592,34.33516],[-84.25807,34.33516],[-84.25809,34.33381],[-84.25816,34.32919],[-84.25825,34.32218],[-84.25832,34.31771],[-84.25832,34.31759],[-84.25836,34.31474],[-84.25838,34.31353],[-84.25839,34.31305],[-84.2584,34.31068],[-84.2584,34.31061],[-84.2584,34.31054],[-84.2584,34.31046],[-84.25845,34.30416],[-84.25845,34.30408],[-84.25845,34.30401],[-84.25845,34.30391],[-84.25846,34.30353],[-84.25849,34.29946],[-84.25849,34.2994],[-84.25849,34.29934],[-84.25849,34.29928],[-84.25849,34.29921],[-84.25853,34.29505],[-84.25858,34.28821]]]}},{"type":"Feature","properties":{"GEOID":"13281","BASENAME":"Towns"},"geometry":{"type":"Polygon","coordinates":[[[-83.65667,34.8786],[-83.65665,34.87865],[-83.65662,34.87869],[-83.65657,34.87872],[-83.65652,34.87874],[-83.65647,34.87877],[-83.65641,34.87879],[-83.65636,34.8788],[-83.6563,34.87882],[-83.65624,34.87884],[-83.65611,34.87887],[-83.65605,34.87888],[-83.65593,34.87891],[-83.65587,34.87892],[-83.65575,34.87895],[-83.65563,34.87897],[-83.65551,34.87899],[-83.65539,34.87902],[-83.65527,34.87904],[-83.65515,34.87906],[-83.65509,34.87908],[-83.65503,34.87909],[-83.65498,34.87911],[-83.65486,34.87915],[-83.65475,34.87919],[-83.65463,34.87923],[-83.65452,34.87927],[-83.65441,34.87931],[-83.6543,34.87936],[-83.65424,34.87938],[-83.65413,34.87943],[-83.65408,34.87946],[-83.65398,34.87951],[-83.65387,34.87956],[-83.65378,34.87963],[-83.65374,34.87967],[-83.65367,34.87975],[-83.65359,34.87984],[-83.65351,34.87992],[-83.65347,34.87996],[-83.65342,34.87999],[-83.65338,34.88002],[-83.65332,34.88004],[-83.65327,34.88006],[-83.65316,34.88009],[-83.65304,34.88012],[-83.65292,34.88014],[-83.6528,34.88017],[-83.65267,34.88018],[-83.65255,34.8802],[-83.65249,34.88021],[-83.65242,34.88022],[-83.65236,34.88023],[-83.65224,34.88025],[-83.65212,34.88027],[-83.65206,34.88028],[-83.65194,34.8803],[-83.65181,34.88031],[-83.65175,34.88032],[-83.65169,34.88033],[-83.65157,34.88034],[-83.65145,34.88036],[-83.65133,34.88038],[-83.65121,34.88041],[-83.65115,34.88042],[-83.65109,34.88044],[-83.65103,34.88045],[-83.65092,34.88049],[-83.6508,34.88053],[-83.65068,34.88058],[-83.65057,34.88063],[-83.65051,34.88065],[-83.65046,34.88068],[-83.65041,34.8807],[-83.65036,34.88073],[-83.6503,34.88076],[-83.65026,34.8808],[-83.65021,34.88082],[-83.65017,34.88086],[-83.65013,34.88089],[-83.6501,34.88093],[-83.65007,34.88097],[-83.65005,34.88102],[-83.65003,34.88107],[-83.65002,34.88111],[-83.65001,34.88117],[-83.65001,34.88122],[-83.65,34.88128],[-83.64999,34.88138],[-83.64998,34.88144],[-83.64996,34.88154],[-83.64995,34.88159],[-83.64992,34.88174],[-83.6499,34.88189],[-83.64989,34.88194],[-83.64987,34.88204],[-83.64985,34.88214],[-83.64983,34.88224],[-83.64982,34.88229],[-83.64979,34.88239],[-83.64976,34.88249],[-83.64974,34.88259],[-83.64972,34.88264],[-83.64971,34.88269],[-83.64969,34.88274],[-83.64967,34.88278],[-83.64966,34.88283],[-83.64964,34.88288],[-83.64962,34.88293],[-83.6496,34.88298],[-83.64958,34.88303],[-83.64956,34.88307],[-83.64954,34.88312],[-83.64951,34.88317],[-83.64948,34.88321],[-83.64945,34.88325],[-83.64942,34.8833],[-83.64938,34.88334],[-83.64935,34.88338],[-83.64931,34.88342],[-83.64928,34.88346],[-83.64924,34.8835],[-83.64919,34.88354],[-83.64915,34.88358],[-83.64911,34.88361],[-83.64902,34.88368],[-83.64893,34.88376],[-83.64889,34.8838],[-83.64882,34.88388],[-83.64875,34.88396],[-83.64868,34.88405],[-83.64862,34.88413],[-83.64856,34.88422],[-83.64852,34.88426],[-83.64849,34.88431],[-83.64846,34.88435],[-83.64841,34.88444],[-83.64838,34.88449],[-83.64833,34.88458],[-83.64829,34.88468],[-83.64824,34.88477],[-83.64819,34.88486],[-83.64817,34.88491],[-83.64814,34.88496],[-83.64811,34.885],[-83.64808,34.88505],[-83.64805,34.88509],[-83.64802,34.88513],[-83.64799,34.88518],[-83.64795,34.88522],[-83.64792,34.88526],[-83.64788,34.8853],[-83.64784,34.88535],[-83.64781,34.88539],[-83.64777,34.88543],[-83.64772,34.88546],[-83.64768,34.88549],[-83.64763,34.88553],[-83.64758,34.88555],[-83.64752,34.88558],[-83.64747,34.8856],[-83.64741,34.88562],[-83.64734,34.88564],[-83.64728,34.88566],[-83.64723,34.88568],[-83.64717,34.8857],[-83.64711,34.88572],[-83.64706,34.88575],[-83.64702,34.88578],[-83.64698,34.88581],[-83.64694,34.88585],[-83.64692,34.88589],[-83.64691,34.88594],[-83.6469,34.88599],[-83.64689,34.88605],[-83.64688,34.88615],[-83.64687,34.88621],[-83.64686,34.88626],[-83.64685,34.88631],[-83.64683,34.88636],[-83.64681,34.88641],[-83.64679,34.88645],[-83.64677,34.8865],[-83.64675,34.88655],[-83.64673,34.8866],[-83.6467,34.88664],[-83.64667,34.88669],[-83.64664,34.88673],[-83.64661,34.88677],[-83.64658,34.88682],[-83.64654,34.88686],[-83.64651,34.8869],[-83.64643,34.88698],[-83.6464,34.88702],[-83.64636,34.88706],[-83.64632,34.8871],[-83.64628,34.88714],[-83.64624,34.88718],[-83.64619,34.88721],[-83.64615,34.88725],[-83.64606,34.88732],[-83.64596,34.88738],[-83.64587,34.88745],[-83.64577,34.88751],[-83.64568,34.88757],[-83.64558,34.88764],[-83.64549,34.88771],[-83.6454,34.88777],[-83.64531,34.88784],[-83.64522,34.88791],[-83.64512,34.88798],[-83.64503,34.88805],[-83.64495,34.88813],[-83.64486,34.8882],[-83.64478,34.88827],[-83.6447,34.88835],[-83.64462,34.88843],[-83.64454,34.88851],[-83.6445,34.88856],[-83.64447,34.8886],[-83.64445,34.88865],[-83.64443,34.8887],[-83.64441,34.88875],[-83.64441,34.88879],[-83.64441,34.88884],[-83.64443,34.88889],[-83.64444,34.88893],[-83.64448,34.88903],[-83.64454,34.88912],[-83.64459,34.88922],[-83.64465,34.88931],[-83.64467,34.88936],[-83.64472,34.88946],[-83.64473,34.88951],[-83.64477,34.8896],[-83.6448,34.8897],[-83.64484,34.8898],[-83.64487,34.8899],[-83.64489,34.88995],[-83.6449,34.89],[-83.64493,34.8901],[-83.64496,34.89019],[-83.645,34.89029],[-83.64503,34.89039],[-83.64505,34.89044],[-83.64509,34.89054],[-83.64514,34.89064],[-83.64518,34.89075],[-83.64522,34.89085],[-83.64526,34.89095],[-83.64528,34.891],[-83.6453,34.89105],[-83.64531,34.89109],[-83.64532,34.89114],[-83.64533,34.89119],[-83.64533,34.89123],[-83.64534,34.89128],[-83.64534,34.89132],[-83.64532,34.89135],[-83.64528,34.89138],[-83.64522,34.8914],[-83.64515,34.89142],[-83.64508,34.89143],[-83.645,34.89144],[-83.64494,34.89145],[-83.64488,34.89147],[-83.64482,34.89148],[-83.64476,34.89149],[-83.64471,34.89151],[-83.64465,34.89152],[-83.64459,34.89153],[-83.64453,34.89154],[-83.64447,34.89156],[-83.64441,34.89157],[-83.64429,34.89159],[-83.64417,34.89162],[-83.64405,34.89164],[-83.64393,34.89167],[-83.64387,34.89168],[-83.64381,34.8917],[-83.64369,34.89173],[-83.64358,34.89176],[-83.64352,34.89178],[-83.64346,34.8918],[-83.64309,34.89189],[-83.64291,34.89202],[-83.64279,34.89209],[-83.64259,34.89219],[-83.64229,34.89219],[-83.64225,34.89218],[-83.64207,34.89215],[-83.6418,34.89209],[-83.64179,34.89209],[-83.64119,34.89209],[-83.64079,34.89219],[-83.64077,34.8922],[-83.64025,34.89239],[-83.64016,34.89243],[-83.63999,34.89249],[-83.63989,34.89259],[-83.63949,34.89269],[-83.63919,34.89269],[-83.63909,34.89269],[-83.63869,34.89279],[-83.63849,34.89279],[-83.63839,34.89279],[-83.63819,34.89289],[-83.63808,34.89291],[-83.63769,34.89299],[-83.63749,34.89299],[-83.63737,34.89296],[-83.63718,34.89291],[-83.63709,34.89289],[-83.63691,34.89283],[-83.63649,34.89269],[-83.63609,34.89239],[-83.63559,34.89229],[-83.63539,34.89239],[-83.63529,34.89249],[-83.6351,34.89268],[-83.63509,34.89279],[-83.63499,34.89289],[-83.63489,34.89289],[-83.63489,34.89299],[-83.63449,34.89329],[-83.63429,34.89349],[-83.63369,34.89379],[-83.63359,34.89389],[-83.63309,34.89409],[-83.6327,34.89415],[-83.63059,34.89449],[-83.63019,34.89489],[-83.62989,34.89519],[-83.62959,34.89559],[-83.62949,34.89599],[-83.62949,34.89629],[-83.62939,34.89659],[-83.62919,34.89689],[-83.62879,34.89719],[-83.62859,34.89749],[-83.62859,34.89779],[-83.62839,34.89849],[-83.62829,34.89889],[-83.62809,34.89949],[-83.62799,34.89979],[-83.62809,34.90019],[-83.62819,34.90049],[-83.62839,34.90079],[-83.62859,34.90099],[-83.62869,34.90149],[-83.62869,34.90155],[-83.62869,34.90169],[-83.62869,34.90189],[-83.62849,34.90219],[-83.62839,34.90239],[-83.62849,34.90259],[-83.62849,34.90269],[-83.62849,34.90309],[-83.62849,34.90349],[-83.62869,34.90389],[-83.62889,34.90419],[-83.62899,34.90439],[-83.62899,34.90449],[-83.62909,34.90469],[-83.62949,34.90519],[-83.62989,34.90579],[-83.62989,34.90589],[-83.62999,34.90599],[-83.62976,34.90615],[-83.62969,34.90619],[-83.62959,34.90629],[-83.62939,34.90639],[-83.6291,34.90651],[-83.62903,34.90654],[-83.62889,34.90659],[-83.62859,34.90669],[-83.62839,34.90689],[-83.62829,34.90729],[-83.62809,34.90769],[-83.62799,34.90789],[-83.62779,34.90819],[-83.62759,34.90849],[-83.62749,34.90869],[-83.62739,34.90889],[-83.62739,34.90899],[-83.62729,34.90909],[-83.62719,34.90929],[-83.62709,34.90959],[-83.62689,34.90989],[-83.6267,34.91002],[-83.62659,34.91009],[-83.62629,34.91019],[-83.62627,34.91019],[-83.62589,34.91019],[-83.62549,34.91029],[-83.62509,34.91039],[-83.62489,34.91039],[-83.62489,34.91044],[-83.6245,34.9105],[-83.62401,34.9105],[-83.62374,34.91033],[-83.62328,34.91003],[-83.62295,34.90966],[-83.62271,34.90936],[-83.62254,34.90926],[-83.62209,34.90917],[-83.62124,34.9089],[-83.62076,34.90882],[-83.62038,34.90884],[-83.62005,34.90884],[-83.61993,34.90886],[-83.61948,34.90874],[-83.61887,34.90867],[-83.61838,34.90867],[-83.61805,34.90888],[-83.61805,34.90928],[-83.61815,34.90953],[-83.61818,34.90961],[-83.61832,34.90981],[-83.61834,34.90992],[-83.61836,34.91001],[-83.61847,34.91026],[-83.61854,34.91043],[-83.61859,34.91068],[-83.61859,34.91069],[-83.61862,34.91088],[-83.61856,34.91104],[-83.61841,34.91123],[-83.61831,34.91128],[-83.61824,34.91134],[-83.61815,34.91142],[-83.61803,34.91154],[-83.61794,34.91163],[-83.61743,34.91176],[-83.61706,34.91201],[-83.61667,34.91249],[-83.6161,34.91306],[-83.615,34.914],[-83.61471,34.91424],[-83.61394,34.91394],[-83.61255,34.91354],[-83.61031,34.91365],[-83.60966,34.91331],[-83.60827,34.91288],[-83.60798,34.91332],[-83.60725,34.91369],[-83.60676,34.91406],[-83.60586,34.91406],[-83.60395,34.91316],[-83.60317,34.9139],[-83.60297,34.91397],[-83.60247,34.91398],[-83.60174,34.91347],[-83.6004,34.91304],[-83.59969,34.91289],[-83.59901,34.91277],[-83.59828,34.91294],[-83.59791,34.91311],[-83.59709,34.91368],[-83.59669,34.91429],[-83.59612,34.91516],[-83.59522,34.9171],[-83.59379,34.91794],[-83.59351,34.92034],[-83.59322,34.92155],[-83.59538,34.92154],[-83.5968,34.9216],[-83.59828,34.92167],[-83.5995,34.92177],[-83.59967,34.92193],[-83.59979,34.92253],[-83.59979,34.92297],[-83.59959,34.9239],[-83.59959,34.92447],[-83.59953,34.92544],[-83.59954,34.92546],[-83.59958,34.92571],[-83.5996,34.92583],[-83.59957,34.92695],[-83.59957,34.92741],[-83.59944,34.92894],[-83.59944,34.92951],[-83.59946,34.92967],[-83.59951,34.93019],[-83.59975,34.93069],[-83.6,34.93082],[-83.6005,34.9308],[-83.60052,34.9308],[-83.60058,34.9308],[-83.60081,34.93079],[-83.60204,34.93192],[-83.60212,34.93282],[-83.602,34.934],[-83.602,34.93401],[-83.60196,34.93443],[-83.60157,34.93548],[-83.60122,34.93654],[-83.60147,34.93721],[-83.60151,34.93735],[-83.60157,34.93751],[-83.60175,34.93804],[-83.60159,34.93834],[-83.60156,34.93835],[-83.60152,34.93836],[-83.60057,34.93854],[-83.6,34.93861],[-83.59869,34.93892],[-83.59772,34.93912],[-83.59768,34.93913],[-83.59764,34.93915],[-83.59661,34.93956],[-83.5958,34.93951],[-83.59433,34.93943],[-83.59423,34.93943],[-83.59351,34.93947],[-83.5916,34.94138],[-83.59158,34.94138],[-83.58935,34.94172],[-83.58224,34.94281],[-83.58161,34.94287],[-83.55255,34.9459],[-83.55033,34.94613],[-83.55028,34.94614],[-83.5501,34.94616],[-83.54698,34.94648],[-83.54688,34.94649],[-83.5469,34.94681],[-83.54755,34.95873],[-83.54808,34.96853],[-83.54899,34.9853],[-83.54938,34.99239],[-83.54962,34.99239],[-83.54979,34.99239],[-83.55116,34.99238],[-83.55218,34.99236],[-83.55321,34.99235],[-83.55356,34.99235],[-83.55458,34.99234],[-83.55571,34.99236],[-83.55674,34.99238],[-83.55758,34.9924],[-83.55979,34.99239],[-83.56061,34.99239],[-83.56195,34.99238],[-83.56296,34.99238],[-83.56431,34.99237],[-83.56545,34.99237],[-83.56565,34.99237],[-83.56599,34.99236],[-83.56633,34.99236],[-83.56666,34.99236],[-83.567,34.99236],[-83.56734,34.99236],[-83.56767,34.99236],[-83.56801,34.99236],[-83.56834,34.99235],[-83.56868,34.99235],[-83.56902,34.99235],[-83.56936,34.99235],[-83.5707,34.99234],[-83.57272,34.99232],[-83.57402,34.99231],[-83.57576,34.99229],[-83.57746,34.99229],[-83.57985,34.99229],[-83.58258,34.99228],[-83.58463,34.99228],[-83.58685,34.99227],[-83.5872,34.99226],[-83.58974,34.99223],[-83.59213,34.99219],[-83.5945,34.99218],[-83.59756,34.99217],[-83.59948,34.99217],[-83.60027,34.99217],[-83.60128,34.99216],[-83.60366,34.99216],[-83.60637,34.99215],[-83.60671,34.99215],[-83.60705,34.99215],[-83.60727,34.99215],[-83.60908,34.99215],[-83.61044,34.99214],[-83.6125,34.99212],[-83.61456,34.99209],[-83.61662,34.99207],[-83.61868,34.99205],[-83.62005,34.99203],[-83.62004,34.99147],[-83.62002,34.99062],[-83.62001,34.98977],[-83.61999,34.98893],[-83.61997,34.9878],[-83.61995,34.98667],[-83.62065,34.98666],[-83.62196,34.98665],[-83.62312,34.98664],[-83.62488,34.98663],[-83.62727,34.98665],[-83.63034,34.98669],[-83.63238,34.98671],[-83.63374,34.98672],[-83.63486,34.98672],[-83.63545,34.98674],[-83.6368,34.98675],[-83.63848,34.98676],[-83.6405,34.98676],[-83.64353,34.98677],[-83.64478,34.98678],[-83.64695,34.98678],[-83.64757,34.98679],[-83.64858,34.98679],[-83.64891,34.98679],[-83.64907,34.9868],[-83.64941,34.9868],[-83.65009,34.98681],[-83.65077,34.98681],[-83.65086,34.98681],[-83.65111,34.98682],[-83.65212,34.98682],[-83.65314,34.98683],[-83.65416,34.98683],[-83.65552,34.98684],[-83.65687,34.98685],[-83.65823,34.98685],[-83.65949,34.98686],[-83.65992,34.98686],[-83.6606,34.98687],[-83.66162,34.98687],[-83.66242,34.98688],[-83.66264,34.98688],[-83.66298,34.98688],[-83.66332,34.98688],[-83.66379,34.98691],[-83.66413,34.98691],[-83.66446,34.98692],[-83.66543,34.98692],[-83.66648,34.98693],[-83.66748,34.98693],[-83.66849,34.98694],[-83.66916,34.98694],[-83.66954,34.98694],[-83.66983,34.98694],[-83.67087,34.98696],[-83.67191,34.98697],[-83.6726,34.98697],[-83.67318,34.98698],[-83.67403,34.98699],[-83.67513,34.987],[-83.67623,34.98701],[-83.67697,34.98701],[-83.67802,34.98701],[-83.67907,34.98702],[-83.68013,34.98703],[-83.68118,34.98703],[-83.68221,34.98704],[-83.68288,34.98705],[-83.68356,34.98706],[-83.68424,34.98707],[-83.68492,34.98707],[-83.68593,34.98709],[-83.68729,34.9871],[-83.68932,34.98713],[-83.69178,34.98717],[-83.69389,34.98721],[-83.69531,34.98723],[-83.69701,34.98726],[-83.69736,34.98726],[-83.69802,34.98727],[-83.69869,34.98728],[-83.69936,34.98729],[-83.70004,34.98729],[-83.70071,34.9873],[-83.70138,34.98731],[-83.70205,34.98732],[-83.70273,34.98733],[-83.70324,34.98733],[-83.7034,34.98733],[-83.70374,34.98734],[-83.70407,34.98734],[-83.70441,34.98735],[-83.70475,34.98735],[-83.70508,34.98735],[-83.70517,34.98736],[-83.70542,34.98736],[-83.70575,34.98736],[-83.70609,34.98737],[-83.70642,34.98737],[-83.70666,34.98737],[-83.7076,34.98739],[-83.70777,34.98739],[-83.70811,34.98739],[-83.70845,34.9874],[-83.70878,34.9874],[-83.70946,34.98741],[-83.71014,34.98742],[-83.71032,34.98742],[-83.7108,34.98743],[-83.71181,34.98744],[-83.71282,34.98745],[-83.71327,34.98745],[-83.7145,34.98747],[-83.71585,34.98749],[-83.71663,34.9875],[-83.71686,34.9875],[-83.71753,34.98751],[-83.7182,34.98751],[-83.71854,34.98752],[-83.71921,34.98753],[-83.71988,34.98754],[-83.72056,34.98754],[-83.72123,34.98755],[-83.72157,34.98756],[-83.7219,34.98756],[-83.72193,34.98756],[-83.72224,34.98756],[-83.72257,34.98757],[-83.72291,34.98757],[-83.72325,34.98758],[-83.72358,34.98758],[-83.72392,34.98758],[-83.72426,34.98759],[-83.72459,34.98759],[-83.72493,34.9876],[-83.72527,34.9876],[-83.7256,34.9876],[-83.72594,34.98761],[-83.72628,34.98761],[-83.72661,34.98762],[-83.72695,34.98762],[-83.72729,34.98762],[-83.72762,34.98763],[-83.72796,34.98763],[-83.7283,34.98763],[-83.72864,34.98764],[-83.72897,34.98764],[-83.72931,34.98764],[-83.72965,34.98764],[-83.72999,34.98765],[-83.73032,34.98765],[-83.73066,34.98766],[-83.731,34.98766],[-83.73134,34.98766],[-83.73167,34.98767],[-83.73198,34.98767],[-83.73235,34.98767],[-83.73302,34.98768],[-83.7337,34.98768],[-83.73437,34.98769],[-83.73505,34.9877],[-83.73539,34.9877],[-83.73572,34.9877],[-83.73606,34.98771],[-83.7364,34.98771],[-83.73741,34.98772],[-83.73876,34.98773],[-83.73977,34.98774],[-83.74078,34.98775],[-83.74179,34.98776],[-83.74281,34.98777],[-83.74416,34.98778],[-83.74551,34.9878],[-83.746,34.9878],[-83.74652,34.9878],[-83.74753,34.98781],[-83.74854,34.98782],[-83.74989,34.98784],[-83.75124,34.98783],[-83.75225,34.98782],[-83.75327,34.98781],[-83.75394,34.9878],[-83.75428,34.9878],[-83.75451,34.9878],[-83.75495,34.9878],[-83.75563,34.98779],[-83.7563,34.98779],[-83.75698,34.98778],[-83.75732,34.98778],[-83.75741,34.98778],[-83.75799,34.98777],[-83.75833,34.98777],[-83.75866,34.98777],[-83.75877,34.98777],[-83.759,34.98777],[-83.75968,34.98776],[-83.76006,34.98776],[-83.76136,34.98775],[-83.76238,34.98774],[-83.76373,34.98773],[-83.76508,34.98772],[-83.76643,34.98771],[-83.76778,34.9877],[-83.76913,34.98769],[-83.77081,34.98767],[-83.7725,34.98766],[-83.7739,34.98765],[-83.77486,34.98764],[-83.7752,34.98764],[-83.77551,34.98764],[-83.77621,34.98763],[-83.77688,34.98763],[-83.77734,34.98762],[-83.77868,34.98762],[-83.77965,34.98762],[-83.78143,34.98761],[-83.78676,34.9876],[-83.78713,34.9876],[-83.78754,34.9876],[-83.78854,34.9876],[-83.78902,34.9876],[-83.78949,34.98759],[-83.79019,34.98759],[-83.79089,34.98759],[-83.79149,34.98762],[-83.79241,34.98761],[-83.79419,34.98758],[-83.79472,34.98758],[-83.79573,34.98758],[-83.79673,34.98758],[-83.79741,34.98758],[-83.79789,34.98758],[-83.79869,34.98758],[-83.79942,34.98758],[-83.80009,34.98758],[-83.80043,34.98758],[-83.80144,34.98758],[-83.80312,34.98758],[-83.8048,34.98758],[-83.80614,34.98758],[-83.80703,34.98757],[-83.80793,34.98757],[-83.8092,34.98754],[-83.80954,34.98753],[-83.80981,34.98752],[-83.81129,34.98746],[-83.81191,34.98743],[-83.81199,34.98743],[-83.81234,34.98741],[-83.81242,34.98741],[-83.8125,34.98741],[-83.81441,34.98734],[-83.81475,34.98734],[-83.81575,34.98734],[-83.81675,34.98734],[-83.81732,34.98734],[-83.81843,34.98734],[-83.81943,34.98734],[-83.82076,34.98734],[-83.8221,34.98734],[-83.82344,34.98734],[-83.82422,34.98734],[-83.82459,34.98734],[-83.82478,34.98734],[-83.82511,34.98734],[-83.82538,34.98734],[-83.82544,34.98734],[-83.82578,34.98734],[-83.82611,34.98734],[-83.82635,34.98734],[-83.82712,34.98734],[-83.82845,34.98734],[-83.82979,34.98734],[-83.83146,34.98734],[-83.83154,34.98734],[-83.83246,34.98734],[-83.83346,34.98734],[-83.83404,34.98734],[-83.8348,34.98734],[-83.83614,34.98734],[-83.83781,34.98734],[-83.83915,34.98734],[-83.84048,34.98734],[-83.84149,34.98734],[-83.84215,34.98734],[-83.84315,34.98734],[-83.84416,34.98734],[-83.84549,34.98734],[-83.84683,34.98734],[-83.84817,34.98734],[-83.84917,34.98734],[-83.84984,34.98734],[-83.85009,34.98734],[-83.85039,34.98733],[-83.85109,34.98733],[-83.85295,34.98734],[-83.85351,34.98734],[-83.85418,34.98734],[-83.85485,34.98734],[-83.85552,34.98734],[-83.85566,34.98734],[-83.85585,34.98734],[-83.85652,34.98734],[-83.8568,34.98734],[-83.85685,34.98734],[-83.85752,34.98733],[-83.85819,34.98733],[-83.85832,34.98733],[-83.85953,34.98733],[-83.86053,34.98733],[-83.8622,34.98733],[-83.86387,34.98733],[-83.86554,34.98733],[-83.86755,34.98733],[-83.87055,34.98733],[-83.87256,34.98733],[-83.87456,34.98733],[-83.87523,34.98733],[-83.87994,34.98728],[-83.88162,34.98727],[-83.88297,34.98725],[-83.88498,34.98723],[-83.88666,34.98722],[-83.88834,34.9872],[-83.88969,34.98719],[-83.89137,34.98717],[-83.89204,34.98717],[-83.89238,34.98716],[-83.89271,34.98716],[-83.89305,34.98716],[-83.89339,34.98716],[-83.89364,34.98715],[-83.89413,34.98715],[-83.89474,34.98714],[-83.89576,34.98714],[-83.89713,34.98713],[-83.89883,34.98712],[-83.89939,34.98712],[-83.89951,34.98712],[-83.89985,34.98712],[-83.9002,34.98711],[-83.90039,34.98711],[-83.90122,34.98711],[-83.90224,34.9871],[-83.90326,34.9871],[-83.90429,34.98709],[-83.90478,34.98709],[-83.90667,34.98708],[-83.90903,34.9871],[-83.91103,34.98714],[-83.91337,34.98718],[-83.91638,34.98723],[-83.91972,34.98728],[-83.92106,34.98731],[-83.92139,34.98731],[-83.92206,34.98732],[-83.92243,34.98733],[-83.92373,34.98735],[-83.92604,34.98736],[-83.92808,34.98743],[-83.92927,34.98745],[-83.93008,34.98746],[-83.93108,34.98747],[-83.93276,34.9875],[-83.93476,34.98754],[-83.93576,34.98755],[-83.93639,34.98756],[-83.93646,34.9874],[-83.9366,34.98725],[-83.93665,34.98704],[-83.93668,34.98674],[-83.93668,34.98656],[-83.93665,34.9863],[-83.93666,34.98608],[-83.93672,34.98577],[-83.93667,34.98543],[-83.9366,34.98505],[-83.9365,34.98479],[-83.93642,34.98454],[-83.93642,34.98425],[-83.93649,34.98386],[-83.93653,34.98349],[-83.93654,34.98295],[-83.93663,34.98236],[-83.93663,34.98226],[-83.9371,34.98183],[-83.93788,34.98104],[-83.93805,34.98051],[-83.93838,34.97999],[-83.93913,34.9796],[-83.93968,34.97896],[-83.9401,34.97875],[-83.94022,34.97862],[-83.94031,34.97833],[-83.94034,34.97823],[-83.94043,34.97809],[-83.94041,34.97796],[-83.9404,34.97791],[-83.94034,34.97782],[-83.9403,34.97775],[-83.94027,34.97771],[-83.94026,34.97768],[-83.94024,34.97753],[-83.94021,34.97735],[-83.94025,34.97728],[-83.94029,34.97724],[-83.94046,34.9771],[-83.94062,34.97695],[-83.94065,34.97693],[-83.94067,34.97687],[-83.94072,34.97686],[-83.94074,34.97685],[-83.94093,34.97664],[-83.94102,34.97632],[-83.94113,34.97615],[-83.94118,34.97611],[-83.94153,34.97585],[-83.94159,34.97565],[-83.9418,34.97545],[-83.94212,34.97516],[-83.9428,34.97459],[-83.94318,34.97443],[-83.94328,34.9744],[-83.94334,34.97439],[-83.94343,34.97441],[-83.94348,34.97442],[-83.94362,34.9744],[-83.9437,34.97438],[-83.94394,34.97427],[-83.9442,34.97423],[-83.94438,34.9742],[-83.94447,34.97408],[-83.94455,34.97388],[-83.94463,34.97366],[-83.94492,34.97339],[-83.94537,34.97317],[-83.94562,34.97313],[-83.94563,34.97313],[-83.94565,34.97312],[-83.9457,34.97305],[-83.94582,34.97304],[-83.94591,34.973],[-83.94599,34.97296],[-83.94607,34.97293],[-83.94615,34.97291],[-83.94617,34.97289],[-83.94618,34.97287],[-83.94617,34.97285],[-83.94616,34.97281],[-83.94613,34.97278],[-83.94606,34.97275],[-83.94599,34.97274],[-83.94588,34.97266],[-83.9458,34.97263],[-83.94572,34.97254],[-83.94562,34.97245],[-83.94551,34.97238],[-83.94541,34.97233],[-83.94537,34.97225],[-83.94538,34.97211],[-83.94546,34.97195],[-83.94547,34.97183],[-83.94547,34.97172],[-83.94546,34.97162],[-83.94551,34.97152],[-83.94586,34.97135],[-83.9459,34.97134],[-83.94592,34.97132],[-83.94596,34.97124],[-83.94599,34.97117],[-83.94611,34.97104],[-83.94618,34.97092],[-83.94618,34.9708],[-83.94613,34.9707],[-83.94606,34.97061],[-83.94599,34.97055],[-83.94593,34.97051],[-83.94586,34.97047],[-83.9456,34.97032],[-83.94556,34.97031],[-83.94552,34.9703],[-83.94547,34.9703],[-83.9454,34.97026],[-83.94532,34.97021],[-83.94524,34.97016],[-83.94517,34.9701],[-83.94509,34.97005],[-83.94502,34.97],[-83.94498,34.96998],[-83.94494,34.96995],[-83.94487,34.9699],[-83.94479,34.96985],[-83.94472,34.9698],[-83.94464,34.96975],[-83.94457,34.96971],[-83.94425,34.96944],[-83.94386,34.96921],[-83.94383,34.96918],[-83.94376,34.96912],[-83.9437,34.96906],[-83.9436,34.96897],[-83.94357,34.96894],[-83.9435,34.96888],[-83.94343,34.96883],[-83.9434,34.9688],[-83.94336,34.96877],[-83.94329,34.96872],[-83.94322,34.96867],[-83.94314,34.96862],[-83.94306,34.96857],[-83.94298,34.96852],[-83.9429,34.96848],[-83.94282,34.96843],[-83.94274,34.96839],[-83.94265,34.96835],[-83.94257,34.96832],[-83.94247,34.96829],[-83.94238,34.96827],[-83.94228,34.96825],[-83.94219,34.96823],[-83.94209,34.96821],[-83.94207,34.9682],[-83.94194,34.96814],[-83.94189,34.96811],[-83.94177,34.96805],[-83.94145,34.96792],[-83.94119,34.96778],[-83.94085,34.96762],[-83.94056,34.96749],[-83.94022,34.96736],[-83.93989,34.96724],[-83.93973,34.96712],[-83.93946,34.96703],[-83.93927,34.96688],[-83.93905,34.96668],[-83.93897,34.96664],[-83.93888,34.96661],[-83.93878,34.96658],[-83.93869,34.96656],[-83.93841,34.9665],[-83.93825,34.9664],[-83.93813,34.96636],[-83.93774,34.9662],[-83.9374,34.9661],[-83.93727,34.96607],[-83.93721,34.96604],[-83.93718,34.96603],[-83.9371,34.96599],[-83.93702,34.96595],[-83.93693,34.96591],[-83.93685,34.96587],[-83.93676,34.96584],[-83.93668,34.9658],[-83.9365,34.96572],[-83.93641,34.96569],[-83.93633,34.96566],[-83.93623,34.96563],[-83.93615,34.96561],[-83.93603,34.96554],[-83.93599,34.9655],[-83.93592,34.96545],[-83.93585,34.96539],[-83.93578,34.96533],[-83.93572,34.96527],[-83.93565,34.96521],[-83.93559,34.96515],[-83.93553,34.96509],[-83.93548,34.96502],[-83.93543,34.96495],[-83.93538,34.96488],[-83.93535,34.96481],[-83.93533,34.96473],[-83.93532,34.96465],[-83.93531,34.96457],[-83.9353,34.96449],[-83.93528,34.96441],[-83.93527,34.96433],[-83.93527,34.96425],[-83.93527,34.96416],[-83.93526,34.96409],[-83.93525,34.96401],[-83.93523,34.96393],[-83.93521,34.96385],[-83.93518,34.96377],[-83.93514,34.96369],[-83.93518,34.96365],[-83.93528,34.96358],[-83.9356,34.96307],[-83.93574,34.96275],[-83.93578,34.9625],[-83.9358,34.96236],[-83.93581,34.96227],[-83.93537,34.96207],[-83.9352,34.96195],[-83.93522,34.96191],[-83.93526,34.96184],[-83.9353,34.96176],[-83.93533,34.96168],[-83.93534,34.9616],[-83.93534,34.96152],[-83.93533,34.96144],[-83.93532,34.96136],[-83.9353,34.96128],[-83.93527,34.9612],[-83.93525,34.96118],[-83.93522,34.96114],[-83.93516,34.96108],[-83.9351,34.96102],[-83.93503,34.96096],[-83.93495,34.96093],[-83.93487,34.96086],[-83.9348,34.9608],[-83.93474,34.96074],[-83.93468,34.96069],[-83.93458,34.96064],[-83.93449,34.9606],[-83.93441,34.96055],[-83.93434,34.9605],[-83.93429,34.96045],[-83.93424,34.96041],[-83.93421,34.96037],[-83.93418,34.96034],[-83.93414,34.96027],[-83.93411,34.96024],[-83.9341,34.96021],[-83.93405,34.96011],[-83.93402,34.96006],[-83.93404,34.95997],[-83.93402,34.95988],[-83.93399,34.9598],[-83.93397,34.95973],[-83.93393,34.95966],[-83.93387,34.95959],[-83.9338,34.95954],[-83.93372,34.95949],[-83.93364,34.95944],[-83.93356,34.9594],[-83.93347,34.95936],[-83.93339,34.95932],[-83.9333,34.95929],[-83.93321,34.95926],[-83.93312,34.95922],[-83.93303,34.95918],[-83.93295,34.95914],[-83.93288,34.95909],[-83.93281,34.95904],[-83.93275,34.95898],[-83.93269,34.9589],[-83.93258,34.95878],[-83.93241,34.95858],[-83.93235,34.95852],[-83.93229,34.95846],[-83.93222,34.9584],[-83.93215,34.95834],[-83.93208,34.95829],[-83.93201,34.95823],[-83.93193,34.95818],[-83.93186,34.95814],[-83.93178,34.95808],[-83.9317,34.95804],[-83.93162,34.95799],[-83.93154,34.95795],[-83.93146,34.9579],[-83.93138,34.95787],[-83.93129,34.95783],[-83.9312,34.95779],[-83.93111,34.95776],[-83.93097,34.9577],[-83.93089,34.95766],[-83.93081,34.95761],[-83.93072,34.95757],[-83.93064,34.95752],[-83.93056,34.95748],[-83.93047,34.95745],[-83.93038,34.95743],[-83.93031,34.95743],[-83.9302,34.95742],[-83.93007,34.95732],[-83.92995,34.95724],[-83.92984,34.95715],[-83.92972,34.95707],[-83.9296,34.95699],[-83.92948,34.95692],[-83.92936,34.95684],[-83.92924,34.95677],[-83.92911,34.95671],[-83.92897,34.95666],[-83.92883,34.95661],[-83.92868,34.95657],[-83.92854,34.95652],[-83.92839,34.95648],[-83.92825,34.95643],[-83.92811,34.95638],[-83.92802,34.95635],[-83.92796,34.95631],[-83.92789,34.95626],[-83.92781,34.95621],[-83.92774,34.95616],[-83.92766,34.95611],[-83.92759,34.95606],[-83.92751,34.95601],[-83.92743,34.95596],[-83.92735,34.95592],[-83.92727,34.95588],[-83.92718,34.95583],[-83.9271,34.9558],[-83.92701,34.95576],[-83.92693,34.95571],[-83.92686,34.95566],[-83.92679,34.9556],[-83.92673,34.95554],[-83.92668,34.95548],[-83.92662,34.95542],[-83.92656,34.95535],[-83.92651,34.95528],[-83.92646,34.95521],[-83.92641,34.95514],[-83.92636,34.95507],[-83.92631,34.95501],[-83.92626,34.95493],[-83.92621,34.95486],[-83.92607,34.95465],[-83.92603,34.95458],[-83.92599,34.95451],[-83.92594,34.95444],[-83.92591,34.95437],[-83.92583,34.95422],[-83.92579,34.95415],[-83.92575,34.95407],[-83.92572,34.954],[-83.92568,34.95392],[-83.92564,34.95385],[-83.9256,34.95378],[-83.92556,34.9537],[-83.92552,34.95363],[-83.92548,34.95355],[-83.92545,34.95348],[-83.92541,34.95341],[-83.92538,34.95333],[-83.92535,34.95325],[-83.92533,34.95318],[-83.9253,34.9531],[-83.92529,34.95302],[-83.92527,34.95294],[-83.92526,34.95286],[-83.92525,34.95278],[-83.92525,34.9527],[-83.92524,34.95262],[-83.92523,34.95254],[-83.92522,34.95246],[-83.92521,34.95238],[-83.92519,34.95231],[-83.92517,34.95223],[-83.92515,34.95215],[-83.92513,34.95207],[-83.92511,34.95199],[-83.92508,34.95191],[-83.92505,34.95184],[-83.92503,34.95176],[-83.925,34.95168],[-83.92498,34.95161],[-83.92495,34.95153],[-83.92493,34.95145],[-83.92491,34.95137],[-83.92489,34.95129],[-83.92488,34.95124],[-83.92487,34.95114],[-83.92486,34.95106],[-83.92486,34.95098],[-83.92486,34.9509],[-83.92487,34.95081],[-83.92487,34.95074],[-83.92487,34.95065],[-83.92487,34.95057],[-83.92487,34.95049],[-83.92486,34.95042],[-83.92484,34.95034],[-83.92482,34.95026],[-83.9248,34.95018],[-83.92477,34.95011],[-83.92475,34.95003],[-83.92472,34.94995],[-83.92469,34.94987],[-83.92466,34.9498],[-83.92463,34.94972],[-83.9246,34.94965],[-83.92457,34.94957],[-83.92454,34.94949],[-83.92451,34.94942],[-83.92449,34.94934],[-83.92446,34.94926],[-83.92444,34.94922],[-83.92443,34.94918],[-83.92441,34.94911],[-83.92439,34.94903],[-83.92437,34.94895],[-83.92435,34.94887],[-83.92433,34.94879],[-83.92431,34.94871],[-83.9243,34.94864],[-83.92428,34.94856],[-83.92426,34.94848],[-83.92424,34.9484],[-83.92422,34.94832],[-83.9242,34.94825],[-83.92418,34.94817],[-83.92415,34.94809],[-83.92412,34.94801],[-83.92409,34.94794],[-83.92406,34.94786],[-83.92402,34.94779],[-83.92398,34.94772],[-83.92394,34.94764],[-83.9239,34.94757],[-83.92385,34.9475],[-83.92381,34.94743],[-83.92377,34.94736],[-83.92372,34.94728],[-83.92368,34.94721],[-83.92363,34.94714],[-83.92358,34.94707],[-83.92353,34.947],[-83.92347,34.94694],[-83.92341,34.94688],[-83.92334,34.94682],[-83.92326,34.94678],[-83.92318,34.94673],[-83.92317,34.94672],[-83.92309,34.94669],[-83.923,34.94665],[-83.92292,34.94662],[-83.92283,34.94658],[-83.92274,34.94654],[-83.92267,34.94649],[-83.9226,34.94644],[-83.92255,34.94638],[-83.9225,34.94631],[-83.92247,34.94623],[-83.92245,34.94615],[-83.92242,34.94606],[-83.92239,34.94598],[-83.92236,34.94591],[-83.92231,34.94584],[-83.92224,34.94579],[-83.92218,34.94573],[-83.92211,34.94568],[-83.92203,34.94563],[-83.92196,34.94558],[-83.92188,34.94553],[-83.9218,34.94548],[-83.92172,34.94543],[-83.92164,34.94539],[-83.92156,34.94534],[-83.92148,34.9453],[-83.9214,34.94526],[-83.92131,34.94521],[-83.92114,34.94512],[-83.92106,34.94508],[-83.92098,34.94504],[-83.9209,34.945],[-83.92081,34.94497],[-83.92072,34.94493],[-83.92063,34.9449],[-83.92054,34.94487],[-83.92045,34.94485],[-83.92037,34.94482],[-83.9198,34.94454],[-83.91976,34.94452],[-83.91968,34.94445],[-83.91957,34.94437],[-83.91946,34.94428],[-83.91935,34.9442],[-83.91924,34.9441],[-83.91914,34.94401],[-83.91905,34.94392],[-83.91898,34.94385],[-83.91893,34.94378],[-83.91888,34.94371],[-83.91883,34.94364],[-83.91878,34.94357],[-83.91873,34.9435],[-83.91867,34.94344],[-83.91862,34.94337],[-83.91857,34.9433],[-83.91852,34.94323],[-83.91846,34.94317],[-83.91841,34.9431],[-83.91835,34.94303],[-83.91829,34.94297],[-83.91824,34.94291],[-83.91817,34.94284],[-83.91811,34.94278],[-83.91805,34.94272],[-83.91799,34.94265],[-83.91793,34.94259],[-83.91787,34.94253],[-83.91781,34.94247],[-83.91777,34.94242],[-83.91775,34.9424],[-83.91769,34.94234],[-83.91763,34.94227],[-83.91758,34.94221],[-83.91752,34.94214],[-83.91747,34.94208],[-83.91742,34.94201],[-83.91737,34.94194],[-83.91735,34.94189],[-83.91734,34.94187],[-83.91731,34.94183],[-83.91729,34.94179],[-83.91725,34.9417],[-83.91724,34.94162],[-83.91724,34.94154],[-83.91728,34.94147],[-83.91733,34.94141],[-83.91739,34.94134],[-83.91746,34.94128],[-83.91753,34.94122],[-83.91761,34.94116],[-83.91769,34.9411],[-83.91778,34.94104],[-83.91787,34.94098],[-83.91795,34.94092],[-83.91804,34.94087],[-83.91812,34.94081],[-83.9182,34.94075],[-83.91828,34.94069],[-83.91835,34.94064],[-83.91841,34.94058],[-83.91846,34.94052],[-83.9185,34.94047],[-83.91854,34.94041],[-83.91855,34.94035],[-83.91856,34.94029],[-83.91854,34.94024],[-83.91851,34.94019],[-83.91846,34.94013],[-83.9184,34.94008],[-83.91833,34.94003],[-83.91825,34.93997],[-83.91818,34.93993],[-83.91807,34.93987],[-83.91797,34.93982],[-83.91787,34.93976],[-83.91778,34.93971],[-83.91769,34.93965],[-83.9176,34.9396],[-83.91757,34.93958],[-83.9175,34.9395],[-83.91742,34.9394],[-83.91732,34.93929],[-83.91722,34.9392],[-83.91713,34.9391],[-83.91703,34.939],[-83.91694,34.93889],[-83.91686,34.93879],[-83.91678,34.93868],[-83.91671,34.93857],[-83.91665,34.93846],[-83.91659,34.93834],[-83.91654,34.93822],[-83.91645,34.93798],[-83.91635,34.93774],[-83.91631,34.93762],[-83.91626,34.9375],[-83.9162,34.93738],[-83.91615,34.93726],[-83.91608,34.93715],[-83.91601,34.93703],[-83.91594,34.93692],[-83.91588,34.9368],[-83.91582,34.93669],[-83.91581,34.93661],[-83.9158,34.93653],[-83.91579,34.93645],[-83.9158,34.93638],[-83.91581,34.9363],[-83.91583,34.93622],[-83.91586,34.93614],[-83.91589,34.93606],[-83.91592,34.93597],[-83.91594,34.93591],[-83.916,34.93575],[-83.91603,34.93567],[-83.91606,34.9356],[-83.91609,34.93552],[-83.91612,34.93545],[-83.91615,34.93537],[-83.91619,34.93529],[-83.91622,34.93522],[-83.91625,34.93514],[-83.91629,34.93507],[-83.91632,34.93499],[-83.91638,34.93484],[-83.91645,34.93469],[-83.9165,34.93454],[-83.91655,34.93438],[-83.91657,34.93431],[-83.91659,34.93423],[-83.9166,34.93415],[-83.9166,34.93407],[-83.91661,34.93399],[-83.91661,34.93391],[-83.9166,34.93383],[-83.9166,34.93375],[-83.91659,34.93367],[-83.91659,34.93359],[-83.91659,34.93351],[-83.91658,34.93343],[-83.91656,34.93335],[-83.91655,34.93327],[-83.91654,34.93319],[-83.91653,34.93311],[-83.91652,34.93303],[-83.91651,34.93295],[-83.91651,34.93287],[-83.91651,34.93279],[-83.9165,34.93271],[-83.9165,34.93263],[-83.9165,34.93256],[-83.91651,34.93247],[-83.91652,34.93239],[-83.91653,34.93233],[-83.91656,34.93223],[-83.91659,34.93215],[-83.91662,34.93208],[-83.91665,34.932],[-83.91668,34.93193],[-83.91671,34.93185],[-83.91675,34.93177],[-83.91679,34.9317],[-83.91684,34.93161],[-83.91688,34.93155],[-83.91692,34.93149],[-83.91697,34.93142],[-83.91703,34.93135],[-83.91709,34.93129],[-83.91715,34.93123],[-83.91721,34.93117],[-83.91728,34.93111],[-83.91735,34.93105],[-83.91742,34.931],[-83.91749,34.93094],[-83.91755,34.93088],[-83.91763,34.93082],[-83.91769,34.93077],[-83.91776,34.93071],[-83.91783,34.93066],[-83.91791,34.9306],[-83.91798,34.93055],[-83.91806,34.9305],[-83.91813,34.93046],[-83.9182,34.93039],[-83.91827,34.93034],[-83.91833,34.93028],[-83.9184,34.93022],[-83.91847,34.93015],[-83.91853,34.93008],[-83.91858,34.93001],[-83.91861,34.92993],[-83.91861,34.92986],[-83.9186,34.92979],[-83.91858,34.92971],[-83.91855,34.92963],[-83.91852,34.92956],[-83.91848,34.92948],[-83.91843,34.9294],[-83.91838,34.92933],[-83.91833,34.92926],[-83.91827,34.9292],[-83.91822,34.92914],[-83.91808,34.92902],[-83.91801,34.92897],[-83.91793,34.92892],[-83.91786,34.92886],[-83.91779,34.92883],[-83.91769,34.92877],[-83.91762,34.92872],[-83.91753,34.92868],[-83.91745,34.92864],[-83.91737,34.9286],[-83.91729,34.92856],[-83.9172,34.92852],[-83.91711,34.92849],[-83.91702,34.92845],[-83.91693,34.92842],[-83.91685,34.92838],[-83.91676,34.92835],[-83.91668,34.92831],[-83.91659,34.92827],[-83.91651,34.92822],[-83.91643,34.92818],[-83.91634,34.92814],[-83.91618,34.92805],[-83.9161,34.92801],[-83.91602,34.92796],[-83.91594,34.92791],[-83.91586,34.92787],[-83.91579,34.92781],[-83.91572,34.92776],[-83.91565,34.92771],[-83.91558,34.92765],[-83.91552,34.92759],[-83.91546,34.92753],[-83.91539,34.92747],[-83.91533,34.92741],[-83.91527,34.92734],[-83.91521,34.92728],[-83.91503,34.92709],[-83.91492,34.92697],[-83.9148,34.92695],[-83.91479,34.92693],[-83.91428,34.92681],[-83.91187,34.92621],[-83.91107,34.92602],[-83.90881,34.92545],[-83.90509,34.92453],[-83.90073,34.92344],[-83.88767,34.92018],[-83.88077,34.91849],[-83.88007,34.91829],[-83.87503,34.91703],[-83.87312,34.91656],[-83.87298,34.91651],[-83.87028,34.91583],[-83.86729,34.91507],[-83.8669,34.91497],[-83.86662,34.9149],[-83.86585,34.9147],[-83.86581,34.91469],[-83.8658,34.91462],[-83.86579,34.91454],[-83.86578,34.91446],[-83.86578,34.91438],[-83.86578,34.9143],[-83.86578,34.91423],[-83.86579,34.91415],[-83.8658,34.91407],[-83.86584,34.91396],[-83.86587,34.91388],[-83.8659,34.91381],[-83.86594,34.91374],[-83.86598,34.91367],[-83.86603,34.9136],[-83.86607,34.91353],[-83.86612,34.91347],[-83.86617,34.9134],[-83.86623,34.91334],[-83.86628,34.91328],[-83.86637,34.91313],[-83.86641,34.91296],[-83.86642,34.91289],[-83.86641,34.91279],[-83.86635,34.91267],[-83.86623,34.91259],[-83.86615,34.91248],[-83.86589,34.91223],[-83.86586,34.9122],[-83.86581,34.91214],[-83.86575,34.91207],[-83.8657,34.91201],[-83.86566,34.91194],[-83.86561,34.91188],[-83.86556,34.91181],[-83.86553,34.91178],[-83.8655,34.91174],[-83.86548,34.91171],[-83.86545,34.91167],[-83.86541,34.91164],[-83.86538,34.9115],[-83.86533,34.91136],[-83.86591,34.91093],[-83.86587,34.91079],[-83.8658,34.91067],[-83.86569,34.91052],[-83.86563,34.91045],[-83.86549,34.91029],[-83.8654,34.91015],[-83.86535,34.90999],[-83.86524,34.90985],[-83.8649,34.90971],[-83.86461,34.90955],[-83.86439,34.90942],[-83.86411,34.9092],[-83.86403,34.90915],[-83.86382,34.909],[-83.86378,34.90898],[-83.86353,34.90892],[-83.86332,34.90877],[-83.863,34.90854],[-83.86258,34.90829],[-83.86209,34.90805],[-83.86175,34.90784],[-83.8616,34.90764],[-83.86152,34.9076],[-83.86147,34.90759],[-83.86143,34.90758],[-83.86138,34.90758],[-83.86133,34.90757],[-83.86128,34.90756],[-83.86124,34.90755],[-83.8612,34.90753],[-83.86116,34.90751],[-83.86112,34.90749],[-83.86109,34.90746],[-83.86105,34.90743],[-83.86102,34.9074],[-83.861,34.90737],[-83.86097,34.90734],[-83.86095,34.9073],[-83.86093,34.90726],[-83.86091,34.90723],[-83.86089,34.9072],[-83.86087,34.90716],[-83.86084,34.90713],[-83.86081,34.9071],[-83.86077,34.90707],[-83.86074,34.90705],[-83.8607,34.90702],[-83.86067,34.90699],[-83.86063,34.90697],[-83.8606,34.90694],[-83.86056,34.90692],[-83.86053,34.90689],[-83.86049,34.90687],[-83.86045,34.90685],[-83.86041,34.90683],[-83.86037,34.90681],[-83.8603,34.90676],[-83.86023,34.9067],[-83.8602,34.90667],[-83.86016,34.90665],[-83.86011,34.90658],[-83.86006,34.90653],[-83.86002,34.90647],[-83.86,34.90644],[-83.85996,34.9064],[-83.85994,34.90638],[-83.85991,34.90635],[-83.85987,34.90632],[-83.85982,34.9063],[-83.85978,34.90628],[-83.85975,34.90627],[-83.85971,34.90626],[-83.85967,34.90624],[-83.85963,34.90623],[-83.85956,34.9062],[-83.8595,34.90616],[-83.85943,34.90613],[-83.85936,34.90609],[-83.85933,34.90607],[-83.85931,34.90605],[-83.85926,34.90601],[-83.85921,34.90596],[-83.85916,34.90591],[-83.85913,34.90589],[-83.85908,34.90586],[-83.85905,34.90584],[-83.85897,34.90582],[-83.8589,34.9058],[-83.85886,34.90578],[-83.85883,34.90576],[-83.85877,34.90572],[-83.85872,34.90567],[-83.85868,34.90563],[-83.85864,34.90561],[-83.85861,34.9056],[-83.85858,34.90559],[-83.85854,34.90557],[-83.85846,34.90555],[-83.85838,34.90553],[-83.85835,34.90552],[-83.85831,34.90551],[-83.85827,34.90549],[-83.85824,34.90548],[-83.8582,34.90546],[-83.85817,34.90544],[-83.85814,34.90542],[-83.8581,34.90538],[-83.85808,34.90536],[-83.85805,34.90533],[-83.85802,34.90529],[-83.858,34.90526],[-83.85797,34.90522],[-83.85795,34.90519],[-83.85792,34.90514],[-83.85789,34.9051],[-83.85787,34.90506],[-83.85785,34.90502],[-83.85784,34.90498],[-83.85784,34.90495],[-83.85785,34.90485],[-83.85785,34.90481],[-83.85785,34.90478],[-83.85785,34.90471],[-83.85786,34.90465],[-83.85786,34.90462],[-83.85786,34.90457],[-83.85786,34.90454],[-83.85787,34.9045],[-83.85788,34.90444],[-83.85789,34.90437],[-83.8579,34.90432],[-83.8579,34.90426],[-83.85791,34.90419],[-83.85792,34.90416],[-83.85793,34.90411],[-83.85795,34.90403],[-83.85798,34.90395],[-83.858,34.90387],[-83.85779,34.90382],[-83.8577,34.9038],[-83.85719,34.90369],[-83.8565,34.90353],[-83.85652,34.90335],[-83.85653,34.90273],[-83.85655,34.90237],[-83.85655,34.90228],[-83.85654,34.90217],[-83.85642,34.9018],[-83.85647,34.89885],[-83.85608,34.89887],[-83.85273,34.89902],[-83.85192,34.89905],[-83.84886,34.89919],[-83.84595,34.89932],[-83.84546,34.89934],[-83.84487,34.89936],[-83.84478,34.89937],[-83.84476,34.8994],[-83.84478,34.8995],[-83.8446,34.8995],[-83.84065,34.89953],[-83.84004,34.89954],[-83.83986,34.89954],[-83.83963,34.89954],[-83.8393,34.89955],[-83.83318,34.89959],[-83.83297,34.89959],[-83.83303,34.90149],[-83.83315,34.90566],[-83.83316,34.90623],[-83.83426,34.90627],[-83.83507,34.90629],[-83.8401,34.90641],[-83.84008,34.90957],[-83.83999,34.90953],[-83.83984,34.90949],[-83.8397,34.90944],[-83.83956,34.9094],[-83.83941,34.90935],[-83.83927,34.9093],[-83.83913,34.90926],[-83.83898,34.90921],[-83.83884,34.90917],[-83.83869,34.90914],[-83.83854,34.90911],[-83.8384,34.90909],[-83.83825,34.90907],[-83.8381,34.90906],[-83.83795,34.90905],[-83.83779,34.90905],[-83.83764,34.90904],[-83.83749,34.90905],[-83.83733,34.90906],[-83.83718,34.90906],[-83.83702,34.90908],[-83.83687,34.90909],[-83.83672,34.90911],[-83.83657,34.90913],[-83.83642,34.90915],[-83.83627,34.90918],[-83.83613,34.90921],[-83.83598,34.90924],[-83.83583,34.90927],[-83.83568,34.90931],[-83.83554,34.90934],[-83.83539,34.90937],[-83.83525,34.90941],[-83.8351,34.90945],[-83.83496,34.90949],[-83.83481,34.90953],[-83.83467,34.90957],[-83.83452,34.90961],[-83.83438,34.90965],[-83.83423,34.90969],[-83.83409,34.90973],[-83.83394,34.90977],[-83.8338,34.90981],[-83.83365,34.90984],[-83.83351,34.90988],[-83.83319,34.90996],[-83.83292,34.91003],[-83.83263,34.91009],[-83.83233,34.91016],[-83.83204,34.91022],[-83.83174,34.91028],[-83.83144,34.91034],[-83.83115,34.91039],[-83.83085,34.91044],[-83.83055,34.91048],[-83.83025,34.91052],[-83.82995,34.91056],[-83.82979,34.91058],[-83.82964,34.91059],[-83.82955,34.9106],[-83.82949,34.91061],[-83.8294,34.91062],[-83.82919,34.91064],[-83.82889,34.91067],[-83.82859,34.9107],[-83.82828,34.91074],[-83.82798,34.91078],[-83.82782,34.91078],[-83.82767,34.91079],[-83.82751,34.9108],[-83.82735,34.91081],[-83.82719,34.91082],[-83.82704,34.91084],[-83.8269,34.91086],[-83.82676,34.9109],[-83.82663,34.91096],[-83.8265,34.91102],[-83.82639,34.9111],[-83.82627,34.91117],[-83.82616,34.91126],[-83.82605,34.91134],[-83.82595,34.91144],[-83.82574,34.91163],[-83.82554,34.91182],[-83.82543,34.91192],[-83.82533,34.91201],[-83.82522,34.91211],[-83.82511,34.9122],[-83.825,34.91229],[-83.82489,34.91237],[-83.82477,34.91245],[-83.82465,34.91252],[-83.82452,34.91259],[-83.82427,34.91273],[-83.82414,34.9128],[-83.82401,34.91287],[-83.82387,34.91293],[-83.82374,34.91299],[-83.8236,34.91305],[-83.82346,34.9131],[-83.82333,34.91316],[-83.82319,34.91321],[-83.82305,34.91326],[-83.82291,34.91331],[-83.82277,34.91335],[-83.82262,34.91339],[-83.82248,34.91343],[-83.82233,34.91346],[-83.82218,34.91349],[-83.82203,34.91352],[-83.82188,34.91355],[-83.82173,34.91358],[-83.82158,34.9136],[-83.82143,34.91362],[-83.82128,34.91364],[-83.82113,34.91366],[-83.82098,34.91368],[-83.82083,34.91369],[-83.82067,34.91371],[-83.82051,34.91373],[-83.82035,34.91375],[-83.82019,34.91376],[-83.82003,34.91378],[-83.81987,34.91378],[-83.81971,34.91378],[-83.81961,34.91378],[-83.81956,34.91377],[-83.81942,34.91375],[-83.81928,34.91372],[-83.81915,34.91368],[-83.81903,34.91362],[-83.81892,34.91355],[-83.81882,34.91347],[-83.81871,34.91338],[-83.81862,34.91328],[-83.81852,34.91318],[-83.81843,34.91307],[-83.81834,34.91296],[-83.81825,34.91285],[-83.81816,34.91274],[-83.81807,34.91263],[-83.81797,34.91253],[-83.81787,34.91243],[-83.81777,34.91234],[-83.81766,34.91225],[-83.81755,34.91216],[-83.81732,34.91199],[-83.8171,34.91182],[-83.81688,34.91165],[-83.81677,34.91156],[-83.81666,34.91147],[-83.81656,34.91138],[-83.81646,34.91128],[-83.81637,34.91118],[-83.81629,34.91107],[-83.81621,34.91097],[-83.81614,34.91085],[-83.81607,34.91074],[-83.81594,34.91051],[-83.81587,34.9104],[-83.8158,34.91028],[-83.81572,34.91018],[-83.81563,34.91008],[-83.81554,34.90998],[-83.81544,34.90988],[-83.81534,34.90977],[-83.81523,34.90968],[-83.81513,34.90958],[-83.81501,34.90949],[-83.81489,34.90941],[-83.81477,34.90934],[-83.81464,34.90928],[-83.81451,34.90924],[-83.81437,34.90921],[-83.81422,34.90919],[-83.81406,34.90919],[-83.8139,34.9092],[-83.81374,34.9092],[-83.81358,34.90922],[-83.81342,34.90922],[-83.81326,34.90923],[-83.8131,34.90923],[-83.81296,34.90922],[-83.81281,34.90919],[-83.81268,34.90915],[-83.81256,34.90909],[-83.81245,34.90901],[-83.81234,34.90892],[-83.81224,34.90883],[-83.81215,34.90872],[-83.81206,34.90861],[-83.81197,34.9085],[-83.8118,34.90828],[-83.81172,34.90817],[-83.81164,34.90806],[-83.81157,34.90795],[-83.8115,34.90784],[-83.81143,34.90772],[-83.81137,34.90761],[-83.8113,34.90749],[-83.81124,34.90738],[-83.81118,34.90727],[-83.81111,34.90715],[-83.81104,34.90704],[-83.81096,34.90693],[-83.81088,34.90683],[-83.81079,34.90672],[-83.81061,34.90652],[-83.81041,34.90633],[-83.81031,34.90623],[-83.81022,34.90614],[-83.81002,34.90594],[-83.80984,34.90574],[-83.80974,34.90564],[-83.80965,34.90555],[-83.80955,34.90545],[-83.80936,34.90525],[-83.80927,34.90515],[-83.80909,34.90495],[-83.809,34.90484],[-83.80891,34.90474],[-83.80883,34.90463],[-83.80875,34.90453],[-83.80868,34.90442],[-83.80861,34.90431],[-83.80854,34.90419],[-83.80848,34.90408],[-83.80842,34.90396],[-83.80831,34.90373],[-83.80821,34.90349],[-83.8081,34.90325],[-83.80804,34.90314],[-83.80799,34.90302],[-83.80793,34.9029],[-83.80787,34.90279],[-83.80781,34.90267],[-83.80775,34.90255],[-83.80769,34.90244],[-83.80763,34.90232],[-83.80757,34.9022],[-83.80752,34.90209],[-83.80746,34.90197],[-83.8074,34.90186],[-83.80735,34.90174],[-83.8073,34.90162],[-83.80724,34.9015],[-83.80719,34.90138],[-83.80714,34.90127],[-83.8071,34.90115],[-83.80705,34.90103],[-83.80701,34.9009],[-83.80698,34.90078],[-83.80695,34.90066],[-83.80692,34.90053],[-83.80689,34.90041],[-83.80686,34.90028],[-83.80684,34.90016],[-83.80681,34.90004],[-83.80677,34.89992],[-83.80674,34.89979],[-83.8067,34.89967],[-83.80665,34.89955],[-83.8066,34.89943],[-83.80654,34.89932],[-83.80649,34.8992],[-83.80642,34.89909],[-83.80636,34.89897],[-83.8063,34.89885],[-83.80624,34.89874],[-83.80617,34.89863],[-83.80611,34.89851],[-83.80605,34.8984],[-83.80598,34.89828],[-83.80584,34.89806],[-83.8057,34.89783],[-83.80556,34.89761],[-83.80542,34.89738],[-83.80536,34.89727],[-83.8053,34.89715],[-83.80524,34.89704],[-83.80518,34.89692],[-83.80514,34.8968],[-83.80509,34.89668],[-83.80506,34.89656],[-83.80503,34.89644],[-83.805,34.89631],[-83.80498,34.89619],[-83.80497,34.89606],[-83.80496,34.89593],[-83.80496,34.89581],[-83.80495,34.89568],[-83.80495,34.89555],[-83.80495,34.89543],[-83.80496,34.8953],[-83.80497,34.89518],[-83.80498,34.89505],[-83.80499,34.89493],[-83.80502,34.89468],[-83.80505,34.89443],[-83.80507,34.8943],[-83.80508,34.89418],[-83.80509,34.89405],[-83.80509,34.89392],[-83.80509,34.8938],[-83.8051,34.89367],[-83.8051,34.89354],[-83.8051,34.89342],[-83.8051,34.89317],[-83.8051,34.89304],[-83.8051,34.89292],[-83.8051,34.89279],[-83.80511,34.89266],[-83.80511,34.89254],[-83.80512,34.89241],[-83.80514,34.89229],[-83.80516,34.89216],[-83.80517,34.89204],[-83.8052,34.89191],[-83.80523,34.89179],[-83.80526,34.89166],[-83.8053,34.89154],[-83.80535,34.89142],[-83.80539,34.8913],[-83.80545,34.89118],[-83.80551,34.89107],[-83.80557,34.89095],[-83.80565,34.89085],[-83.80573,34.89074],[-83.80582,34.89064],[-83.80591,34.89053],[-83.80601,34.89044],[-83.80612,34.89034],[-83.80622,34.89025],[-83.80633,34.89017],[-83.80645,34.89008],[-83.80657,34.89001],[-83.8067,34.88993],[-83.80683,34.88986],[-83.80696,34.8898],[-83.8071,34.88973],[-83.8072,34.88968],[-83.80723,34.88966],[-83.80735,34.88959],[-83.80748,34.88952],[-83.80759,34.88944],[-83.80769,34.88935],[-83.80778,34.88925],[-83.80787,34.88915],[-83.80795,34.88905],[-83.80802,34.88894],[-83.8081,34.88883],[-83.80816,34.88871],[-83.80823,34.8886],[-83.80829,34.88848],[-83.80835,34.88836],[-83.80841,34.88824],[-83.80846,34.88812],[-83.80852,34.888],[-83.80857,34.88789],[-83.80863,34.88777],[-83.80868,34.88765],[-83.80871,34.88756],[-83.80873,34.88753],[-83.80878,34.88741],[-83.80882,34.88729],[-83.80885,34.88718],[-83.8089,34.88704],[-83.8089,34.88701],[-83.80893,34.88692],[-83.80895,34.8868],[-83.80897,34.88667],[-83.80899,34.88655],[-83.80899,34.88642],[-83.809,34.8863],[-83.809,34.88618],[-83.809,34.88605],[-83.80899,34.88592],[-83.80899,34.88579],[-83.80898,34.88567],[-83.80896,34.88554],[-83.80895,34.88541],[-83.80894,34.88529],[-83.80892,34.88516],[-83.80891,34.88504],[-83.80889,34.88491],[-83.80885,34.88479],[-83.80881,34.88467],[-83.80876,34.88454],[-83.80871,34.88442],[-83.80868,34.8843],[-83.80867,34.88418],[-83.80867,34.88405],[-83.8087,34.88393],[-83.80873,34.88381],[-83.80878,34.88369],[-83.80883,34.88357],[-83.80889,34.88345],[-83.80894,34.88333],[-83.80899,34.88321],[-83.80903,34.88309],[-83.80907,34.88297],[-83.8091,34.88284],[-83.80913,34.88272],[-83.80915,34.8826],[-83.80918,34.88247],[-83.80921,34.88234],[-83.80923,34.88222],[-83.80926,34.8821],[-83.80928,34.88198],[-83.80931,34.88185],[-83.80935,34.88173],[-83.80939,34.88161],[-83.80943,34.88149],[-83.80948,34.88137],[-83.80953,34.88125],[-83.80958,34.88113],[-83.80964,34.88101],[-83.8097,34.8809],[-83.80977,34.88078],[-83.80983,34.88067],[-83.8099,34.88056],[-83.80997,34.88044],[-83.81004,34.88033],[-83.81013,34.88023],[-83.81021,34.88012],[-83.8103,34.88001],[-83.81038,34.87991],[-83.81045,34.87979],[-83.8105,34.8797],[-83.81051,34.87968],[-83.81055,34.87959],[-83.81059,34.87944],[-83.81063,34.87932],[-83.81065,34.8792],[-83.81068,34.87908],[-83.8107,34.87895],[-83.81072,34.87883],[-83.81074,34.8787],[-83.81076,34.87858],[-83.81078,34.87845],[-83.81079,34.87833],[-83.81081,34.8782],[-83.81082,34.87807],[-83.81083,34.87795],[-83.81084,34.87782],[-83.81086,34.87769],[-83.81089,34.87744],[-83.8109,34.87732],[-83.81093,34.8771],[-83.81094,34.87697],[-83.81096,34.87685],[-83.81097,34.87672],[-83.81098,34.8766],[-83.81099,34.87647],[-83.811,34.87634],[-83.81101,34.87622],[-83.811,34.87609],[-83.811,34.87589],[-83.811,34.87569],[-83.8109,34.87549],[-83.811,34.87529],[-83.8109,34.87529],[-83.81105,34.87514],[-83.8111,34.87509],[-83.8113,34.87489],[-83.81132,34.87475],[-83.81139,34.87436],[-83.81119,34.87423],[-83.81126,34.87414],[-83.81129,34.8741],[-83.81132,34.87405],[-83.81139,34.87397],[-83.81146,34.87388],[-83.81153,34.8738],[-83.81157,34.87375],[-83.81158,34.87371],[-83.81167,34.87363],[-83.81173,34.87354],[-83.81178,34.87345],[-83.81182,34.87336],[-83.81184,34.87326],[-83.81184,34.87323],[-83.81184,34.87318],[-83.81181,34.87309],[-83.81177,34.87299],[-83.81173,34.87292],[-83.81168,34.87282],[-83.81162,34.8727],[-83.81158,34.8726],[-83.81157,34.87254],[-83.81157,34.87251],[-83.81158,34.87241],[-83.8116,34.87231],[-83.81163,34.87221],[-83.81165,34.87211],[-83.81167,34.87201],[-83.81168,34.87191],[-83.81166,34.87182],[-83.81164,34.87172],[-83.81161,34.87162],[-83.81157,34.87153],[-83.81155,34.87147],[-83.81152,34.87146],[-83.81152,34.87145],[-83.81151,34.87144],[-83.81149,34.87134],[-83.81145,34.87125],[-83.8114,34.87115],[-83.81126,34.87087],[-83.81116,34.87069],[-83.81111,34.8706],[-83.81101,34.87042],[-83.81095,34.87033],[-83.81089,34.87024],[-83.81078,34.87006],[-83.81068,34.86988],[-83.81063,34.86979],[-83.81059,34.8697],[-83.81056,34.8696],[-83.81049,34.86941],[-83.81044,34.86922],[-83.81039,34.86902],[-83.81035,34.86882],[-83.81031,34.86863],[-83.81028,34.86843],[-83.81024,34.86823],[-83.81021,34.86803],[-83.8102,34.86793],[-83.81019,34.86783],[-83.81018,34.86773],[-83.81017,34.86763],[-83.81016,34.86744],[-83.81015,34.86723],[-83.81014,34.86704],[-83.81012,34.86684],[-83.81011,34.86674],[-83.8101,34.86664],[-83.81009,34.86644],[-83.81008,34.86623],[-83.81008,34.86613],[-83.81007,34.86603],[-83.81006,34.86593],[-83.81004,34.86583],[-83.81002,34.86573],[-83.80999,34.86564],[-83.80996,34.86554],[-83.80992,34.86545],[-83.80987,34.86536],[-83.80982,34.86528],[-83.80976,34.86519],[-83.80969,34.86511],[-83.80962,34.86503],[-83.80955,34.86495],[-83.80948,34.86487],[-83.8094,34.86479],[-83.80932,34.8647],[-83.80925,34.86463],[-83.80917,34.86454],[-83.80903,34.86438],[-83.80896,34.8643],[-83.80889,34.86422],[-83.80883,34.86413],[-83.80878,34.86404],[-83.80873,34.86395],[-83.80869,34.86385],[-83.80867,34.86375],[-83.80866,34.86365],[-83.80866,34.86355],[-83.80867,34.86345],[-83.80868,34.86336],[-83.8087,34.86325],[-83.80871,34.86316],[-83.80873,34.86306],[-83.80875,34.86296],[-83.80877,34.86286],[-83.8088,34.86277],[-83.80885,34.86257],[-83.8089,34.86237],[-83.80893,34.86228],[-83.80899,34.86208],[-83.80902,34.86199],[-83.80906,34.86189],[-83.80915,34.8617],[-83.8092,34.86161],[-83.80925,34.86152],[-83.80929,34.86142],[-83.80932,34.86133],[-83.80935,34.86123],[-83.80938,34.86114],[-83.80939,34.86104],[-83.8094,34.86094],[-83.80939,34.86084],[-83.80938,34.86074],[-83.80936,34.86063],[-83.80933,34.86053],[-83.80929,34.86044],[-83.80925,34.86034],[-83.80919,34.86026],[-83.80913,34.86018],[-83.80906,34.8601],[-83.80899,34.86002],[-83.80892,34.85994],[-83.80884,34.85986],[-83.80876,34.85979],[-83.80868,34.85971],[-83.8086,34.85964],[-83.80852,34.85957],[-83.80843,34.85949],[-83.80835,34.85941],[-83.80826,34.85934],[-83.80818,34.85926],[-83.8081,34.85919],[-83.80803,34.85911],[-83.80795,34.85903],[-83.80788,34.85895],[-83.80781,34.85887],[-83.80774,34.85879],[-83.8076,34.85863],[-83.80746,34.85846],[-83.80739,34.85838],[-83.80732,34.8583],[-83.80719,34.85813],[-83.80706,34.85797],[-83.80693,34.8578],[-83.8068,34.85762],[-83.80669,34.85744],[-83.80657,34.85726],[-83.80645,34.85708],[-83.80633,34.85691],[-83.80626,34.85683],[-83.80619,34.85675],[-83.80612,34.85668],[-83.80604,34.8566],[-83.80595,34.85654],[-83.80586,34.85648],[-83.80575,34.85644],[-83.80564,34.85641],[-83.80552,34.85638],[-83.8054,34.85636],[-83.80528,34.85633],[-83.80515,34.85631],[-83.80503,34.85628],[-83.80492,34.85625],[-83.80481,34.8562],[-83.80471,34.85615],[-83.80461,34.85609],[-83.80452,34.85603],[-83.80443,34.85596],[-83.80435,34.85588],[-83.80427,34.85581],[-83.80419,34.85573],[-83.80412,34.85565],[-83.80404,34.85557],[-83.80397,34.85549],[-83.80391,34.85541],[-83.80384,34.85532],[-83.80371,34.85516],[-83.80364,34.85507],[-83.80352,34.8549],[-83.80345,34.85481],[-83.80333,34.85464],[-83.8032,34.85447],[-83.80307,34.8543],[-83.80301,34.85422],[-83.8029,34.85409],[-83.8028,34.85398],[-83.80273,34.85389],[-83.80265,34.85382],[-83.80257,34.85374],[-83.80249,34.85367],[-83.8024,34.8536],[-83.80231,34.85354],[-83.80222,34.85347],[-83.80213,34.8534],[-83.80204,34.85334],[-83.80194,34.85327],[-83.80185,34.85321],[-83.80176,34.85314],[-83.80166,34.85308],[-83.80155,34.85303],[-83.80144,34.85297],[-83.80134,34.85292],[-83.80125,34.85285],[-83.80117,34.85279],[-83.80111,34.8527],[-83.80107,34.85262],[-83.80103,34.85252],[-83.801,34.85243],[-83.80095,34.85223],[-83.80093,34.85213],[-83.80091,34.85202],[-83.8009,34.85193],[-83.80088,34.85182],[-83.80085,34.85163],[-83.80084,34.85153],[-83.80083,34.85143],[-83.80082,34.85133],[-83.80081,34.85113],[-83.80079,34.85093],[-83.80078,34.85073],[-83.80076,34.85052],[-83.80074,34.85043],[-83.80071,34.85033],[-83.80067,34.85024],[-83.80062,34.85015],[-83.80055,34.85007],[-83.80048,34.85],[-83.80039,34.84992],[-83.80031,34.84984],[-83.80023,34.84977],[-83.80014,34.84969],[-83.80006,34.84962],[-83.79988,34.84948],[-83.79979,34.84942],[-83.79971,34.84934],[-83.79962,34.84925],[-83.79957,34.84918],[-83.79951,34.8491],[-83.79946,34.849],[-83.79941,34.8489],[-83.79937,34.8488],[-83.79932,34.8487],[-83.79927,34.84861],[-83.79925,34.84857],[-83.79922,34.84853],[-83.79915,34.84845],[-83.79907,34.8484],[-83.79896,34.84837],[-83.79892,34.84837],[-83.79884,34.84838],[-83.79869,34.84839],[-83.79868,34.84838],[-83.79857,34.84836],[-83.79851,34.84835],[-83.79844,34.84835],[-83.79842,34.84835],[-83.79835,34.84833],[-83.79823,34.84827],[-83.79815,34.84821],[-83.79807,34.84814],[-83.79799,34.84806],[-83.79792,34.84798],[-83.79785,34.8479],[-83.79771,34.84773],[-83.79757,34.84756],[-83.79749,34.84745],[-83.79738,34.84736],[-83.7973,34.84728],[-83.79717,34.84718],[-83.79708,34.84711],[-83.79699,34.84704],[-83.7968,34.84692],[-83.7967,34.84686],[-83.7966,34.84681],[-83.79649,34.84676],[-83.79638,34.84672],[-83.79627,34.84668],[-83.79604,34.84662],[-83.7958,34.84656],[-83.79569,34.84654],[-83.79557,34.8465],[-83.79546,34.84647],[-83.79535,34.84643],[-83.79524,34.84639],[-83.79514,34.84633],[-83.79505,34.84627],[-83.79496,34.84621],[-83.79487,34.84614],[-83.79478,34.84607],[-83.7947,34.846],[-83.79461,34.84592],[-83.79453,34.84585],[-83.79445,34.84578],[-83.79428,34.84563],[-83.7941,34.8455],[-83.79392,34.84536],[-83.79375,34.84522],[-83.79357,34.84509],[-83.79338,34.84496],[-83.79319,34.84484],[-83.793,34.84472],[-83.79279,34.84461],[-83.79259,34.84451],[-83.79238,34.8444],[-83.79219,34.84431],[-83.79207,34.84424],[-83.79197,34.84419],[-83.79178,34.84406],[-83.7916,34.84393],[-83.79142,34.84377],[-83.79134,34.84369],[-83.79127,34.8436],[-83.79121,34.84351],[-83.79118,34.84343],[-83.79116,34.84334],[-83.79117,34.84325],[-83.79119,34.84315],[-83.79123,34.84306],[-83.79127,34.84296],[-83.79133,34.84286],[-83.79145,34.84267],[-83.79152,34.84259],[-83.79159,34.84251],[-83.79166,34.84243],[-83.79175,34.84236],[-83.79193,34.84223],[-83.79202,34.84216],[-83.79211,34.84209],[-83.79219,34.84202],[-83.79227,34.84194],[-83.79233,34.84185],[-83.79242,34.84166],[-83.79247,34.84157],[-83.79253,34.84148],[-83.7926,34.84141],[-83.79269,34.84135],[-83.7928,34.8413],[-83.79292,34.84126],[-83.79304,34.84122],[-83.79316,34.84117],[-83.79326,34.84112],[-83.79333,34.84105],[-83.79338,34.84097],[-83.79342,34.84088],[-83.79346,34.84079],[-83.79349,34.84069],[-83.79351,34.8406],[-83.79353,34.8405],[-83.79355,34.84039],[-83.79356,34.84029],[-83.7936,34.84009],[-83.79362,34.83999],[-83.79368,34.83979],[-83.79374,34.83959],[-83.79378,34.83949],[-83.79381,34.8394],[-83.79386,34.83931],[-83.79392,34.83922],[-83.79399,34.83915],[-83.79408,34.83909],[-83.79419,34.83904],[-83.79431,34.83899],[-83.79442,34.83894],[-83.79452,34.83889],[-83.7946,34.83882],[-83.79467,34.83874],[-83.79473,34.83865],[-83.79478,34.83856],[-83.79483,34.83847],[-83.79487,34.83837],[-83.7949,34.83827],[-83.79493,34.83818],[-83.79495,34.83808],[-83.79497,34.83798],[-83.79499,34.83788],[-83.795,34.83778],[-83.79502,34.83768],[-83.79503,34.83759],[-83.79503,34.83755],[-83.79504,34.83749],[-83.79505,34.83738],[-83.79506,34.83729],[-83.79508,34.83719],[-83.79509,34.83709],[-83.79511,34.83699],[-83.79513,34.83689],[-83.79515,34.83679],[-83.79517,34.8367],[-83.7952,34.8366],[-83.79523,34.8365],[-83.79527,34.83641],[-83.7953,34.83631],[-83.79537,34.83612],[-83.79544,34.83593],[-83.7955,34.83574],[-83.79553,34.83564],[-83.79558,34.83544],[-83.79564,34.83525],[-83.79574,34.83489],[-83.79571,34.83479],[-83.79563,34.8346],[-83.79555,34.83441],[-83.79548,34.83422],[-83.79542,34.83403],[-83.7954,34.83393],[-83.79537,34.83374],[-83.79536,34.83364],[-83.79535,34.83354],[-83.79534,34.83344],[-83.79533,34.83324],[-83.79532,34.83304],[-83.79532,34.83284],[-83.79531,34.83254],[-83.79531,34.83244],[-83.7953,34.83224],[-83.79528,34.83204],[-83.79527,34.83184],[-83.79525,34.83163],[-83.79525,34.83154],[-83.79525,34.83143],[-83.79525,34.83133],[-83.79525,34.83124],[-83.79526,34.83117],[-83.79526,34.83114],[-83.79527,34.83104],[-83.79529,34.83094],[-83.7953,34.8309],[-83.7953,34.83085],[-83.79532,34.8308],[-83.79532,34.83075],[-83.79538,34.83066],[-83.79547,34.83047],[-83.79551,34.83038],[-83.79556,34.83028],[-83.7956,34.83019],[-83.79565,34.8301],[-83.79569,34.83],[-83.79573,34.82991],[-83.79577,34.82982],[-83.7958,34.82972],[-83.79588,34.82953],[-83.79595,34.82933],[-83.79603,34.82914],[-83.7961,34.82895],[-83.79617,34.82876],[-83.7962,34.82866],[-83.79623,34.82857],[-83.79626,34.82847],[-83.79625,34.82835],[-83.79633,34.82827],[-83.79633,34.82817],[-83.79634,34.82806],[-83.79636,34.82798],[-83.79638,34.82786],[-83.7964,34.82779],[-83.79639,34.82774],[-83.79639,34.82769],[-83.7964,34.82763],[-83.79638,34.82759],[-83.79639,34.82753],[-83.79637,34.8275],[-83.7964,34.82738],[-83.79637,34.82726],[-83.79638,34.82718],[-83.79638,34.82713],[-83.79637,34.82707],[-83.79636,34.82697],[-83.79634,34.82687],[-83.79632,34.82678],[-83.79629,34.82668],[-83.79626,34.82658],[-83.79623,34.82649],[-83.79619,34.8264],[-83.79615,34.82631],[-83.7961,34.82622],[-83.79604,34.82613],[-83.79597,34.82605],[-83.79591,34.82597],[-83.79583,34.82589],[-83.79576,34.82581],[-83.79568,34.82573],[-83.7956,34.82565],[-83.79552,34.82557],[-83.79544,34.82549],[-83.79536,34.82541],[-83.79529,34.82533],[-83.79514,34.82517],[-83.795,34.825],[-83.79485,34.82484],[-83.79477,34.82476],[-83.79469,34.82469],[-83.7946,34.82463],[-83.7945,34.82458],[-83.79439,34.82454],[-83.79428,34.82451],[-83.79417,34.82447],[-83.79405,34.82444],[-83.79393,34.82441],[-83.79381,34.82439],[-83.79369,34.82437],[-83.79353,34.82435],[-83.79344,34.82434],[-83.79332,34.82433],[-83.7932,34.82432],[-83.79296,34.82432],[-83.79284,34.82433],[-83.79272,34.82434],[-83.7926,34.82436],[-83.79248,34.82438],[-83.79237,34.82441],[-83.79225,34.82444],[-83.79211,34.82448],[-83.79201,34.8245],[-83.79189,34.82453],[-83.79178,34.82456],[-83.79166,34.82458],[-83.79154,34.8246],[-83.79142,34.8246],[-83.79132,34.8246],[-83.79127,34.8246],[-83.79118,34.8246],[-83.79111,34.8246],[-83.79106,34.82459],[-83.79094,34.82458],[-83.79082,34.82456],[-83.7907,34.82454],[-83.79058,34.82452],[-83.79046,34.82449],[-83.79034,34.82446],[-83.79023,34.82443],[-83.79012,34.82439],[-83.79004,34.82436],[-83.79001,34.82435],[-83.7899,34.82431],[-83.7898,34.82426],[-83.78969,34.82421],[-83.78959,34.82416],[-83.78949,34.8241],[-83.78939,34.82405],[-83.78929,34.82399],[-83.78919,34.82393],[-83.7891,34.82387],[-83.789,34.8238],[-83.78881,34.82367],[-83.78862,34.82355],[-83.78844,34.82342],[-83.78826,34.82329],[-83.78817,34.82322],[-83.78809,34.82316],[-83.78649,34.82136],[-83.78645,34.82129],[-83.7864,34.8212],[-83.78635,34.82103],[-83.78634,34.821],[-83.78624,34.82092],[-83.78615,34.82086],[-83.78611,34.82075],[-83.78605,34.82067],[-83.78599,34.82058],[-83.78593,34.8205],[-83.78586,34.82041],[-83.78579,34.82033],[-83.78572,34.82026],[-83.78565,34.82018],[-83.78557,34.82011],[-83.78549,34.82004],[-83.7854,34.81997],[-83.78531,34.81991],[-83.78521,34.81986],[-83.78514,34.81983],[-83.78482,34.81947],[-83.7841,34.81939],[-83.7828,34.81919],[-83.7822,34.81899],[-83.7815,34.81889],[-83.7811,34.81869],[-83.7808,34.81849],[-83.7806,34.81839],[-83.78058,34.81469],[-83.78044,34.81453],[-83.78039,34.80197],[-83.78035,34.79291],[-83.77907,34.79319],[-83.77787,34.79346],[-83.77059,34.7951],[-83.77057,34.7951],[-83.76025,34.79742],[-83.75932,34.79764],[-83.7571,34.79813],[-83.75613,34.79835],[-83.74965,34.79981],[-83.74951,34.79984],[-83.74936,34.79987],[-83.74922,34.79991],[-83.74908,34.79994],[-83.74893,34.79998],[-83.74879,34.80002],[-83.7485,34.80009],[-83.74836,34.80012],[-83.74821,34.80016],[-83.74807,34.80019],[-83.74792,34.80023],[-83.74778,34.80027],[-83.74764,34.8003],[-83.74749,34.80034],[-83.74735,34.80038],[-83.7472,34.80041],[-83.74706,34.80045],[-83.74692,34.80048],[-83.74677,34.80052],[-83.74663,34.80055],[-83.74648,34.80059],[-83.74634,34.80063],[-83.7462,34.80066],[-83.74605,34.8007],[-83.74591,34.80073],[-83.74576,34.80077],[-83.74562,34.8008],[-83.74548,34.80084],[-83.74533,34.80087],[-83.74519,34.8009],[-83.74505,34.80094],[-83.7449,34.80097],[-83.74476,34.801],[-83.74461,34.80104],[-83.74447,34.80107],[-83.74433,34.8011],[-83.74418,34.80113],[-83.74404,34.80116],[-83.7439,34.80119],[-83.74375,34.80122],[-83.74361,34.80125],[-83.74347,34.80128],[-83.74332,34.8013],[-83.74318,34.80133],[-83.74306,34.80135],[-83.74304,34.80136],[-83.74289,34.80138],[-83.74275,34.80141],[-83.74261,34.80143],[-83.74247,34.8014],[-83.74233,34.80135],[-83.7422,34.80129],[-83.74206,34.80121],[-83.74193,34.80115],[-83.74152,34.80098],[-83.74125,34.80088],[-83.74111,34.80083],[-83.74083,34.80075],[-83.74055,34.80068],[-83.74011,34.80058],[-83.73968,34.80049],[-83.73924,34.8004],[-83.73896,34.80034],[-83.73866,34.80027],[-83.73837,34.80021],[-83.73822,34.80018],[-83.73815,34.80017],[-83.73803,34.80015],[-83.73787,34.80014],[-83.73782,34.80014],[-83.73773,34.80014],[-83.73764,34.80014],[-83.73749,34.80017],[-83.73735,34.80023],[-83.7372,34.80028],[-83.73706,34.80033],[-83.73692,34.80036],[-83.73678,34.80036],[-83.73664,34.80033],[-83.73651,34.80029],[-83.73637,34.80024],[-83.73624,34.80019],[-83.73611,34.80014],[-83.73597,34.80007],[-83.73584,34.80001],[-83.73571,34.79995],[-83.73544,34.79982],[-83.73531,34.79976],[-83.73518,34.7997],[-83.73504,34.79964],[-83.7349,34.79959],[-83.73477,34.79955],[-83.73463,34.7995],[-83.73434,34.79942],[-83.7342,34.79939],[-83.73391,34.79933],[-83.73376,34.7993],[-83.73361,34.79928],[-83.73347,34.79925],[-83.73332,34.79923],[-83.73317,34.79922],[-83.73303,34.79921],[-83.73288,34.79922],[-83.73272,34.79923],[-83.73257,34.79925],[-83.73242,34.79926],[-83.73227,34.79928],[-83.73212,34.79929],[-83.73197,34.79928],[-83.73183,34.79927],[-83.7317,34.79923],[-83.73157,34.79917],[-83.73132,34.79902],[-83.73119,34.79895],[-83.73106,34.79889],[-83.73092,34.79886],[-83.73078,34.79882],[-83.73063,34.79879],[-83.73049,34.79875],[-83.73034,34.79872],[-83.7302,34.79869],[-83.73005,34.79866],[-83.72976,34.7986],[-83.72947,34.79855],[-83.72903,34.79847],[-83.72874,34.79842],[-83.72844,34.79837],[-83.72815,34.79833],[-83.72786,34.79829],[-83.72756,34.79825],[-83.72741,34.79824],[-83.72726,34.79823],[-83.72697,34.79822],[-83.72667,34.79822],[-83.72652,34.79822],[-83.72637,34.79822],[-83.72622,34.79822],[-83.72592,34.79821],[-83.72562,34.7982],[-83.72532,34.7982],[-83.72502,34.79819],[-83.72486,34.79819],[-83.72457,34.79817],[-83.72442,34.79815],[-83.72427,34.79813],[-83.72412,34.79811],[-83.72385,34.79803],[-83.72357,34.79795],[-83.72329,34.79785],[-83.72301,34.79775],[-83.72273,34.79764],[-83.7226,34.79758],[-83.72247,34.79752],[-83.72234,34.79746],[-83.72221,34.79739],[-83.72209,34.79733],[-83.72196,34.79726],[-83.72185,34.79719],[-83.72173,34.79711],[-83.72164,34.79702],[-83.72156,34.79691],[-83.72149,34.7968],[-83.72143,34.79668],[-83.72137,34.79656],[-83.7213,34.79644],[-83.72123,34.79633],[-83.72114,34.79623],[-83.72104,34.79616],[-83.72092,34.79609],[-83.72079,34.79604],[-83.72066,34.79598],[-83.72052,34.79594],[-83.72038,34.7959],[-83.72024,34.79587],[-83.72009,34.79584],[-83.71994,34.79581],[-83.71979,34.79578],[-83.71964,34.79574],[-83.71949,34.79571],[-83.71935,34.79567],[-83.71921,34.79562],[-83.71907,34.79557],[-83.71894,34.79552],[-83.71867,34.79541],[-83.7184,34.7953],[-83.71813,34.79519],[-83.71787,34.79508],[-83.71761,34.79496],[-83.71735,34.79484],[-83.71709,34.79471],[-83.71683,34.79458],[-83.71658,34.79445],[-83.7162,34.79425],[-83.71608,34.79418],[-83.71595,34.79412],[-83.71571,34.79398],[-83.71547,34.79383],[-83.71523,34.79368],[-83.71499,34.79353],[-83.71476,34.79337],[-83.71465,34.79329],[-83.71453,34.79321],[-83.71431,34.79304],[-83.7142,34.79295],[-83.7141,34.79287],[-83.714,34.79278],[-83.71389,34.79269],[-83.7138,34.79259],[-83.71361,34.7924],[-83.71351,34.79231],[-83.71334,34.79211],[-83.71318,34.7919],[-83.71302,34.79169],[-83.71287,34.79148],[-83.7128,34.79137],[-83.71256,34.79105],[-83.71227,34.79103],[-83.71212,34.79102],[-83.71197,34.79101],[-83.71182,34.791],[-83.71167,34.791],[-83.71152,34.791],[-83.71137,34.79101],[-83.71123,34.79103],[-83.71108,34.79105],[-83.71079,34.7911],[-83.7105,34.79115],[-83.71021,34.79121],[-83.70992,34.79127],[-83.70963,34.79134],[-83.70934,34.79141],[-83.7092,34.79144],[-83.70892,34.79153],[-83.70863,34.79162],[-83.70835,34.79171],[-83.70807,34.79179],[-83.70793,34.79184],[-83.70779,34.79187],[-83.70765,34.7919],[-83.7075,34.79192],[-83.70736,34.79194],[-83.70721,34.79196],[-83.70706,34.79196],[-83.70691,34.79197],[-83.70676,34.79197],[-83.70661,34.79196],[-83.70646,34.79196],[-83.70631,34.79195],[-83.70616,34.79194],[-83.70601,34.79192],[-83.70586,34.79191],[-83.70572,34.79189],[-83.70557,34.79186],[-83.70542,34.79183],[-83.70528,34.79179],[-83.70514,34.79175],[-83.705,34.7917],[-83.70486,34.79165],[-83.70473,34.7916],[-83.70459,34.79152],[-83.70446,34.79142],[-83.70434,34.79133],[-83.70422,34.79126],[-83.7041,34.79125],[-83.70399,34.7913],[-83.70388,34.79136],[-83.70377,34.79143],[-83.70367,34.79152],[-83.70356,34.79161],[-83.70346,34.79171],[-83.70335,34.79182],[-83.70324,34.79192],[-83.70313,34.79201],[-83.70302,34.7921],[-83.70291,34.79218],[-83.70279,34.79225],[-83.70266,34.79232],[-83.70253,34.79239],[-83.7024,34.79245],[-83.70227,34.79251],[-83.70213,34.79256],[-83.702,34.79261],[-83.70186,34.79266],[-83.70172,34.7927],[-83.70158,34.79275],[-83.70145,34.79278],[-83.7013,34.79283],[-83.70101,34.7929],[-83.70073,34.79297],[-83.70044,34.79304],[-83.70015,34.7931],[-83.70001,34.79313],[-83.69972,34.7932],[-83.69943,34.79328],[-83.69914,34.79335],[-83.699,34.79339],[-83.69886,34.79342],[-83.69871,34.79345],[-83.69856,34.79347],[-83.69842,34.79349],[-83.69827,34.79351],[-83.69813,34.79351],[-83.69798,34.7935],[-83.69783,34.79348],[-83.69768,34.79346],[-83.69753,34.79344],[-83.69738,34.79343],[-83.69723,34.79342],[-83.69708,34.79341],[-83.69692,34.7934],[-83.69676,34.7934],[-83.6966,34.7934],[-83.69645,34.79341],[-83.69632,34.79345],[-83.69621,34.79351],[-83.6961,34.79358],[-83.696,34.79367],[-83.69592,34.79377],[-83.69583,34.79387],[-83.69567,34.79409],[-83.69551,34.79431],[-83.69542,34.79442],[-83.69526,34.79463],[-83.69509,34.79483],[-83.69493,34.79504],[-83.69476,34.79525],[-83.69459,34.79545],[-83.69442,34.79565],[-83.69424,34.79585],[-83.69406,34.79605],[-83.69388,34.79624],[-83.6937,34.79644],[-83.69361,34.79654],[-83.69344,34.79674],[-83.69326,34.79694],[-83.69311,34.79715],[-83.69303,34.79726],[-83.69296,34.79737],[-83.69288,34.79748],[-83.69281,34.79758],[-83.69272,34.79768],[-83.69263,34.79779],[-83.69255,34.79789],[-83.69238,34.79809],[-83.6922,34.79829],[-83.69202,34.79849],[-83.69183,34.79868],[-83.69177,34.79873],[-83.69153,34.79888],[-83.69102,34.79927],[-83.69091,34.79934],[-83.69074,34.79948],[-83.69067,34.79949],[-83.6906,34.79949],[-83.69045,34.79949],[-83.6903,34.79948],[-83.68998,34.79943],[-83.68968,34.79939],[-83.68953,34.79938],[-83.68938,34.79938],[-83.68923,34.79939],[-83.68909,34.79941],[-83.68894,34.79944],[-83.6888,34.79947],[-83.68852,34.79957],[-83.68825,34.79969],[-83.68812,34.79975],[-83.68799,34.79981],[-83.68787,34.79988],[-83.68763,34.80003],[-83.6874,34.80019],[-83.68718,34.80035],[-83.68695,34.80052],[-83.68672,34.80067],[-83.6866,34.80075],[-83.68648,34.80083],[-83.68636,34.8009],[-83.68624,34.80098],[-83.68612,34.80104],[-83.68599,34.80111],[-83.68586,34.80117],[-83.68572,34.80122],[-83.68559,34.80127],[-83.68544,34.80131],[-83.6853,34.80136],[-83.68516,34.8014],[-83.68501,34.80144],[-83.68486,34.80147],[-83.68471,34.80149],[-83.68456,34.80151],[-83.68442,34.80152],[-83.68427,34.80152],[-83.68413,34.8015],[-83.68399,34.80148],[-83.68385,34.80145],[-83.68371,34.80141],[-83.68357,34.80137],[-83.68329,34.80127],[-83.68301,34.80116],[-83.68273,34.80106],[-83.68259,34.80101],[-83.68231,34.80093],[-83.68216,34.80087],[-83.68201,34.80083],[-83.68196,34.80083],[-83.68187,34.80081],[-83.68174,34.80082],[-83.68161,34.80087],[-83.6816,34.80088],[-83.6815,34.80096],[-83.68139,34.80106],[-83.68128,34.80114],[-83.68116,34.80122],[-83.68105,34.8013],[-83.68093,34.80138],[-83.6807,34.80153],[-83.68047,34.80169],[-83.68023,34.80184],[-83.68,34.802],[-83.67978,34.80216],[-83.67955,34.80232],[-83.67933,34.80249],[-83.67911,34.80266],[-83.67889,34.80283],[-83.67868,34.803],[-83.67846,34.80316],[-83.67823,34.80333],[-83.67801,34.80349],[-83.67778,34.80365],[-83.67755,34.80382],[-83.67732,34.80398],[-83.67708,34.80412],[-83.67696,34.80419],[-83.67683,34.80426],[-83.6767,34.80431],[-83.67657,34.80436],[-83.67643,34.80441],[-83.67629,34.80445],[-83.67614,34.80449],[-83.67584,34.80455],[-83.67556,34.80459],[-83.67541,34.80461],[-83.67511,34.80464],[-83.67496,34.80465],[-83.67481,34.80466],[-83.67466,34.80467],[-83.67452,34.80469],[-83.67437,34.80471],[-83.67423,34.80473],[-83.67408,34.80476],[-83.67394,34.8048],[-83.67379,34.80483],[-83.67351,34.80491],[-83.67337,34.80495],[-83.67308,34.80503],[-83.67294,34.80507],[-83.6728,34.80511],[-83.67266,34.80515],[-83.67252,34.80519],[-83.67238,34.80523],[-83.67209,34.8053],[-83.6718,34.80537],[-83.67152,34.80544],[-83.67123,34.8055],[-83.67094,34.80556],[-83.67065,34.80563],[-83.67036,34.80569],[-83.67008,34.80576],[-83.66979,34.80584],[-83.66951,34.80591],[-83.66937,34.80595],[-83.66923,34.80599],[-83.66894,34.80607],[-83.66866,34.80615],[-83.66838,34.80623],[-83.66809,34.80632],[-83.66782,34.8064],[-83.66768,34.80645],[-83.66754,34.80649],[-83.6674,34.80654],[-83.66714,34.80666],[-83.66688,34.80678],[-83.66674,34.80684],[-83.66661,34.8069],[-83.66648,34.80697],[-83.66637,34.80705],[-83.66626,34.80713],[-83.66616,34.80722],[-83.66607,34.80731],[-83.66598,34.80741],[-83.66589,34.80751],[-83.6658,34.80761],[-83.66571,34.80771],[-83.66563,34.80782],[-83.66555,34.80792],[-83.66547,34.80803],[-83.66539,34.80813],[-83.66531,34.80824],[-83.66523,34.80834],[-83.66516,34.80845],[-83.66509,34.80856],[-83.66502,34.80867],[-83.66496,34.80878],[-83.66483,34.80901],[-83.66471,34.80924],[-83.66458,34.80946],[-83.66452,34.80957],[-83.66445,34.80968],[-83.66439,34.8098],[-83.66432,34.80991],[-83.66425,34.81002],[-83.66417,34.81012],[-83.66409,34.81022],[-83.66401,34.81033],[-83.66392,34.81043],[-83.66383,34.81053],[-83.66374,34.81063],[-83.66364,34.81072],[-83.66354,34.81082],[-83.66343,34.8109],[-83.66333,34.81099],[-83.66321,34.81106],[-83.66308,34.81112],[-83.66295,34.81118],[-83.66268,34.81129],[-83.66241,34.8114],[-83.66214,34.81151],[-83.66187,34.81162],[-83.6616,34.81173],[-83.66133,34.81183],[-83.66106,34.81194],[-83.66079,34.81204],[-83.66065,34.81209],[-83.66052,34.81214],[-83.66038,34.8122],[-83.66024,34.81225],[-83.66011,34.8123],[-83.65998,34.81236],[-83.65985,34.81242],[-83.65972,34.81248],[-83.6596,34.81255],[-83.65947,34.81262],[-83.65935,34.81269],[-83.65923,34.81277],[-83.65912,34.81285],[-83.659,34.81293],[-83.65889,34.81301],[-83.65879,34.8131],[-83.65869,34.81319],[-83.6586,34.81329],[-83.6585,34.81339],[-83.65841,34.81348],[-83.65832,34.81359],[-83.65823,34.81368],[-83.65805,34.81388],[-83.65787,34.81409],[-83.65779,34.81419],[-83.65772,34.8143],[-83.65765,34.81441],[-83.6576,34.81452],[-83.65755,34.81463],[-83.6575,34.81476],[-83.65746,34.81487],[-83.65742,34.81499],[-83.65734,34.81523],[-83.65728,34.81548],[-83.65722,34.81572],[-83.65719,34.81584],[-83.65716,34.81596],[-83.65714,34.81608],[-83.65712,34.81621],[-83.6571,34.81633],[-83.65708,34.81645],[-83.65706,34.81658],[-83.65704,34.8167],[-83.65702,34.81682],[-83.65699,34.81694],[-83.65695,34.81706],[-83.65692,34.81718],[-83.65688,34.8173],[-83.65685,34.81742],[-83.65681,34.81754],[-83.65676,34.81766],[-83.65672,34.81778],[-83.65667,34.8179],[-83.65662,34.81801],[-83.65656,34.81813],[-83.6565,34.81824],[-83.65644,34.81835],[-83.65637,34.81846],[-83.6563,34.81858],[-83.65623,34.81869],[-83.65616,34.81879],[-83.65608,34.8189],[-83.656,34.81901],[-83.65592,34.81911],[-83.65583,34.81921],[-83.65574,34.81931],[-83.65565,34.8194],[-83.65555,34.81949],[-83.65544,34.81958],[-83.65533,34.81966],[-83.65511,34.81983],[-83.65489,34.82],[-83.65467,34.82017],[-83.65444,34.82031],[-83.6542,34.82046],[-83.65396,34.82061],[-83.65373,34.82076],[-83.65361,34.82084],[-83.65349,34.82092],[-83.65338,34.821],[-83.65327,34.82108],[-83.65316,34.82117],[-83.65306,34.82126],[-83.65296,34.82135],[-83.65286,34.82145],[-83.65276,34.82154],[-83.65267,34.82165],[-83.65259,34.82175],[-83.65251,34.82186],[-83.65244,34.82197],[-83.65239,34.82208],[-83.65234,34.82219],[-83.65229,34.82232],[-83.65226,34.82246],[-83.65224,34.82259],[-83.65224,34.82268],[-83.65222,34.82273],[-83.65219,34.82288],[-83.65219,34.82299],[-83.65227,34.82304],[-83.65304,34.8235],[-83.65373,34.82392],[-83.6539,34.82403],[-83.65395,34.82407],[-83.65417,34.82422],[-83.65439,34.82437],[-83.65461,34.82452],[-83.65483,34.82467],[-83.65505,34.82483],[-83.65516,34.8249],[-83.65527,34.82498],[-83.65555,34.82514],[-83.65591,34.82526],[-83.65623,34.82536],[-83.65645,34.82551],[-83.65659,34.82589],[-83.6568,34.82673],[-83.65697,34.82701],[-83.65716,34.82733],[-83.6578,34.82776],[-83.65863,34.82937],[-83.65909,34.83028],[-83.65886,34.83059],[-83.65853,34.83091],[-83.65822,34.83125],[-83.65815,34.83137],[-83.65814,34.8314],[-83.65812,34.83151],[-83.65812,34.83167],[-83.6584,34.83207],[-83.65858,34.83232],[-83.65881,34.83276],[-83.65913,34.83339],[-83.65929,34.83404],[-83.65927,34.83591],[-83.6593,34.83638],[-83.65928,34.83693],[-83.65924,34.83766],[-83.65921,34.83773],[-83.65924,34.83837],[-83.65932,34.83892],[-83.65948,34.83979],[-83.65958,34.84039],[-83.6596,34.84048],[-83.65961,34.84051],[-83.65968,34.84067],[-83.66022,34.84143],[-83.66056,34.84174],[-83.6607,34.84211],[-83.66078,34.84267],[-83.66082,34.84285],[-83.66111,34.84311],[-83.66121,34.84352],[-83.6613,34.84376],[-83.66119,34.84451],[-83.66119,34.84489],[-83.66122,34.84538],[-83.66132,34.846],[-83.6615,34.84682],[-83.66158,34.84716],[-83.66161,34.84742],[-83.66167,34.84816],[-83.66156,34.8486],[-83.66137,34.84901],[-83.66119,34.84943],[-83.66116,34.84953],[-83.66112,34.84962],[-83.66111,34.84964],[-83.66087,34.85025],[-83.66076,34.85067],[-83.66065,34.85103],[-83.66059,34.85132],[-83.66059,34.85134],[-83.66058,34.85137],[-83.66058,34.85139],[-83.66057,34.85142],[-83.66057,34.85145],[-83.66057,34.85148],[-83.66057,34.8515],[-83.66056,34.85155],[-83.66053,34.8519],[-83.66042,34.85298],[-83.66042,34.853],[-83.66036,34.85363],[-83.66021,34.85465],[-83.66017,34.85489],[-83.66016,34.85495],[-83.66012,34.85519],[-83.65971,34.85542],[-83.65839,34.85621],[-83.65819,34.85654],[-83.65818,34.85658],[-83.65805,34.85732],[-83.65799,34.85808],[-83.65794,34.85856],[-83.65792,34.8588],[-83.65788,34.85918],[-83.65756,34.85955],[-83.65643,34.8605],[-83.65683,34.86148],[-83.65695,34.862],[-83.65673,34.86239],[-83.6567,34.86245],[-83.65664,34.86257],[-83.65658,34.86268],[-83.65652,34.8628],[-83.65645,34.86291],[-83.65639,34.86302],[-83.65631,34.86313],[-83.65624,34.86324],[-83.65616,34.86334],[-83.65608,34.86345],[-83.65601,34.86356],[-83.65593,34.86366],[-83.65585,34.86377],[-83.65577,34.86388],[-83.6557,34.86398],[-83.65564,34.8641],[-83.65558,34.86421],[-83.65553,34.86432],[-83.65548,34.86444],[-83.65543,34.86456],[-83.65538,34.86468],[-83.65532,34.86479],[-83.65526,34.8649],[-83.65519,34.86502],[-83.65512,34.86513],[-83.65505,34.86524],[-83.65499,34.86535],[-83.65494,34.86547],[-83.65492,34.86559],[-83.6549,34.86571],[-83.65491,34.86584],[-83.65492,34.86597],[-83.65495,34.8661],[-83.655,34.86621],[-83.65507,34.86632],[-83.65516,34.86641],[-83.65528,34.86648],[-83.65542,34.86654],[-83.65556,34.86661],[-83.6557,34.86667],[-83.65582,34.86674],[-83.65592,34.86683],[-83.65599,34.86693],[-83.65605,34.86704],[-83.65609,34.86716],[-83.65613,34.86728],[-83.65617,34.8674],[-83.65619,34.86753],[-83.65621,34.86766],[-83.65622,34.86779],[-83.65623,34.86791],[-83.65624,34.86803],[-83.65623,34.86816],[-83.65622,34.86828],[-83.6562,34.8684],[-83.65617,34.86852],[-83.65614,34.86864],[-83.65611,34.86877],[-83.65608,34.86889],[-83.65606,34.86901],[-83.65604,34.86914],[-83.65603,34.86926],[-83.65601,34.86938],[-83.656,34.86951],[-83.65598,34.86963],[-83.65597,34.86976],[-83.65597,34.86988],[-83.65596,34.87],[-83.65596,34.87011],[-83.65597,34.87025],[-83.65598,34.87037],[-83.656,34.87049],[-83.65605,34.87074],[-83.6561,34.87098],[-83.65615,34.87123],[-83.6562,34.87147],[-83.65622,34.8716],[-83.65624,34.87172],[-83.65625,34.87184],[-83.65626,34.87196],[-83.65627,34.87209],[-83.65627,34.87221],[-83.65627,34.87234],[-83.65627,34.87247],[-83.65627,34.87259],[-83.65626,34.87272],[-83.65624,34.87283],[-83.65619,34.87295],[-83.65612,34.87305],[-83.65603,34.87315],[-83.65593,34.87325],[-83.65583,34.87334],[-83.65563,34.87353],[-83.65553,34.87363],[-83.65533,34.87382],[-83.65524,34.87391],[-83.65514,34.87401],[-83.65506,34.87411],[-83.65498,34.87421],[-83.65492,34.87432],[-83.65486,34.87444],[-83.6548,34.87455],[-83.65475,34.87467],[-83.65471,34.87479],[-83.65466,34.87491],[-83.65462,34.87503],[-83.65459,34.87514],[-83.65457,34.87527],[-83.65454,34.87539],[-83.65468,34.87604],[-83.65475,34.87639],[-83.65474,34.87644],[-83.65474,34.87649],[-83.65474,34.87654],[-83.65475,34.8766],[-83.65475,34.87664],[-83.65477,34.87669],[-83.65479,34.87674],[-83.65481,34.87678],[-83.65484,34.87682],[-83.65488,34.87686],[-83.65492,34.8769],[-83.65496,34.87693],[-83.65501,34.87697],[-83.65506,34.877],[-83.6551,34.87703],[-83.65515,34.87706],[-83.6552,34.8771],[-83.65526,34.87713],[-83.65531,34.87716],[-83.65536,34.8772],[-83.6554,34.87723],[-83.65545,34.87727],[-83.65549,34.8773],[-83.65553,34.87734],[-83.65556,34.87738],[-83.65559,34.87743],[-83.65562,34.87747],[-83.65565,34.87752],[-83.65567,34.87757],[-83.65569,34.87762],[-83.65573,34.87772],[-83.65577,34.87782],[-83.65583,34.87791],[-83.65586,34.87795],[-83.6559,34.87799],[-83.65594,34.87802],[-83.65598,34.87806],[-83.65603,34.87809],[-83.65608,34.87811],[-83.65613,34.87814],[-83.65618,34.87817],[-83.65624,34.87819],[-83.65629,34.87821],[-83.65635,34.87824],[-83.65646,34.87829],[-83.65658,34.87833],[-83.65669,34.87838],[-83.65669,34.87855],[-83.65667,34.8786]]]}}]}